PatientID,Model,QuestionType,QuestionIndex,Verdict
25,Anonymized_gpt-3.5-turbo,PQ,5,False
25,Anonymized_gpt-3.5-turbo,PQ,7,True
25,Anonymized_gpt-3.5-turbo,PQ,2,False
25,Anonymized_gpt-3.5-turbo,PQ,4,False
25,Anonymized_gpt-3.5-turbo,PQ,6,False
25,Anonymized_gpt-3.5-turbo,PQ,3,False
25,Anonymized_gpt-3.5-turbo,CQ,7,True
25,Anonymized_gpt-3.5-turbo,PQ,1,False
25,Anonymized_gpt-3.5-turbo,PQ,8,False
25,Anonymized_gpt-3.5-turbo,CQ,2,False
25,Anonymized_gpt-3.5-turbo,PQ,9,False
25,Anonymized_gpt-3.5-turbo,CQ,8,False
25,Anonymized_gpt-4o,PQ,1,False
25,Anonymized_gpt-3.5-turbo,CQ,3,False
25,Anonymized_gpt-3.5-turbo,CQ,10,False
25,Anonymized_gpt-4o,PQ,3,False
25,Anonymized_gpt-4o,PQ,5,False
25,Anonymized_gpt-4o,PQ,4,False
25,Anonymized_gpt-4o,CQ,4,False
25,Anonymized_gpt-4o,PQ,6,False
25,Anonymized_gpt-3.5-turbo,PQ,10,False
25,Anonymized_gpt-4o,CQ,1,False
25,Anonymized_gpt-4o,CQ,6,False
25,Anonymized_gpt-3.5-turbo,CQ,4,False
25,Anonymized_gpt-4o,PQ,8,False
25,Anonymized_gpt-4o,PQ,10,False
25,Anonymized_gpt-4o,CQ,3,False
25,Anonymized_gpt-4o,PQ,9,False
25,Anonymized_gpt-4o,CQ,9,False
25,Anonymized_gpt-4o,PQ,7,True
25,Anonymized_NER,CQ,2,False
25,Anonymized_gpt-4o,CQ,2,False
25,Anonymized_NER,PQ,4,False
25,Anonymized_gpt-3.5-turbo,CQ,5,False
25,Anonymized_gpt-4o,CQ,8,False
25,Anonymized_NER,CQ,3,False
25,Anonymized_gpt-4o,CQ,10,False
25,Anonymized_NER,CQ,5,False
25,Anonymized_gpt-4o,PQ,2,False
25,Anonymized_NER,CQ,6,False
25,Anonymized_gpt-4o,CQ,5,False
25,Anonymized_NER,PQ,3,False
25,Anonymized_gpt-3.5-turbo,CQ,9,False
25,Anonymized_NER,PQ,6,False
25,Anonymized_NER,PQ,9,True
25,Anonymized_NER,CQ,4,False
25,Anonymized_DeepSeek-V4-Pro,PQ,2,False
25,Anonymized_DeepSeek-V4-Pro,PQ,3,False
25,Anonymized_NER,PQ,1,False
25,Anonymized_NER,CQ,9,False
25,Anonymized_NER,PQ,2,False
25,Anonymized_DeepSeek-V4-Pro,CQ,2,False
25,Anonymized_DeepSeek-V4-Pro,PQ,4,False
25,Anonymized_DeepSeek-V4-Pro,PQ,1,False
25,Anonymized_DeepSeek-V4-Pro,CQ,1,False
25,Anonymized_gpt-3.5-turbo,CQ,6,False
25,Anonymized_DeepSeek-V4-Pro,PQ,7,True
25,Anonymized_DeepSeek-V4-Pro,PQ,6,False
25,Anonymized_NER,PQ,8,False
25,Anonymized_DeepSeek-V4-Pro,CQ,6,False
25,Anonymized_NER,CQ,7,True
25,Anonymized_DeepSeek-V4-Pro,CQ,5,False
25,Anonymized_NER,PQ,5,False
25,Anonymized_DeepSeek-V4-Pro,CQ,8,False
25,Anonymized_DeepSeek-V4-Pro,CQ,4,False
25,Anonymized_DeepSeek-V4-Pro,CQ,10,False
25,Anonymized_NER,CQ,10,False
25,Anonymized_DeepSeek-V4-Pro,CQ,3,False
25,Anonymized_gpt-4o,CQ,7,True
25,Anonymized_DeepSeek-V4-Pro,CQ,9,False
25,Anonymized_Llama-4-Maverick-17B-128E-Instruct-FP8,CQ,1,False
25,Anonymized_Llama-4-Maverick-17B-128E-Instruct-FP8,PQ,2,False
25,Anonymized_Llama-4-Maverick-17B-128E-Instruct-FP8,PQ,3,False
25,Anonymized_DeepSeek-V4-Pro,PQ,10,False
25,Anonymized_Llama-4-Maverick-17B-128E-Instruct-FP8,PQ,1,False
25,Anonymized_Llama-4-Maverick-17B-128E-Instruct-FP8,PQ,4,False
25,Anonymized_DeepSeek-V4-Pro,CQ,7,True
25,Anonymized_Llama-4-Maverick-17B-128E-Instruct-FP8,PQ,5,False
25,Anonymized_DeepSeek-V4-Pro,PQ,9,False
25,Anonymized_NER,PQ,7,True
25,Anonymized_gpt-3.5-turbo,CQ,1,False
25,Anonymized_Llama-4-Maverick-17B-128E-Instruct-FP8,PQ,9,False
25,Anonymized_NER,PQ,10,False
25,Anonymized_Llama-4-Maverick-17B-128E-Instruct-FP8,PQ,10,False
25,Anonymized_Llama-4-Maverick-17B-128E-Instruct-FP8,CQ,7,True
25,Anonymized_Llama-4-Maverick-17B-128E-Instruct-FP8,CQ,6,False
25,Anonymized_DeepSeek-V4-Pro,PQ,5,False
25,Anonymized_Llama-4-Maverick-17B-128E-Instruct-FP8,PQ,6,False
25,Anonymized_Llama-4-Maverick-17B-128E-Instruct-FP8,CQ,9,False
25,Anonymized_Llama-4-Maverick-17B-128E-Instruct-FP8,CQ,8,False
25,Anonymized_Llama-4-Maverick-17B-128E-Instruct-FP8,CQ,2,False
25,Anonymized_Llama-4-Maverick_fewshot,PQ,3,False
25,Anonymized_DeepSeek-V4-Pro,PQ,8,False
25,Anonymized_Llama-4-Maverick_fewshot,CQ,2,False
25,Anonymized_Llama-4-Maverick_fewshot,CQ,3,False
25,Anonymized_Llama-4-Maverick-17B-128E-Instruct-FP8,PQ,8,False
25,Anonymized_Llama-4-Maverick_fewshot,PQ,1,False
25,Anonymized_Llama-4-Maverick-17B-128E-Instruct-FP8,CQ,5,False
25,Anonymized_Llama-4-Maverick-17B-128E-Instruct-FP8,CQ,3,False
25,Anonymized_Llama-4-Maverick_fewshot,PQ,5,False
25,Anonymized_Llama-4-Maverick-17B-128E-Instruct-FP8,CQ,10,False
25,Anonymized_Llama-4-Maverick_fewshot,CQ,4,False
25,Anonymized_NER,CQ,1,False
25,Anonymized_Llama-4-Maverick_fewshot,PQ,7,True
25,Anonymized_Llama-4-Maverick_fewshot,PQ,10,False
25,Anonymized_Llama-4-Maverick_fewshot,PQ,6,False
25,Anonymized_Llama-4-Maverick_fewshot,PQ,9,False
25,Anonymized_Llama-4-Maverick_fewshot,CQ,7,True
25,Anonymized_Llama-4-Maverick_fewshot,CQ,5,False
25,Anonymized_Llama-4-Maverick-17B-128E-Instruct-FP8,CQ,4,False
25,Anonymized_Llama-4-Maverick_fewshot,CQ,8,False
25,Anonymized_NER,CQ,8,False
25,Anonymized_Llama-4-Maverick_fewshot,PQ,8,False
25,Anonymized_Llama-4-Maverick_fewshot,CQ,6,False
25,Anonymized_Llama-4-Maverick_fewshot,CQ,10,False
25,Anonymized_Llama-4-Maverick-17B-128E-Instruct-FP8,PQ,7,True
25,Anonymized_Llama-4-Maverick_fewshot,PQ,2,False
25,Anonymized_Llama-4-Maverick_synthetic,PQ,2,False
25,Anonymized_Llama-4-Maverick_synthetic,PQ,1,False
25,Anonymized_Llama-4-Maverick_synthetic,CQ,1,False
25,Anonymized_Llama-4-Maverick_fewshot,CQ,9,False
25,Anonymized_Llama-4-Maverick_synthetic,PQ,3,False
25,Anonymized_Llama-4-Maverick_synthetic,CQ,2,False
25,Anonymized_Llama-4-Maverick_synthetic,CQ,4,False
25,Anonymized_Llama-4-Maverick_synthetic,PQ,7,True
25,Anonymized_Llama-4-Maverick_synthetic,PQ,8,False
25,Anonymized_Llama-4-Maverick_fewshot,CQ,1,False
25,Anonymized_Llama-4-Maverick_synthetic,PQ,5,False
25,Anonymized_Llama-4-Maverick_synthetic,CQ,7,True
25,Anonymized_Llama-4-Maverick_synthetic,CQ,10,False
25,Anonymized_Llama-4-Maverick_synthetic,PQ,10,False
25,Anonymized_Llama-4-Maverick_synthetic,PQ,6,False
25,Anonymized_Llama-4-Maverick_synthetic,CQ,3,False
25,Anonymized_Llama-4-Maverick_synthetic,CQ,5,False
25,Anonymized_Llama-4-Maverick_synthetic,PQ,4,False
25,Anonymized_Llama-4-Maverick_fewshot,PQ,4,False
25,Anonymized_Llama-4-Maverick_synthetic,PQ,9,False
25,Anonymized_Llama-4-Maverick_synthetic,CQ,6,False
25,Anonymized_Llama-4-Maverick_synthetic,CQ,8,False
32,Anonymized_gpt-3.5-turbo,PQ,3,False
25,Anonymized_Llama-4-Maverick_synthetic,CQ,9,False
32,Anonymized_gpt-3.5-turbo,PQ,2,False
32,Anonymized_gpt-3.5-turbo,PQ,5,False
32,Anonymized_gpt-3.5-turbo,PQ,4,False
32,Anonymized_gpt-3.5-turbo,PQ,6,False
32,Anonymized_gpt-3.5-turbo,PQ,7,False
32,Anonymized_gpt-3.5-turbo,PQ,8,False
32,Anonymized_gpt-3.5-turbo,PQ,9,False
32,Anonymized_gpt-3.5-turbo,CQ,5,False
32,Anonymized_gpt-3.5-turbo,CQ,6,False
32,Anonymized_gpt-4o,CQ,1,True
32,Anonymized_gpt-3.5-turbo,CQ,10,False
32,Anonymized_gpt-3.5-turbo,PQ,10,False
32,Anonymized_gpt-3.5-turbo,CQ,9,False
32,Anonymized_gpt-3.5-turbo,PQ,1,False
32,Anonymized_gpt-3.5-turbo,CQ,8,False
32,Anonymized_gpt-4o,CQ,3,False
32,Anonymized_gpt-4o,PQ,2,False
32,Anonymized_gpt-4o,CQ,4,False
32,Anonymized_gpt-4o,PQ,8,False
32,Anonymized_gpt-4o,CQ,7,False
32,Anonymized_gpt-3.5-turbo,CQ,3,False
32,Anonymized_gpt-4o,PQ,7,False
32,Anonymized_gpt-4o,CQ,2,False
32,Anonymized_gpt-4o,PQ,5,False
32,Anonymized_gpt-3.5-turbo,CQ,2,False
32,Anonymized_gpt-4o,CQ,5,False
32,Anonymized_gpt-3.5-turbo,CQ,7,False
32,Anonymized_NER,PQ,2,False
32,Anonymized_NER,PQ,1,False
32,Anonymized_gpt-4o,PQ,1,False
32,Anonymized_gpt-3.5-turbo,CQ,4,False
32,Anonymized_gpt-4o,CQ,6,False
32,Anonymized_NER,CQ,1,True
32,Anonymized_gpt-4o,PQ,9,False
32,Anonymized_NER,CQ,2,False
32,Anonymized_gpt-4o,CQ,10,False
32,Anonymized_NER,PQ,6,False
32,Anonymized_NER,CQ,5,False
32,Anonymized_NER,PQ,4,True
32,Anonymized_NER,PQ,3,False
32,Anonymized_gpt-4o,CQ,8,False
32,Anonymized_NER,CQ,6,False
32,Anonymized_NER,CQ,3,False
32,Anonymized_NER,PQ,9,False
32,Anonymized_NER,PQ,10,False
32,Anonymized_NER,PQ,7,False
32,Anonymized_gpt-4o,PQ,4,True
32,Anonymized_NER,CQ,8,False
32,Anonymized_DeepSeek-V4-Pro,PQ,3,False
32,Anonymized_NER,CQ,10,False
32,Anonymized_DeepSeek-V4-Pro,PQ,5,False
32,Anonymized_NER,CQ,9,False
32,Anonymized_DeepSeek-V4-Pro,CQ,3,False
32,Anonymized_NER,PQ,5,False
32,Anonymized_DeepSeek-V4-Pro,CQ,6,False
32,Anonymized_gpt-4o,PQ,3,False
32,Anonymized_DeepSeek-V4-Pro,CQ,8,False
32,Anonymized_DeepSeek-V4-Pro,CQ,9,False
32,Anonymized_DeepSeek-V4-Pro,CQ,5,False
32,Anonymized_DeepSeek-V4-Pro,PQ,6,False
32,Anonymized_DeepSeek-V4-Pro,CQ,7,False
32,Anonymized_NER,CQ,4,False
32,Anonymized_DeepSeek-V4-Pro,PQ,8,False
32,Anonymized_Llama-4-Maverick-17B-128E-Instruct-FP8,PQ,2,False
32,Anonymized_NER,PQ,8,False
32,Anonymized_DeepSeek-V4-Pro,PQ,10,False
32,Anonymized_Llama-4-Maverick-17B-128E-Instruct-FP8,CQ,2,False
32,Anonymized_Llama-4-Maverick-17B-128E-Instruct-FP8,CQ,3,False
32,Anonymized_DeepSeek-V4-Pro,CQ,2,False
32,Anonymized_DeepSeek-V4-Pro,CQ,10,False
32,Anonymized_NER,CQ,7,False
32,Anonymized_Llama-4-Maverick-17B-128E-Instruct-FP8,PQ,6,False
32,Anonymized_Llama-4-Maverick-17B-128E-Instruct-FP8,CQ,5,False
32,Anonymized_Llama-4-Maverick-17B-128E-Instruct-FP8,PQ,4,True
32,Anonymized_Llama-4-Maverick-17B-128E-Instruct-FP8,CQ,7,False
32,Anonymized_Llama-4-Maverick-17B-128E-Instruct-FP8,CQ,6,False
32,Anonymized_Llama-4-Maverick-17B-128E-Instruct-FP8,CQ,4,False
32,Anonymized_Llama-4-Maverick-17B-128E-Instruct-FP8,PQ,5,False
32,Anonymized_DeepSeek-V4-Pro,PQ,7,False
32,Anonymized_Llama-4-Maverick-17B-128E-Instruct-FP8,PQ,10,False
32,Anonymized_Llama-4-Maverick_fewshot,PQ,1,False
32,Anonymized_Llama-4-Maverick-17B-128E-Instruct-FP8,CQ,10,False
32,Anonymized_Llama-4-Maverick-17B-128E-Instruct-FP8,PQ,8,False
32,Anonymized_Llama-4-Maverick-17B-128E-Instruct-FP8,CQ,8,False
32,Anonymized_gpt-3.5-turbo,CQ,1,True
32,Anonymized_Llama-4-Maverick-17B-128E-Instruct-FP8,PQ,1,False
32,Anonymized_Llama-4-Maverick_fewshot,PQ,3,False
32,Anonymized_DeepSeek-V4-Pro,PQ,1,False
32,Anonymized_DeepSeek-V4-Pro,PQ,2,False
32,Anonymized_Llama-4-Maverick_fewshot,CQ,3,False
32,Anonymized_DeepSeek-V4-Pro,PQ,4,True
32,Anonymized_gpt-4o,PQ,6,False
32,Anonymized_Llama-4-Maverick-17B-128E-Instruct-FP8,CQ,1,True
32,Anonymized_DeepSeek-V4-Pro,CQ,1,True
32,Anonymized_DeepSeek-V4-Pro,PQ,9,False
32,Anonymized_gpt-4o,CQ,9,False
32,Anonymized_Llama-4-Maverick_fewshot,CQ,4,False
32,Anonymized_Llama-4-Maverick_fewshot,CQ,5,False
32,Anonymized_Llama-4-Maverick-17B-128E-Instruct-FP8,PQ,9,False
32,Anonymized_gpt-4o,PQ,10,False
32,Anonymized_Llama-4-Maverick_fewshot,PQ,4,False
32,Anonymized_Llama-4-Maverick_fewshot,PQ,6,False
32,Anonymized_Llama-4-Maverick_fewshot,CQ,8,False
32,Anonymized_Llama-4-Maverick_fewshot,CQ,9,False
32,Anonymized_DeepSeek-V4-Pro,CQ,4,False
32,Anonymized_Llama-4-Maverick_fewshot,CQ,6,False
32,Anonymized_Llama-4-Maverick_fewshot,CQ,10,False
32,Anonymized_Llama-4-Maverick_fewshot,PQ,8,False
32,Anonymized_Llama-4-Maverick_synthetic,PQ,2,False
32,Anonymized_Llama-4-Maverick_synthetic,PQ,3,False
32,Anonymized_Llama-4-Maverick_synthetic,CQ,1,False
32,Anonymized_Llama-4-Maverick_synthetic,PQ,1,False
32,Anonymized_Llama-4-Maverick_synthetic,CQ,3,False
32,Anonymized_Llama-4-Maverick_synthetic,CQ,2,False
32,Anonymized_Llama-4-Maverick_fewshot,PQ,9,False
32,Anonymized_Llama-4-Maverick_synthetic,PQ,6,False
32,Anonymized_Llama-4-Maverick-17B-128E-Instruct-FP8,PQ,3,False
32,Anonymized_Llama-4-Maverick_fewshot,PQ,10,False
32,Anonymized_Llama-4-Maverick_synthetic,PQ,5,False
32,Anonymized_Llama-4-Maverick_synthetic,PQ,10,False
32,Anonymized_Llama-4-Maverick_synthetic,PQ,7,False
32,Anonymized_Llama-4-Maverick_synthetic,CQ,10,False
32,Anonymized_Llama-4-Maverick_synthetic,CQ,7,False
32,Anonymized_Llama-4-Maverick_fewshot,CQ,7,False
32,Anonymized_Llama-4-Maverick-17B-128E-Instruct-FP8,PQ,7,False
32,Anonymized_Llama-4-Maverick_synthetic,CQ,5,False
32,Anonymized_Llama-4-Maverick_synthetic,CQ,6,False
32,Anonymized_Llama-4-Maverick_fewshot,PQ,5,False
32,Anonymized_Llama-4-Maverick_fewshot,CQ,2,False
32,Anonymized_Llama-4-Maverick_synthetic,CQ,8,False
32,Anonymized_Llama-4-Maverick_synthetic,PQ,8,False
32,Anonymized_Llama-4-Maverick_synthetic,CQ,9,False
32,Anonymized_Llama-4-Maverick_fewshot,PQ,2,False
41,Anonymized_gpt-3.5-turbo,CQ,1,True
41,Anonymized_gpt-3.5-turbo,PQ,2,False
32,Anonymized_Llama-4-Maverick_fewshot,CQ,1,False
41,Anonymized_gpt-3.5-turbo,PQ,1,False
41,Anonymized_gpt-3.5-turbo,PQ,6,False
41,Anonymized_gpt-3.5-turbo,CQ,4,False
41,Anonymized_gpt-3.5-turbo,PQ,7,False
41,Anonymized_gpt-3.5-turbo,PQ,5,False
41,Anonymized_gpt-3.5-turbo,PQ,9,True
41,Anonymized_gpt-3.5-turbo,CQ,5,False
41,Anonymized_gpt-3.5-turbo,CQ,2,True
41,Anonymized_gpt-3.5-turbo,PQ,10,False
41,Anonymized_gpt-3.5-turbo,PQ,4,True
41,Anonymized_gpt-3.5-turbo,CQ,6,False
41,Anonymized_gpt-3.5-turbo,CQ,7,False
41,Anonymized_gpt-4o,CQ,1,True
32,Anonymized_Llama-4-Maverick_synthetic,PQ,4,True
41,Anonymized_gpt-4o,CQ,3,False
41,Anonymized_gpt-4o,PQ,2,False
41,Anonymized_gpt-4o,CQ,4,False
32,Anonymized_Llama-4-Maverick_synthetic,CQ,4,False
32,Anonymized_Llama-4-Maverick_fewshot,PQ,7,False
41,Anonymized_gpt-3.5-turbo,CQ,10,False
41,Anonymized_gpt-3.5-turbo,CQ,3,False
41,Anonymized_gpt-4o,PQ,1,False
32,Anonymized_Llama-4-Maverick-17B-128E-Instruct-FP8,CQ,9,False
32,Anonymized_Llama-4-Maverick_synthetic,PQ,9,False
41,Anonymized_gpt-4o,PQ,8,False
41,Anonymized_gpt-4o,CQ,6,False
41,Anonymized_gpt-4o,PQ,5,False
41,Anonymized_gpt-4o,PQ,6,False
41,Anonymized_gpt-4o,CQ,7,False
41,Anonymized_gpt-4o,CQ,9,False
41,Anonymized_gpt-4o,CQ,8,False
41,Anonymized_gpt-4o,PQ,4,True
41,Anonymized_gpt-3.5-turbo,CQ,9,False
41,Anonymized_gpt-3.5-turbo,PQ,3,False
41,Anonymized_NER,CQ,1,True
41,Anonymized_gpt-4o,PQ,10,False
41,Anonymized_NER,CQ,5,False
41,Anonymized_gpt-4o,CQ,10,False
41,Anonymized_gpt-4o,PQ,9,True
41,Anonymized_NER,PQ,4,True
41,Anonymized_NER,CQ,6,False
41,Anonymized_gpt-4o,PQ,7,False
41,Anonymized_gpt-4o,PQ,3,False
41,Anonymized_NER,CQ,4,False
41,Anonymized_NER,CQ,9,True
41,Anonymized_DeepSeek-V4-Pro,CQ,1,True
41,Anonymized_NER,CQ,10,False
41,Anonymized_gpt-3.5-turbo,CQ,8,False
41,Anonymized_DeepSeek-V4-Pro,PQ,2,False
41,Anonymized_DeepSeek-V4-Pro,CQ,2,True
41,Anonymized_DeepSeek-V4-Pro,PQ,3,False
41,Anonymized_NER,PQ,7,False
41,Anonymized_DeepSeek-V4-Pro,CQ,3,False
41,Anonymized_DeepSeek-V4-Pro,PQ,5,False
41,Anonymized_NER,CQ,3,False
41,Anonymized_gpt-4o,CQ,2,True
41,Anonymized_DeepSeek-V4-Pro,CQ,5,False
41,Anonymized_NER,PQ,5,False
41,Anonymized_DeepSeek-V4-Pro,PQ,7,False
41,Anonymized_DeepSeek-V4-Pro,PQ,8,False
41,Anonymized_NER,PQ,10,False
41,Anonymized_DeepSeek-V4-Pro,PQ,6,False
41,Anonymized_DeepSeek-V4-Pro,CQ,8,False
41,Anonymized_DeepSeek-V4-Pro,CQ,9,True
41,Anonymized_DeepSeek-V4-Pro,CQ,6,False
41,Anonymized_NER,PQ,9,True
41,Anonymized_NER,CQ,8,False
41,Anonymized_DeepSeek-V4-Pro,PQ,4,True
41,Anonymized_DeepSeek-V4-Pro,PQ,1,False
41,Anonymized_DeepSeek-V4-Pro,PQ,9,True
41,Anonymized_NER,PQ,6,False
41,Anonymized_NER,CQ,2,True
41,Anonymized_Llama-4-Maverick-17B-128E-Instruct-FP8,PQ,5,False
41,Anonymized_Llama-4-Maverick-17B-128E-Instruct-FP8,CQ,4,False
41,Anonymized_Llama-4-Maverick-17B-128E-Instruct-FP8,CQ,1,True
41,Anonymized_Llama-4-Maverick-17B-128E-Instruct-FP8,PQ,6,False
41,Anonymized_Llama-4-Maverick-17B-128E-Instruct-FP8,CQ,2,True
41,Anonymized_Llama-4-Maverick-17B-128E-Instruct-FP8,PQ,7,False
41,Anonymized_Llama-4-Maverick-17B-128E-Instruct-FP8,CQ,3,False
41,Anonymized_NER,PQ,3,False
41,Anonymized_NER,PQ,1,True
41,Anonymized_NER,PQ,2,False
41,Anonymized_DeepSeek-V4-Pro,CQ,10,False
41,Anonymized_Llama-4-Maverick-17B-128E-Instruct-FP8,CQ,8,False
41,Anonymized_NER,CQ,7,False
41,Anonymized_Llama-4-Maverick-17B-128E-Instruct-FP8,PQ,2,False
41,Anonymized_Llama-4-Maverick-17B-128E-Instruct-FP8,PQ,3,False
41,Anonymized_Llama-4-Maverick-17B-128E-Instruct-FP8,CQ,9,True
41,Anonymized_DeepSeek-V4-Pro,CQ,7,False
41,Anonymized_Llama-4-Maverick_fewshot,PQ,1,False
41,Anonymized_DeepSeek-V4-Pro,CQ,4,False
41,Anonymized_Llama-4-Maverick_fewshot,PQ,3,False
41,Anonymized_Llama-4-Maverick-17B-128E-Instruct-FP8,PQ,1,False
41,Anonymized_Llama-4-Maverick-17B-128E-Instruct-FP8,CQ,7,False
41,Anonymized_Llama-4-Maverick-17B-128E-Instruct-FP8,CQ,6,False
41,Anonymized_gpt-4o,CQ,5,False
41,Anonymized_Llama-4-Maverick_fewshot,PQ,4,False
41,Anonymized_Llama-4-Maverick_fewshot,PQ,2,False
41,Anonymized_Llama-4-Maverick-17B-128E-Instruct-FP8,PQ,4,True
41,Anonymized_NER,PQ,8,False
41,Anonymized_Llama-4-Maverick_fewshot,CQ,5,False
41,Anonymized_Llama-4-Maverick-17B-128E-Instruct-FP8,CQ,10,False
41,Anonymized_Llama-4-Maverick_fewshot,CQ,4,False
41,Anonymized_Llama-4-Maverick_fewshot,PQ,10,False
41,Anonymized_Llama-4-Maverick_synthetic,CQ,1,True
41,Anonymized_Llama-4-Maverick_synthetic,PQ,1,False
41,Anonymized_Llama-4-Maverick_fewshot,CQ,6,False
41,Anonymized_DeepSeek-V4-Pro,PQ,10,False
41,Anonymized_Llama-4-Maverick_synthetic,CQ,2,True
41,Anonymized_Llama-4-Maverick_fewshot,PQ,9,False
41,Anonymized_Llama-4-Maverick_synthetic,PQ,4,True
41,Anonymized_Llama-4-Maverick_fewshot,CQ,9,False
41,Anonymized_Llama-4-Maverick_synthetic,CQ,4,False
41,Anonymized_Llama-4-Maverick_synthetic,PQ,5,False
41,Anonymized_Llama-4-Maverick-17B-128E-Instruct-FP8,PQ,8,False
41,Anonymized_Llama-4-Maverick_synthetic,PQ,2,False
41,Anonymized_Llama-4-Maverick-17B-128E-Instruct-FP8,CQ,5,False
41,Anonymized_Llama-4-Maverick_synthetic,PQ,7,False
41,Anonymized_Llama-4-Maverick_synthetic,PQ,8,False
41,Anonymized_Llama-4-Maverick_synthetic,CQ,7,False
41,Anonymized_Llama-4-Maverick_fewshot,CQ,1,True
41,Anonymized_Llama-4-Maverick_synthetic,CQ,8,False
41,Anonymized_Llama-4-Maverick_synthetic,PQ,10,False
41,Anonymized_Llama-4-Maverick-17B-128E-Instruct-FP8,PQ,9,False
41,Anonymized_Llama-4-Maverick_synthetic,CQ,9,True
41,Anonymized_Llama-4-Maverick_synthetic,PQ,3,False
41,Anonymized_gpt-3.5-turbo,PQ,8,False
41,Anonymized_Llama-4-Maverick_synthetic,PQ,9,True
41,Anonymized_Llama-4-Maverick_synthetic,PQ,6,True
41,Anonymized_Llama-4-Maverick_fewshot,PQ,7,False
41,Anonymized_Llama-4-Maverick_fewshot,PQ,8,False
41,Anonymized_Llama-4-Maverick_fewshot,CQ,10,False
41,Anonymized_Llama-4-Maverick_fewshot,CQ,7,False
41,Anonymized_Llama-4-Maverick_synthetic,CQ,3,False
41,Anonymized_Llama-4-Maverick_fewshot,CQ,8,False
41,Anonymized_Llama-4-Maverick_synthetic,CQ,6,False
41,Anonymized_Llama-4-Maverick_fewshot,CQ,2,True
41,Anonymized_Llama-4-Maverick_fewshot,PQ,6,False
46,Anonymized_gpt-3.5-turbo,PQ,1,False
41,Anonymized_Llama-4-Maverick_synthetic,CQ,5,False
41,Anonymized_Llama-4-Maverick-17B-128E-Instruct-FP8,PQ,10,False
41,Anonymized_Llama-4-Maverick_fewshot,CQ,3,False
41,Anonymized_Llama-4-Maverick_synthetic,CQ,10,False
46,Anonymized_gpt-3.5-turbo,CQ,2,True
46,Anonymized_gpt-3.5-turbo,PQ,4,False
46,Anonymized_gpt-3.5-turbo,PQ,5,False
46,Anonymized_gpt-3.5-turbo,CQ,6,False
46,Anonymized_gpt-3.5-turbo,CQ,4,False
46,Anonymized_gpt-3.5-turbo,PQ,3,False
46,Anonymized_gpt-3.5-turbo,PQ,8,False
41,Anonymized_Llama-4-Maverick_fewshot,PQ,5,False
46,Anonymized_gpt-3.5-turbo,CQ,1,False
46,Anonymized_gpt-3.5-turbo,PQ,9,False
46,Anonymized_gpt-3.5-turbo,PQ,7,False
46,Anonymized_gpt-3.5-turbo,CQ,5,True
46,Anonymized_gpt-4o,PQ,3,False
46,Anonymized_gpt-3.5-turbo,PQ,2,False
46,Anonymized_gpt-3.5-turbo,PQ,6,False
46,Anonymized_gpt-3.5-turbo,CQ,9,False
46,Anonymized_gpt-4o,PQ,1,False
46,Anonymized_gpt-3.5-turbo,CQ,10,False
46,Anonymized_gpt-4o,CQ,1,False
46,Anonymized_gpt-4o,PQ,6,False
46,Anonymized_gpt-4o,PQ,7,False
46,Anonymized_gpt-3.5-turbo,CQ,3,False
46,Anonymized_gpt-4o,PQ,4,False
46,Anonymized_gpt-4o,PQ,2,False
46,Anonymized_gpt-3.5-turbo,CQ,8,False
46,Anonymized_gpt-4o,CQ,2,True
46,Anonymized_gpt-4o,CQ,10,True
46,Anonymized_gpt-4o,PQ,8,False
46,Anonymized_NER,PQ,1,False
46,Anonymized_NER,PQ,3,False
46,Anonymized_NER,CQ,2,True
46,Anonymized_gpt-4o,CQ,5,True
46,Anonymized_NER,PQ,5,True
46,Anonymized_NER,CQ,5,True
46,Anonymized_NER,PQ,4,False
46,Anonymized_gpt-4o,CQ,3,False
46,Anonymized_NER,PQ,6,False
46,Anonymized_NER,CQ,7,False
46,Anonymized_gpt-3.5-turbo,PQ,10,False
46,Anonymized_NER,CQ,1,False
46,Anonymized_NER,CQ,4,False
46,Anonymized_NER,PQ,10,False
46,Anonymized_gpt-4o,CQ,9,False
46,Anonymized_NER,CQ,9,False
46,Anonymized_DeepSeek-V4-Pro,PQ,2,False
46,Anonymized_NER,CQ,6,False
46,Anonymized_DeepSeek-V4-Pro,PQ,1,False
46,Anonymized_NER,PQ,8,False
46,Anonymized_DeepSeek-V4-Pro,CQ,3,False
46,Anonymized_DeepSeek-V4-Pro,CQ,4,False
46,Anonymized_DeepSeek-V4-Pro,CQ,5,True
46,Anonymized_DeepSeek-V4-Pro,PQ,4,False
46,Anonymized_NER,CQ,3,False
46,Anonymized_NER,PQ,7,False
46,Anonymized_DeepSeek-V4-Pro,CQ,2,True
46,Anonymized_gpt-4o,PQ,10,False
46,Anonymized_NER,CQ,8,False
46,Anonymized_DeepSeek-V4-Pro,PQ,8,False
46,Anonymized_NER,CQ,10,False
46,Anonymized_gpt-4o,CQ,7,False
46,Anonymized_DeepSeek-V4-Pro,CQ,8,False
46,Anonymized_DeepSeek-V4-Pro,PQ,5,True
46,Anonymized_gpt-4o,CQ,4,False
46,Anonymized_gpt-4o,PQ,9,False
46,Anonymized_gpt-4o,PQ,5,True
46,Anonymized_DeepSeek-V4-Pro,PQ,6,False
46,Anonymized_Llama-4-Maverick-17B-128E-Instruct-FP8,PQ,2,False
46,Anonymized_gpt-4o,CQ,8,False
46,Anonymized_NER,PQ,9,False
46,Anonymized_gpt-4o,CQ,6,False
46,Anonymized_Llama-4-Maverick-17B-128E-Instruct-FP8,PQ,4,False
46,Anonymized_Llama-4-Maverick-17B-128E-Instruct-FP8,CQ,2,True
46,Anonymized_DeepSeek-V4-Pro,PQ,9,False
46,Anonymized_DeepSeek-V4-Pro,CQ,6,False
46,Anonymized_Llama-4-Maverick-17B-128E-Instruct-FP8,PQ,5,False
46,Anonymized_DeepSeek-V4-Pro,PQ,3,False
46,Anonymized_DeepSeek-V4-Pro,CQ,1,False
46,Anonymized_Llama-4-Maverick-17B-128E-Instruct-FP8,CQ,6,False
46,Anonymized_Llama-4-Maverick-17B-128E-Instruct-FP8,CQ,4,False
46,Anonymized_DeepSeek-V4-Pro,CQ,9,False
46,Anonymized_Llama-4-Maverick-17B-128E-Instruct-FP8,PQ,8,False
46,Anonymized_DeepSeek-V4-Pro,PQ,10,False
46,Anonymized_Llama-4-Maverick-17B-128E-Instruct-FP8,CQ,5,True
46,Anonymized_Llama-4-Maverick-17B-128E-Instruct-FP8,PQ,1,False
46,Anonymized_Llama-4-Maverick-17B-128E-Instruct-FP8,PQ,9,False
46,Anonymized_NER,PQ,2,False
46,Anonymized_DeepSeek-V4-Pro,CQ,10,False
46,Anonymized_gpt-3.5-turbo,CQ,7,False
46,Anonymized_Llama-4-Maverick_fewshot,CQ,1,False
46,Anonymized_Llama-4-Maverick-17B-128E-Instruct-FP8,PQ,7,False
46,Anonymized_Llama-4-Maverick_fewshot,CQ,3,False
46,Anonymized_Llama-4-Maverick-17B-128E-Instruct-FP8,PQ,3,False
46,Anonymized_Llama-4-Maverick_fewshot,CQ,2,True
46,Anonymized_Llama-4-Maverick_fewshot,PQ,6,False
46,Anonymized_Llama-4-Maverick-17B-128E-Instruct-FP8,CQ,7,False
46,Anonymized_Llama-4-Maverick_fewshot,PQ,1,False
46,Anonymized_Llama-4-Maverick_fewshot,PQ,7,False
46,Anonymized_Llama-4-Maverick_fewshot,CQ,7,False
46,Anonymized_Llama-4-Maverick_fewshot,CQ,9,False
46,Anonymized_Llama-4-Maverick-17B-128E-Instruct-FP8,CQ,8,False
46,Anonymized_Llama-4-Maverick-17B-128E-Instruct-FP8,CQ,1,False
46,Anonymized_DeepSeek-V4-Pro,CQ,7,False
46,Anonymized_Llama-4-Maverick_fewshot,PQ,3,False
46,Anonymized_Llama-4-Maverick-17B-128E-Instruct-FP8,CQ,3,False
46,Anonymized_Llama-4-Maverick_fewshot,PQ,5,True
46,Anonymized_Llama-4-Maverick_synthetic,CQ,1,False
46,Anonymized_Llama-4-Maverick_synthetic,PQ,2,True
46,Anonymized_Llama-4-Maverick_fewshot,CQ,5,True
46,Anonymized_Llama-4-Maverick_synthetic,PQ,4,False
46,Anonymized_Llama-4-Maverick_fewshot,CQ,6,False
46,Anonymized_Llama-4-Maverick_fewshot,CQ,8,False
46,Anonymized_Llama-4-Maverick_fewshot,PQ,8,False
46,Anonymized_Llama-4-Maverick_fewshot,PQ,4,False
46,Anonymized_Llama-4-Maverick_synthetic,CQ,5,True
46,Anonymized_Llama-4-Maverick_synthetic,CQ,2,True
46,Anonymized_Llama-4-Maverick-17B-128E-Instruct-FP8,CQ,9,False
46,Anonymized_Llama-4-Maverick_synthetic,PQ,7,False
46,Anonymized_Llama-4-Maverick_fewshot,PQ,10,False
46,Anonymized_Llama-4-Maverick_synthetic,CQ,6,False
46,Anonymized_Llama-4-Maverick_synthetic,PQ,9,False
46,Anonymized_Llama-4-Maverick_synthetic,PQ,10,False
46,Anonymized_Llama-4-Maverick_synthetic,CQ,9,False
46,Anonymized_Llama-4-Maverick_synthetic,CQ,10,False
46,Anonymized_Llama-4-Maverick_synthetic,CQ,3,False
46,Anonymized_Llama-4-Maverick_synthetic,PQ,1,False
46,Anonymized_Llama-4-Maverick_synthetic,PQ,6,False
46,Anonymized_Llama-4-Maverick_synthetic,CQ,7,False
46,Anonymized_DeepSeek-V4-Pro,PQ,7,False
46,Anonymized_Llama-4-Maverick_fewshot,PQ,9,False
46,Anonymized_Llama-4-Maverick_synthetic,PQ,5,True
46,Anonymized_Llama-4-Maverick_fewshot,CQ,4,False
46,Anonymized_Llama-4-Maverick-17B-128E-Instruct-FP8,PQ,6,False
46,Anonymized_Llama-4-Maverick_synthetic,CQ,8,False
46,Anonymized_Llama-4-Maverick_synthetic,PQ,3,False
46,Anonymized_Llama-4-Maverick_fewshot,PQ,2,False
46,Anonymized_Llama-4-Maverick_synthetic,PQ,8,False
46,Anonymized_Llama-4-Maverick-17B-128E-Instruct-FP8,CQ,10,False
68,Anonymized_gpt-3.5-turbo,PQ,2,False
46,Anonymized_Llama-4-Maverick_synthetic,CQ,4,False
68,Anonymized_gpt-3.5-turbo,PQ,5,False
68,Anonymized_gpt-3.5-turbo,CQ,1,True
68,Anonymized_gpt-3.5-turbo,PQ,3,False
68,Anonymized_gpt-3.5-turbo,PQ,6,False
68,Anonymized_gpt-3.5-turbo,CQ,3,False
68,Anonymized_gpt-3.5-turbo,CQ,6,False
68,Anonymized_gpt-3.5-turbo,PQ,8,True
46,Anonymized_Llama-4-Maverick-17B-128E-Instruct-FP8,PQ,10,False
68,Anonymized_gpt-3.5-turbo,CQ,9,False
68,Anonymized_gpt-3.5-turbo,CQ,2,False
68,Anonymized_gpt-3.5-turbo,CQ,7,False
68,Anonymized_gpt-3.5-turbo,CQ,4,False
68,Anonymized_gpt-3.5-turbo,CQ,5,False
68,Anonymized_gpt-4o,PQ,3,False
68,Anonymized_gpt-3.5-turbo,PQ,10,False
68,Anonymized_gpt-4o,PQ,4,False
68,Anonymized_gpt-4o,PQ,1,False
68,Anonymized_gpt-3.5-turbo,PQ,9,False
68,Anonymized_gpt-4o,PQ,5,False
68,Anonymized_gpt-4o,PQ,7,False
68,Anonymized_gpt-4o,PQ,8,True
68,Anonymized_gpt-4o,CQ,4,False
68,Anonymized_gpt-4o,CQ,8,False
68,Anonymized_gpt-4o,CQ,3,False
68,Anonymized_gpt-4o,CQ,10,False
68,Anonymized_NER,PQ,2,False
68,Anonymized_gpt-4o,CQ,9,False
68,Anonymized_gpt-4o,PQ,9,False
68,Anonymized_NER,CQ,1,True
68,Anonymized_gpt-4o,CQ,7,False
68,Anonymized_gpt-4o,PQ,10,False
68,Anonymized_NER,PQ,5,False
68,Anonymized_NER,PQ,1,False
68,Anonymized_NER,CQ,5,False
68,Anonymized_NER,CQ,4,False
68,Anonymized_NER,PQ,7,False
68,Anonymized_NER,PQ,3,True
68,Anonymized_NER,PQ,4,True
68,Anonymized_NER,CQ,6,False
68,Anonymized_gpt-4o,CQ,1,True
68,Anonymized_NER,PQ,9,False
68,Anonymized_gpt-3.5-turbo,PQ,7,False
68,Anonymized_DeepSeek-V4-Pro,PQ,1,False
68,Anonymized_NER,CQ,9,True
68,Anonymized_gpt-3.5-turbo,PQ,4,False
46,Anonymized_Llama-4-Maverick_fewshot,CQ,10,False
68,Anonymized_DeepSeek-V4-Pro,PQ,2,False
68,Anonymized_NER,CQ,2,False
68,Anonymized_gpt-3.5-turbo,PQ,1,False
68,Anonymized_NER,PQ,6,False
68,Anonymized_NER,CQ,7,True
68,Anonymized_NER,PQ,10,False
68,Anonymized_DeepSeek-V4-Pro,PQ,5,False
68,Anonymized_DeepSeek-V4-Pro,CQ,4,False
68,Anonymized_DeepSeek-V4-Pro,CQ,1,True
68,Anonymized_DeepSeek-V4-Pro,CQ,3,False
68,Anonymized_DeepSeek-V4-Pro,CQ,2,False
68,Anonymized_gpt-4o,CQ,5,False
68,Anonymized_DeepSeek-V4-Pro,PQ,3,False
68,Anonymized_DeepSeek-V4-Pro,PQ,4,False
68,Anonymized_DeepSeek-V4-Pro,CQ,7,True
68,Anonymized_gpt-3.5-turbo,CQ,10,False
68,Anonymized_DeepSeek-V4-Pro,CQ,9,False
68,Anonymized_NER,CQ,3,False
68,Anonymized_gpt-4o,CQ,6,False
68,Anonymized_DeepSeek-V4-Pro,CQ,10,False
68,Anonymized_Llama-4-Maverick-17B-128E-Instruct-FP8,PQ,2,False
68,Anonymized_DeepSeek-V4-Pro,PQ,8,True
68,Anonymized_Llama-4-Maverick-17B-128E-Instruct-FP8,PQ,3,False
68,Anonymized_Llama-4-Maverick-17B-128E-Instruct-FP8,CQ,3,False
68,Anonymized_Llama-4-Maverick-17B-128E-Instruct-FP8,PQ,1,False
68,Anonymized_DeepSeek-V4-Pro,PQ,7,False
68,Anonymized_gpt-4o,PQ,6,False
68,Anonymized_Llama-4-Maverick-17B-128E-Instruct-FP8,PQ,6,False
68,Anonymized_Llama-4-Maverick-17B-128E-Instruct-FP8,CQ,6,False
68,Anonymized_DeepSeek-V4-Pro,CQ,5,False
68,Anonymized_Llama-4-Maverick-17B-128E-Instruct-FP8,CQ,2,False
68,Anonymized_NER,PQ,8,True
68,Anonymized_gpt-4o,CQ,2,False
68,Anonymized_Llama-4-Maverick-17B-128E-Instruct-FP8,PQ,10,False
68,Anonymized_Llama-4-Maverick-17B-128E-Instruct-FP8,PQ,9,False
68,Anonymized_Llama-4-Maverick-17B-128E-Instruct-FP8,CQ,5,False
68,Anonymized_Llama-4-Maverick-17B-128E-Instruct-FP8,CQ,10,False
68,Anonymized_DeepSeek-V4-Pro,CQ,8,False
68,Anonymized_Llama-4-Maverick-17B-128E-Instruct-FP8,PQ,8,False
68,Anonymized_Llama-4-Maverick_fewshot,PQ,1,False
68,Anonymized_Llama-4-Maverick-17B-128E-Instruct-FP8,CQ,7,False
68,Anonymized_Llama-4-Maverick-17B-128E-Instruct-FP8,CQ,8,False
68,Anonymized_Llama-4-Maverick_fewshot,CQ,4,False
68,Anonymized_Llama-4-Maverick-17B-128E-Instruct-FP8,CQ,9,False
68,Anonymized_Llama-4-Maverick_fewshot,PQ,5,False
68,Anonymized_gpt-4o,PQ,2,False
68,Anonymized_Llama-4-Maverick-17B-128E-Instruct-FP8,PQ,4,False
68,Anonymized_DeepSeek-V4-Pro,PQ,10,False
68,Anonymized_DeepSeek-V4-Pro,CQ,6,False
68,Anonymized_Llama-4-Maverick_fewshot,CQ,6,False
68,Anonymized_gpt-3.5-turbo,CQ,8,False
68,Anonymized_DeepSeek-V4-Pro,PQ,6,False
68,Anonymized_DeepSeek-V4-Pro,PQ,9,False
68,Anonymized_Llama-4-Maverick_fewshot,CQ,7,False
68,Anonymized_Llama-4-Maverick_fewshot,CQ,3,False
68,Anonymized_Llama-4-Maverick-17B-128E-Instruct-FP8,PQ,5,False
68,Anonymized_NER,CQ,10,False
68,Anonymized_Llama-4-Maverick_fewshot,PQ,9,False
68,Anonymized_Llama-4-Maverick_synthetic,PQ,2,False
68,Anonymized_Llama-4-Maverick_fewshot,CQ,10,False
68,Anonymized_Llama-4-Maverick-17B-128E-Instruct-FP8,CQ,1,True
68,Anonymized_Llama-4-Maverick_fewshot,CQ,5,False
68,Anonymized_Llama-4-Maverick_fewshot,CQ,1,True
68,Anonymized_Llama-4-Maverick_fewshot,PQ,2,False
68,Anonymized_Llama-4-Maverick_synthetic,CQ,1,False
68,Anonymized_Llama-4-Maverick_fewshot,CQ,8,False
68,Anonymized_Llama-4-Maverick_synthetic,PQ,4,False
68,Anonymized_Llama-4-Maverick_fewshot,PQ,8,False
68,Anonymized_Llama-4-Maverick_fewshot,CQ,9,False
68,Anonymized_Llama-4-Maverick_fewshot,PQ,3,False
68,Anonymized_Llama-4-Maverick_synthetic,PQ,6,False
68,Anonymized_Llama-4-Maverick_synthetic,CQ,5,False
68,Anonymized_Llama-4-Maverick_synthetic,CQ,2,False
68,Anonymized_Llama-4-Maverick-17B-128E-Instruct-FP8,PQ,7,False
68,Anonymized_NER,CQ,8,False
68,Anonymized_Llama-4-Maverick_fewshot,CQ,2,False
68,Anonymized_Llama-4-Maverick_synthetic,PQ,10,False
68,Anonymized_Llama-4-Maverick_synthetic,CQ,9,False
68,Anonymized_Llama-4-Maverick_synthetic,CQ,6,False
68,Anonymized_Llama-4-Maverick_synthetic,PQ,3,False
68,Anonymized_Llama-4-Maverick_synthetic,CQ,10,False
68,Anonymized_Llama-4-Maverick_synthetic,CQ,7,False
68,Anonymized_Llama-4-Maverick_fewshot,PQ,10,False
68,Anonymized_Llama-4-Maverick-17B-128E-Instruct-FP8,CQ,4,False
69,Anonymized_gpt-3.5-turbo,CQ,3,True
69,Anonymized_gpt-3.5-turbo,PQ,4,False
68,Anonymized_Llama-4-Maverick_synthetic,CQ,3,False
69,Anonymized_gpt-3.5-turbo,CQ,1,True
69,Anonymized_gpt-3.5-turbo,PQ,2,False
69,Anonymized_gpt-3.5-turbo,PQ,6,False
69,Anonymized_gpt-3.5-turbo,PQ,8,True
68,Anonymized_Llama-4-Maverick_synthetic,PQ,9,False
69,Anonymized_gpt-3.5-turbo,PQ,9,False
69,Anonymized_gpt-3.5-turbo,CQ,7,False
69,Anonymized_gpt-3.5-turbo,CQ,5,True
69,Anonymized_gpt-3.5-turbo,PQ,10,True
69,Anonymized_gpt-3.5-turbo,CQ,8,False
68,Anonymized_Llama-4-Maverick_synthetic,CQ,8,False
69,Anonymized_gpt-4o,PQ,1,False
68,Anonymized_Llama-4-Maverick_synthetic,PQ,5,False
69,Anonymized_gpt-3.5-turbo,PQ,5,False
69,Anonymized_gpt-4o,CQ,1,True
68,Anonymized_Llama-4-Maverick_synthetic,PQ,7,False
69,Anonymized_gpt-3.5-turbo,PQ,7,False
69,Anonymized_gpt-3.5-turbo,CQ,9,False
68,Anonymized_Llama-4-Maverick_synthetic,CQ,4,False
68,Anonymized_Llama-4-Maverick_synthetic,PQ,1,False
69,Anonymized_gpt-4o,CQ,5,True
69,Anonymized_gpt-4o,PQ,2,False
69,Anonymized_gpt-4o,CQ,6,True
69,Anonymized_gpt-4o,CQ,3,True
69,Anonymized_gpt-4o,CQ,7,False
69,Anonymized_gpt-4o,PQ,4,False
69,Anonymized_gpt-4o,PQ,5,False
69,Anonymized_NER,PQ,1,False
69,Anonymized_gpt-4o,CQ,10,False
69,Anonymized_gpt-4o,PQ,8,True
69,Anonymized_NER,CQ,1,True
69,Anonymized_gpt-3.5-turbo,CQ,2,False
69,Anonymized_NER,PQ,2,False
69,Anonymized_gpt-4o,PQ,9,True
69,Anonymized_NER,PQ,3,False
69,Anonymized_gpt-4o,PQ,6,False
69,Anonymized_gpt-4o,CQ,9,False
69,Anonymized_NER,PQ,4,False
69,Anonymized_NER,CQ,4,False
69,Anonymized_NER,PQ,5,False
69,Anonymized_gpt-4o,CQ,4,False
69,Anonymized_gpt-3.5-turbo,PQ,3,True
69,Anonymized_NER,PQ,7,False
68,Anonymized_Llama-4-Maverick_fewshot,PQ,4,False
69,Anonymized_gpt-4o,PQ,7,False
69,Anonymized_NER,CQ,6,True
69,Anonymized_gpt-4o,PQ,3,False
69,Anonymized_gpt-3.5-turbo,CQ,4,False
69,Anonymized_gpt-3.5-turbo,PQ,1,False
69,Anonymized_NER,CQ,2,False
69,Anonymized_gpt-3.5-turbo,CQ,6,True
69,Anonymized_NER,PQ,6,False
69,Anonymized_gpt-4o,PQ,10,True
69,Anonymized_NER,CQ,8,False
69,Anonymized_gpt-4o,CQ,8,False
69,Anonymized_NER,PQ,8,False
69,Anonymized_Llama-4-Maverick-17B-128E-Instruct-FP8,PQ,3,False
69,Anonymized_gpt-4o,CQ,2,False
69,Anonymized_NER,CQ,5,True
69,Anonymized_Llama-4-Maverick-17B-128E-Instruct-FP8,PQ,1,False
69,Anonymized_Llama-4-Maverick-17B-128E-Instruct-FP8,CQ,1,True
69,Anonymized_NER,CQ,10,False
69,Anonymized_Llama-4-Maverick-17B-128E-Instruct-FP8,PQ,2,False
69,Anonymized_Llama-4-Maverick-17B-128E-Instruct-FP8,CQ,3,True
69,Anonymized_Llama-4-Maverick-17B-128E-Instruct-FP8,CQ,6,False
69,Anonymized_Llama-4-Maverick-17B-128E-Instruct-FP8,PQ,5,False
69,Anonymized_gpt-3.5-turbo,CQ,10,True
69,Anonymized_Llama-4-Maverick-17B-128E-Instruct-FP8,PQ,6,False
69,Anonymized_Llama-4-Maverick-17B-128E-Instruct-FP8,CQ,8,False
69,Anonymized_Llama-4-Maverick_fewshot,PQ,1,False
69,Anonymized_NER,PQ,9,True
69,Anonymized_Llama-4-Maverick-17B-128E-Instruct-FP8,PQ,7,False
69,Anonymized_Llama-4-Maverick-17B-128E-Instruct-FP8,CQ,4,False
69,Anonymized_Llama-4-Maverick_fewshot,PQ,2,False
69,Anonymized_Llama-4-Maverick_fewshot,CQ,1,True
69,Anonymized_Llama-4-Maverick-17B-128E-Instruct-FP8,PQ,9,False
69,Anonymized_Llama-4-Maverick_fewshot,CQ,2,False
69,Anonymized_Llama-4-Maverick_fewshot,PQ,5,False
69,Anonymized_NER,CQ,7,False
69,Anonymized_Llama-4-Maverick-17B-128E-Instruct-FP8,CQ,2,False
69,Anonymized_Llama-4-Maverick-17B-128E-Instruct-FP8,PQ,4,False
69,Anonymized_Llama-4-Maverick_fewshot,CQ,5,True
69,Anonymized_NER,PQ,10,True
69,Anonymized_Llama-4-Maverick_fewshot,CQ,6,False
69,Anonymized_Llama-4-Maverick-17B-128E-Instruct-FP8,PQ,10,False
69,Anonymized_Llama-4-Maverick_fewshot,CQ,7,False
69,Anonymized_Llama-4-Maverick_fewshot,PQ,10,True
69,Anonymized_Llama-4-Maverick_fewshot,PQ,9,False
68,Anonymized_Llama-4-Maverick_fewshot,PQ,7,False
69,Anonymized_Llama-4-Maverick_fewshot,PQ,8,False
69,Anonymized_Llama-4-Maverick_fewshot,PQ,7,False
69,Anonymized_Llama-4-Maverick_synthetic,PQ,1,False
69,Anonymized_Llama-4-Maverick-17B-128E-Instruct-FP8,CQ,7,False
69,Anonymized_Llama-4-Maverick_fewshot,PQ,3,False
69,Anonymized_NER,CQ,3,True
69,Anonymized_Llama-4-Maverick_fewshot,CQ,8,False
69,Anonymized_Llama-4-Maverick_synthetic,PQ,3,False
69,Anonymized_Llama-4-Maverick_fewshot,PQ,6,False
69,Anonymized_Llama-4-Maverick_synthetic,PQ,5,False
69,Anonymized_Llama-4-Maverick_synthetic,CQ,5,True
69,Anonymized_Llama-4-Maverick_fewshot,PQ,4,False
69,Anonymized_Llama-4-Maverick_synthetic,CQ,4,False
69,Anonymized_Llama-4-Maverick_fewshot,CQ,4,False
69,Anonymized_Llama-4-Maverick_synthetic,PQ,7,False
68,Anonymized_Llama-4-Maverick_fewshot,PQ,6,False
69,Anonymized_NER,CQ,9,False
69,Anonymized_Llama-4-Maverick_fewshot,CQ,10,False
68,Anonymized_Llama-4-Maverick_synthetic,PQ,8,True
69,Anonymized_Llama-4-Maverick_synthetic,PQ,6,False
69,Anonymized_Llama-4-Maverick_synthetic,CQ,1,True
69,Anonymized_Llama-4-Maverick_synthetic,CQ,8,False
69,Anonymized_Llama-4-Maverick_synthetic,CQ,10,False
69,Anonymized_Llama-4-Maverick-17B-128E-Instruct-FP8,PQ,8,False
69,Anonymized_Llama-4-Maverick_synthetic,PQ,9,True
69,Anonymized_Llama-4-Maverick_fewshot,CQ,9,False
69,Anonymized_Llama-4-Maverick_synthetic,CQ,6,True
69,Anonymized_Llama-4-Maverick-17B-128E-Instruct-FP8,CQ,5,True
69,Anonymized_Llama-4-Maverick_synthetic,CQ,9,False
69,Anonymized_Llama-4-Maverick_synthetic,PQ,10,True
69,Anonymized_Llama-4-Maverick_fewshot,CQ,3,True
69,Anonymized_Llama-4-Maverick_synthetic,CQ,3,True
69,Anonymized_Llama-4-Maverick_synthetic,CQ,7,False
69,Anonymized_Llama-4-Maverick-17B-128E-Instruct-FP8,CQ,10,True
72,Anonymized_gpt-3.5-turbo,PQ,2,False
69,Anonymized_Llama-4-Maverick_synthetic,CQ,2,False
72,Anonymized_gpt-3.5-turbo,PQ,3,False
72,Anonymized_gpt-3.5-turbo,CQ,2,False
72,Anonymized_gpt-3.5-turbo,CQ,5,False
72,Anonymized_gpt-3.5-turbo,PQ,8,False
72,Anonymized_gpt-3.5-turbo,CQ,6,False
69,Anonymized_Llama-4-Maverick-17B-128E-Instruct-FP8,CQ,9,False
72,Anonymized_gpt-3.5-turbo,CQ,7,False
72,Anonymized_gpt-3.5-turbo,PQ,1,False
72,Anonymized_gpt-3.5-turbo,PQ,10,False
72,Anonymized_gpt-4o,PQ,2,False
72,Anonymized_gpt-4o,CQ,1,False
72,Anonymized_gpt-3.5-turbo,CQ,3,False
72,Anonymized_gpt-3.5-turbo,CQ,4,False
72,Anonymized_gpt-4o,PQ,3,False
72,Anonymized_gpt-4o,PQ,4,False
72,Anonymized_gpt-4o,CQ,2,False
72,Anonymized_gpt-4o,CQ,4,False
72,Anonymized_gpt-4o,PQ,7,False
72,Anonymized_gpt-3.5-turbo,CQ,9,True
72,Anonymized_gpt-4o,CQ,6,False
72,Anonymized_gpt-4o,CQ,5,False
72,Anonymized_gpt-3.5-turbo,PQ,6,False
72,Anonymized_gpt-3.5-turbo,PQ,9,False
72,Anonymized_gpt-4o,PQ,8,False
72,Anonymized_gpt-3.5-turbo,PQ,4,False
72,Anonymized_gpt-4o,PQ,1,False
72,Anonymized_gpt-4o,CQ,9,True
72,Anonymized_gpt-3.5-turbo,CQ,8,False
72,Anonymized_NER,PQ,2,False
72,Anonymized_gpt-3.5-turbo,CQ,1,True
72,Anonymized_gpt-4o,CQ,7,False
72,Anonymized_NER,CQ,3,False
72,Anonymized_NER,PQ,4,False
72,Anonymized_NER,PQ,5,False
72,Anonymized_gpt-4o,PQ,10,False
72,Anonymized_NER,CQ,1,True
72,Anonymized_gpt-4o,CQ,3,False
72,Anonymized_NER,CQ,2,False
72,Anonymized_NER,CQ,6,False
72,Anonymized_NER,PQ,7,False
72,Anonymized_gpt-3.5-turbo,PQ,7,False
72,Anonymized_NER,PQ,9,False
69,Anonymized_Llama-4-Maverick_synthetic,PQ,2,False
72,Anonymized_NER,CQ,4,False
69,Anonymized_Llama-4-Maverick_synthetic,PQ,8,True
69,Anonymized_Llama-4-Maverick_synthetic,PQ,4,False
72,Anonymized_NER,PQ,10,False
72,Anonymized_NER,CQ,9,True
72,Anonymized_gpt-4o,PQ,6,False
72,Anonymized_NER,PQ,1,False
72,Anonymized_gpt-4o,CQ,8,False
72,Anonymized_NER,CQ,10,True
72,Anonymized_NER,CQ,7,False
72,Anonymized_NER,PQ,8,False
72,Anonymized_DeepSeek-V4-Pro,PQ,5,False
72,Anonymized_DeepSeek-V4-Pro,PQ,1,False
72,Anonymized_gpt-3.5-turbo,CQ,10,False
72,Anonymized_DeepSeek-V4-Pro,CQ,6,False
72,Anonymized_DeepSeek-V4-Pro,PQ,8,False
72,Anonymized_DeepSeek-V4-Pro,PQ,7,False
72,Anonymized_DeepSeek-V4-Pro,CQ,9,True
72,Anonymized_DeepSeek-V4-Pro,CQ,8,False
72,Anonymized_DeepSeek-V4-Pro,CQ,4,False
72,Anonymized_DeepSeek-V4-Pro,CQ,2,False
72,Anonymized_DeepSeek-V4-Pro,PQ,10,False
72,Anonymized_DeepSeek-V4-Pro,CQ,1,False
72,Anonymized_Llama-4-Maverick-17B-128E-Instruct-FP8,PQ,1,False
72,Anonymized_Llama-4-Maverick-17B-128E-Instruct-FP8,PQ,2,False
72,Anonymized_gpt-3.5-turbo,PQ,5,False
72,Anonymized_NER,CQ,5,False
72,Anonymized_Llama-4-Maverick-17B-128E-Instruct-FP8,CQ,2,False
72,Anonymized_DeepSeek-V4-Pro,PQ,2,False
72,Anonymized_gpt-4o,PQ,9,False
72,Anonymized_NER,PQ,3,False
72,Anonymized_Llama-4-Maverick-17B-128E-Instruct-FP8,CQ,4,False
72,Anonymized_NER,CQ,8,False
72,Anonymized_DeepSeek-V4-Pro,PQ,9,False
72,Anonymized_DeepSeek-V4-Pro,CQ,3,False
72,Anonymized_Llama-4-Maverick-17B-128E-Instruct-FP8,PQ,7,False
72,Anonymized_Llama-4-Maverick-17B-128E-Instruct-FP8,PQ,4,False
72,Anonymized_Llama-4-Maverick-17B-128E-Instruct-FP8,PQ,8,False
72,Anonymized_Llama-4-Maverick-17B-128E-Instruct-FP8,PQ,9,False
72,Anonymized_Llama-4-Maverick-17B-128E-Instruct-FP8,PQ,3,False
72,Anonymized_Llama-4-Maverick-17B-128E-Instruct-FP8,PQ,6,False
72,Anonymized_Llama-4-Maverick-17B-128E-Instruct-FP8,PQ,10,False
72,Anonymized_Llama-4-Maverick-17B-128E-Instruct-FP8,CQ,1,False
72,Anonymized_Llama-4-Maverick_fewshot,PQ,2,False
72,Anonymized_Llama-4-Maverick-17B-128E-Instruct-FP8,CQ,7,False
72,Anonymized_Llama-4-Maverick-17B-128E-Instruct-FP8,CQ,8,False
72,Anonymized_Llama-4-Maverick_fewshot,CQ,2,False
72,Anonymized_gpt-4o,PQ,5,False
72,Anonymized_Llama-4-Maverick-17B-128E-Instruct-FP8,CQ,3,False
72,Anonymized_NER,PQ,6,False
72,Anonymized_DeepSeek-V4-Pro,PQ,3,False
72,Anonymized_Llama-4-Maverick-17B-128E-Instruct-FP8,CQ,5,False
72,Anonymized_Llama-4-Maverick_fewshot,PQ,4,False
72,Anonymized_Llama-4-Maverick_fewshot,PQ,7,False
72,Anonymized_Llama-4-Maverick-17B-128E-Instruct-FP8,CQ,10,True
72,Anonymized_Llama-4-Maverick_fewshot,CQ,1,False
72,Anonymized_Llama-4-Maverick_fewshot,CQ,6,False
72,Anonymized_DeepSeek-V4-Pro,CQ,5,False
72,Anonymized_Llama-4-Maverick_fewshot,PQ,5,False
72,Anonymized_Llama-4-Maverick_fewshot,CQ,3,False
72,Anonymized_Llama-4-Maverick_fewshot,PQ,10,False
72,Anonymized_Llama-4-Maverick_fewshot,CQ,4,False
72,Anonymized_DeepSeek-V4-Pro,PQ,4,False
72,Anonymized_Llama-4-Maverick_fewshot,CQ,9,True
72,Anonymized_Llama-4-Maverick-17B-128E-Instruct-FP8,CQ,6,False
72,Anonymized_Llama-4-Maverick_fewshot,PQ,3,False
72,Anonymized_DeepSeek-V4-Pro,PQ,6,False
72,Anonymized_Llama-4-Maverick_fewshot,PQ,1,False
72,Anonymized_Llama-4-Maverick_synthetic,PQ,2,False
72,Anonymized_Llama-4-Maverick_synthetic,PQ,4,False
72,Anonymized_Llama-4-Maverick_fewshot,CQ,8,False
72,Anonymized_Llama-4-Maverick_fewshot,PQ,9,False
72,Anonymized_Llama-4-Maverick-17B-128E-Instruct-FP8,CQ,9,True
72,Anonymized_Llama-4-Maverick_synthetic,PQ,7,False
72,Anonymized_Llama-4-Maverick_synthetic,PQ,6,False
72,Anonymized_Llama-4-Maverick_synthetic,CQ,2,False
72,Anonymized_Llama-4-Maverick_synthetic,PQ,8,False
72,Anonymized_Llama-4-Maverick_synthetic,CQ,3,False
72,Anonymized_Llama-4-Maverick_synthetic,CQ,1,False
72,Anonymized_Llama-4-Maverick_synthetic,CQ,7,False
72,Anonymized_Llama-4-Maverick_synthetic,CQ,8,False
72,Anonymized_Llama-4-Maverick_synthetic,CQ,9,True
72,Anonymized_Llama-4-Maverick_synthetic,PQ,3,False
72,Anonymized_Llama-4-Maverick_fewshot,PQ,6,False
72,Anonymized_Llama-4-Maverick_synthetic,CQ,6,False
72,Anonymized_Llama-4-Maverick_synthetic,PQ,10,False
72,Anonymized_Llama-4-Maverick-17B-128E-Instruct-FP8,PQ,5,False
72,Anonymized_Llama-4-Maverick_fewshot,CQ,5,False
72,Anonymized_Llama-4-Maverick_synthetic,CQ,5,False
72,Anonymized_Llama-4-Maverick_synthetic,CQ,10,False
72,Anonymized_Llama-4-Maverick_fewshot,PQ,8,False
72,Anonymized_DeepSeek-V4-Pro,CQ,10,False
72,Anonymized_Llama-4-Maverick_synthetic,CQ,4,False
72,Anonymized_Llama-4-Maverick_fewshot,CQ,10,False
72,Anonymized_Llama-4-Maverick_fewshot,CQ,7,False
72,Anonymized_Llama-4-Maverick_synthetic,PQ,9,False
74,Anonymized_gpt-3.5-turbo,PQ,1,False
74,Anonymized_gpt-3.5-turbo,PQ,2,False
74,Anonymized_gpt-3.5-turbo,CQ,3,False
74,Anonymized_gpt-3.5-turbo,CQ,4,False
74,Anonymized_gpt-3.5-turbo,CQ,1,False
74,Anonymized_gpt-3.5-turbo,CQ,2,False
74,Anonymized_gpt-3.5-turbo,PQ,6,False
74,Anonymized_gpt-3.5-turbo,PQ,5,False
74,Anonymized_gpt-3.5-turbo,PQ,4,False
74,Anonymized_gpt-3.5-turbo,PQ,10,False
74,Anonymized_gpt-3.5-turbo,CQ,10,False
74,Anonymized_gpt-3.5-turbo,CQ,7,False
74,Anonymized_gpt-4o,CQ,2,False
74,Anonymized_gpt-4o,CQ,3,False
74,Anonymized_gpt-3.5-turbo,CQ,5,False
74,Anonymized_gpt-4o,PQ,4,False
74,Anonymized_gpt-4o,PQ,5,False
74,Anonymized_gpt-4o,PQ,2,False
74,Anonymized_gpt-4o,CQ,5,False
74,Anonymized_gpt-4o,PQ,3,False
74,Anonymized_gpt-4o,CQ,6,False
74,Anonymized_gpt-4o,PQ,8,True
74,Anonymized_gpt-4o,CQ,7,False
72,Anonymized_Llama-4-Maverick_synthetic,PQ,5,False
74,Anonymized_gpt-4o,PQ,9,False
72,Anonymized_Llama-4-Maverick_synthetic,PQ,1,False
74,Anonymized_gpt-4o,PQ,10,False
74,Anonymized_gpt-4o,CQ,9,False
72,Anonymized_gpt-4o,CQ,10,False
74,Anonymized_gpt-4o,CQ,10,False
74,Anonymized_gpt-3.5-turbo,CQ,6,False
74,Anonymized_gpt-4o,CQ,8,False
74,Anonymized_gpt-4o,PQ,1,False
74,Anonymized_NER,CQ,3,False
74,Anonymized_gpt-4o,CQ,4,False
74,Anonymized_gpt-4o,PQ,7,False
74,Anonymized_NER,CQ,4,False
74,Anonymized_gpt-3.5-turbo,PQ,7,False
74,Anonymized_NER,CQ,5,False
74,Anonymized_NER,PQ,6,False
74,Anonymized_NER,PQ,7,False
74,Anonymized_NER,PQ,4,False
74,Anonymized_gpt-3.5-turbo,PQ,3,False
74,Anonymized_NER,CQ,8,False
74,Anonymized_NER,PQ,5,False
74,Anonymized_NER,PQ,10,False
74,Anonymized_NER,CQ,9,False
74,Anonymized_DeepSeek-V4-Pro,PQ,2,False
74,Anonymized_NER,CQ,2,False
74,Anonymized_gpt-4o,CQ,1,False
74,Anonymized_DeepSeek-V4-Pro,CQ,3,False
74,Anonymized_NER,PQ,2,False
74,Anonymized_DeepSeek-V4-Pro,CQ,2,False
74,Anonymized_gpt-3.5-turbo,CQ,9,False
74,Anonymized_DeepSeek-V4-Pro,PQ,5,False
74,Anonymized_DeepSeek-V4-Pro,PQ,6,False
74,Anonymized_DeepSeek-V4-Pro,CQ,5,False
74,Anonymized_NER,CQ,6,False
74,Anonymized_gpt-3.5-turbo,CQ,8,False
74,Anonymized_DeepSeek-V4-Pro,PQ,8,True
74,Anonymized_DeepSeek-V4-Pro,CQ,6,False
74,Anonymized_DeepSeek-V4-Pro,PQ,3,False
74,Anonymized_DeepSeek-V4-Pro,PQ,9,False
74,Anonymized_NER,PQ,8,True
74,Anonymized_DeepSeek-V4-Pro,CQ,4,False
74,Anonymized_gpt-4o,PQ,6,False
74,Anonymized_DeepSeek-V4-Pro,PQ,4,False
74,Anonymized_DeepSeek-V4-Pro,PQ,7,False
74,Anonymized_DeepSeek-V4-Pro,CQ,1,False
74,Anonymized_Llama-4-Maverick-17B-128E-Instruct-FP8,CQ,1,False
74,Anonymized_DeepSeek-V4-Pro,PQ,1,False
74,Anonymized_Llama-4-Maverick-17B-128E-Instruct-FP8,PQ,1,False
74,Anonymized_gpt-3.5-turbo,PQ,9,False
74,Anonymized_DeepSeek-V4-Pro,PQ,10,False
74,Anonymized_DeepSeek-V4-Pro,CQ,9,False
72,Anonymized_DeepSeek-V4-Pro,CQ,7,False
74,Anonymized_Llama-4-Maverick-17B-128E-Instruct-FP8,PQ,5,False
74,Anonymized_NER,CQ,1,False
74,Anonymized_gpt-3.5-turbo,PQ,8,True
74,Anonymized_DeepSeek-V4-Pro,CQ,8,False
74,Anonymized_Llama-4-Maverick-17B-128E-Instruct-FP8,CQ,2,False
74,Anonymized_Llama-4-Maverick-17B-128E-Instruct-FP8,CQ,6,False
74,Anonymized_Llama-4-Maverick-17B-128E-Instruct-FP8,PQ,9,False
74,Anonymized_DeepSeek-V4-Pro,CQ,7,False
74,Anonymized_Llama-4-Maverick-17B-128E-Instruct-FP8,CQ,7,False
74,Anonymized_NER,CQ,10,False
74,Anonymized_Llama-4-Maverick_fewshot,PQ,1,False
74,Anonymized_NER,CQ,7,False
74,Anonymized_Llama-4-Maverick-17B-128E-Instruct-FP8,PQ,10,False
74,Anonymized_Llama-4-Maverick-17B-128E-Instruct-FP8,PQ,8,False
74,Anonymized_NER,PQ,1,False
74,Anonymized_Llama-4-Maverick-17B-128E-Instruct-FP8,CQ,9,False
74,Anonymized_Llama-4-Maverick_fewshot,PQ,2,False
74,Anonymized_Llama-4-Maverick_fewshot,CQ,1,False
74,Anonymized_Llama-4-Maverick-17B-128E-Instruct-FP8,CQ,5,False
74,Anonymized_Llama-4-Maverick-17B-128E-Instruct-FP8,CQ,10,False
74,Anonymized_Llama-4-Maverick-17B-128E-Instruct-FP8,CQ,4,False
74,Anonymized_Llama-4-Maverick_fewshot,PQ,3,False
74,Anonymized_Llama-4-Maverick_fewshot,CQ,2,False
74,Anonymized_Llama-4-Maverick_fewshot,PQ,7,False
74,Anonymized_Llama-4-Maverick_fewshot,CQ,7,False
74,Anonymized_DeepSeek-V4-Pro,CQ,10,False
74,Anonymized_Llama-4-Maverick_fewshot,CQ,5,False
74,Anonymized_Llama-4-Maverick_fewshot,CQ,4,False
74,Anonymized_Llama-4-Maverick-17B-128E-Instruct-FP8,CQ,8,False
74,Anonymized_Llama-4-Maverick-17B-128E-Instruct-FP8,PQ,4,False
74,Anonymized_Llama-4-Maverick_fewshot,CQ,6,False
74,Anonymized_Llama-4-Maverick_fewshot,CQ,3,False
74,Anonymized_Llama-4-Maverick_synthetic,PQ,2,True
74,Anonymized_Llama-4-Maverick_fewshot,PQ,5,False
74,Anonymized_Llama-4-Maverick_fewshot,PQ,6,False
74,Anonymized_Llama-4-Maverick_fewshot,CQ,8,False
74,Anonymized_Llama-4-Maverick_fewshot,PQ,8,False
74,Anonymized_Llama-4-Maverick_fewshot,PQ,10,False
74,Anonymized_Llama-4-Maverick_synthetic,PQ,4,False
74,Anonymized_Llama-4-Maverick_synthetic,CQ,4,False
74,Anonymized_Llama-4-Maverick_synthetic,CQ,1,False
74,Anonymized_NER,PQ,3,False
74,Anonymized_Llama-4-Maverick_synthetic,CQ,5,False
74,Anonymized_Llama-4-Maverick_synthetic,CQ,2,False
74,Anonymized_Llama-4-Maverick_fewshot,CQ,9,False
74,Anonymized_Llama-4-Maverick_synthetic,PQ,9,False
74,Anonymized_Llama-4-Maverick_synthetic,CQ,7,False
74,Anonymized_Llama-4-Maverick_synthetic,PQ,8,True
74,Anonymized_Llama-4-Maverick_synthetic,PQ,1,False
74,Anonymized_Llama-4-Maverick_fewshot,PQ,4,False
74,Anonymized_Llama-4-Maverick_synthetic,PQ,6,False
74,Anonymized_Llama-4-Maverick_fewshot,PQ,9,False
74,Anonymized_Llama-4-Maverick_synthetic,CQ,9,False
74,Anonymized_Llama-4-Maverick_synthetic,CQ,3,False
74,Anonymized_Llama-4-Maverick_synthetic,PQ,7,False
74,Anonymized_Llama-4-Maverick_synthetic,PQ,5,False
74,Anonymized_Llama-4-Maverick_fewshot,CQ,10,False
74,Anonymized_Llama-4-Maverick_synthetic,CQ,6,False
74,Anonymized_Llama-4-Maverick_synthetic,CQ,8,False
74,Anonymized_Llama-4-Maverick_synthetic,PQ,10,False
74,Anonymized_Llama-4-Maverick-17B-128E-Instruct-FP8,PQ,7,False
74,Anonymized_Llama-4-Maverick_synthetic,PQ,3,False
74,Anonymized_NER,PQ,9,False
74,Anonymized_Llama-4-Maverick-17B-128E-Instruct-FP8,PQ,6,False
78,Anonymized_gpt-3.5-turbo,PQ,1,False
74,Anonymized_Llama-4-Maverick_synthetic,CQ,10,False
74,Anonymized_Llama-4-Maverick-17B-128E-Instruct-FP8,CQ,3,False
78,Anonymized_gpt-3.5-turbo,PQ,3,False
74,Anonymized_Llama-4-Maverick-17B-128E-Instruct-FP8,PQ,2,False
78,Anonymized_gpt-3.5-turbo,PQ,5,False
78,Anonymized_gpt-3.5-turbo,CQ,1,False
78,Anonymized_gpt-3.5-turbo,CQ,2,False
78,Anonymized_gpt-3.5-turbo,PQ,7,False
78,Anonymized_gpt-3.5-turbo,PQ,6,False
78,Anonymized_gpt-3.5-turbo,PQ,9,False
78,Anonymized_gpt-3.5-turbo,CQ,5,False
78,Anonymized_gpt-4o,PQ,1,False
78,Anonymized_gpt-3.5-turbo,CQ,4,False
78,Anonymized_gpt-3.5-turbo,CQ,6,False
78,Anonymized_gpt-3.5-turbo,CQ,10,False
78,Anonymized_gpt-4o,PQ,4,False
78,Anonymized_gpt-3.5-turbo,CQ,8,False
78,Anonymized_gpt-3.5-turbo,CQ,3,False
78,Anonymized_gpt-3.5-turbo,PQ,8,False
78,Anonymized_gpt-4o,CQ,4,False
74,Anonymized_Llama-4-Maverick-17B-128E-Instruct-FP8,PQ,3,False
78,Anonymized_gpt-4o,CQ,5,False
78,Anonymized_gpt-4o,CQ,6,False
78,Anonymized_gpt-4o,CQ,3,False
78,Anonymized_gpt-4o,CQ,7,False
78,Anonymized_gpt-4o,PQ,9,False
78,Anonymized_gpt-4o,CQ,8,False
78,Anonymized_NER,PQ,1,False
78,Anonymized_gpt-4o,PQ,2,False
78,Anonymized_NER,PQ,2,False
78,Anonymized_gpt-4o,CQ,10,False
78,Anonymized_gpt-4o,PQ,5,False
78,Anonymized_gpt-4o,CQ,9,False
78,Anonymized_NER,PQ,3,False
78,Anonymized_NER,PQ,4,False
78,Anonymized_NER,CQ,5,False
78,Anonymized_gpt-3.5-turbo,PQ,2,False
78,Anonymized_gpt-4o,CQ,2,False
78,Anonymized_NER,PQ,6,False
78,Anonymized_NER,PQ,8,False
78,Anonymized_NER,CQ,2,False
78,Anonymized_NER,CQ,3,False
78,Anonymized_NER,PQ,9,False
78,Anonymized_NER,CQ,10,False
78,Anonymized_NER,CQ,8,False
78,Anonymized_NER,CQ,9,False
78,Anonymized_NER,PQ,7,False
78,Anonymized_DeepSeek-V4-Pro,PQ,2,False
78,Anonymized_NER,CQ,7,False
78,Anonymized_DeepSeek-V4-Pro,CQ,2,False
78,Anonymized_NER,CQ,4,False
78,Anonymized_DeepSeek-V4-Pro,CQ,3,False
78,Anonymized_NER,PQ,10,False
78,Anonymized_DeepSeek-V4-Pro,CQ,4,False
78,Anonymized_DeepSeek-V4-Pro,PQ,1,False
78,Anonymized_DeepSeek-V4-Pro,PQ,3,False
78,Anonymized_DeepSeek-V4-Pro,CQ,5,False
78,Anonymized_DeepSeek-V4-Pro,PQ,5,False
78,Anonymized_gpt-3.5-turbo,CQ,9,False
78,Anonymized_DeepSeek-V4-Pro,PQ,7,False
78,Anonymized_DeepSeek-V4-Pro,PQ,6,False
78,Anonymized_gpt-4o,CQ,1,False
78,Anonymized_DeepSeek-V4-Pro,PQ,8,False
78,Anonymized_gpt-4o,PQ,3,False
78,Anonymized_gpt-4o,PQ,8,False
78,Anonymized_DeepSeek-V4-Pro,PQ,9,False
78,Anonymized_NER,CQ,1,False
78,Anonymized_DeepSeek-V4-Pro,CQ,9,False
78,Anonymized_DeepSeek-V4-Pro,CQ,1,False
78,Anonymized_DeepSeek-V4-Pro,CQ,6,False
78,Anonymized_DeepSeek-V4-Pro,CQ,8,False
78,Anonymized_DeepSeek-V4-Pro,CQ,7,False
78,Anonymized_gpt-4o,PQ,10,False
78,Anonymized_Llama-4-Maverick-17B-128E-Instruct-FP8,PQ,2,False
78,Anonymized_Llama-4-Maverick-17B-128E-Instruct-FP8,PQ,3,False
78,Anonymized_NER,PQ,5,False
78,Anonymized_DeepSeek-V4-Pro,CQ,10,False
78,Anonymized_Llama-4-Maverick-17B-128E-Instruct-FP8,CQ,3,False
78,Anonymized_DeepSeek-V4-Pro,PQ,4,False
78,Anonymized_Llama-4-Maverick-17B-128E-Instruct-FP8,CQ,5,False
78,Anonymized_Llama-4-Maverick-17B-128E-Instruct-FP8,PQ,8,False
78,Anonymized_Llama-4-Maverick-17B-128E-Instruct-FP8,PQ,4,False
78,Anonymized_Llama-4-Maverick-17B-128E-Instruct-FP8,CQ,2,False
78,Anonymized_gpt-3.5-turbo,PQ,4,False
78,Anonymized_Llama-4-Maverick-17B-128E-Instruct-FP8,PQ,7,False
78,Anonymized_Llama-4-Maverick-17B-128E-Instruct-FP8,CQ,10,False
78,Anonymized_Llama-4-Maverick-17B-128E-Instruct-FP8,CQ,7,True
78,Anonymized_Llama-4-Maverick_fewshot,PQ,2,False
78,Anonymized_Llama-4-Maverick-17B-128E-Instruct-FP8,PQ,1,False
78,Anonymized_Llama-4-Maverick-17B-128E-Instruct-FP8,PQ,9,False
78,Anonymized_Llama-4-Maverick_fewshot,CQ,3,False
78,Anonymized_Llama-4-Maverick-17B-128E-Instruct-FP8,CQ,9,False
78,Anonymized_Llama-4-Maverick-17B-128E-Instruct-FP8,PQ,6,False
78,Anonymized_Llama-4-Maverick-17B-128E-Instruct-FP8,PQ,10,False
78,Anonymized_Llama-4-Maverick_fewshot,PQ,1,False
78,Anonymized_Llama-4-Maverick_fewshot,PQ,6,False
78,Anonymized_Llama-4-Maverick_fewshot,CQ,1,False
78,Anonymized_Llama-4-Maverick_fewshot,CQ,5,False
78,Anonymized_Llama-4-Maverick_fewshot,PQ,8,False
78,Anonymized_Llama-4-Maverick_fewshot,CQ,6,False
78,Anonymized_Llama-4-Maverick_fewshot,PQ,9,False
78,Anonymized_Llama-4-Maverick_fewshot,CQ,7,False
78,Anonymized_Llama-4-Maverick_fewshot,CQ,8,False
78,Anonymized_Llama-4-Maverick_fewshot,PQ,5,False
78,Anonymized_Llama-4-Maverick_fewshot,CQ,10,False
78,Anonymized_Llama-4-Maverick_fewshot,PQ,7,False
78,Anonymized_Llama-4-Maverick_fewshot,CQ,9,False
78,Anonymized_Llama-4-Maverick-17B-128E-Instruct-FP8,PQ,5,False
78,Anonymized_Llama-4-Maverick_synthetic,PQ,1,False
78,Anonymized_NER,CQ,6,False
78,Anonymized_Llama-4-Maverick_synthetic,CQ,2,False
78,Anonymized_Llama-4-Maverick_synthetic,CQ,3,False
78,Anonymized_Llama-4-Maverick_synthetic,PQ,5,False
78,Anonymized_Llama-4-Maverick_fewshot,PQ,10,False
78,Anonymized_Llama-4-Maverick_fewshot,PQ,4,False
78,Anonymized_Llama-4-Maverick_fewshot,CQ,4,False
78,Anonymized_Llama-4-Maverick_synthetic,CQ,6,False
78,Anonymized_Llama-4-Maverick_synthetic,PQ,3,False
78,Anonymized_Llama-4-Maverick_synthetic,PQ,7,False
78,Anonymized_Llama-4-Maverick_synthetic,PQ,8,False
78,Anonymized_Llama-4-Maverick_synthetic,PQ,9,False
78,Anonymized_Llama-4-Maverick_synthetic,CQ,8,False
78,Anonymized_Llama-4-Maverick_synthetic,CQ,1,False
78,Anonymized_Llama-4-Maverick_fewshot,CQ,2,False
78,Anonymized_gpt-3.5-turbo,CQ,7,False
78,Anonymized_Llama-4-Maverick-17B-128E-Instruct-FP8,CQ,6,False
78,Anonymized_Llama-4-Maverick_synthetic,CQ,7,False
78,Anonymized_gpt-3.5-turbo,PQ,10,False
78,Anonymized_Llama-4-Maverick_fewshot,PQ,3,False
78,Anonymized_Llama-4-Maverick_synthetic,CQ,4,False
78,Anonymized_Llama-4-Maverick-17B-128E-Instruct-FP8,CQ,8,False
78,Anonymized_Llama-4-Maverick_synthetic,CQ,5,False
78,Anonymized_DeepSeek-V4-Pro,PQ,10,False
78,Anonymized_Llama-4-Maverick-17B-128E-Instruct-FP8,CQ,1,False
78,Anonymized_Llama-4-Maverick_synthetic,CQ,9,False
78,Anonymized_Llama-4-Maverick_synthetic,PQ,10,False
78,Anonymized_Llama-4-Maverick_synthetic,PQ,2,False
78,Anonymized_Llama-4-Maverick_synthetic,CQ,10,False
78,Anonymized_gpt-4o,PQ,7,False
78,Anonymized_Llama-4-Maverick-17B-128E-Instruct-FP8,CQ,4,False
88,Anonymized_gpt-3.5-turbo,CQ,1,False
88,Anonymized_gpt-3.5-turbo,PQ,8,False
88,Anonymized_gpt-3.5-turbo,CQ,6,False
88,Anonymized_gpt-3.5-turbo,PQ,2,False
88,Anonymized_gpt-3.5-turbo,PQ,5,True
88,Anonymized_gpt-3.5-turbo,PQ,10,False
88,Anonymized_gpt-3.5-turbo,PQ,3,False
88,Anonymized_gpt-3.5-turbo,PQ,6,False
88,Anonymized_gpt-3.5-turbo,PQ,4,False
88,Anonymized_gpt-3.5-turbo,CQ,8,False
88,Anonymized_gpt-3.5-turbo,CQ,7,False
88,Anonymized_gpt-3.5-turbo,CQ,3,False
88,Anonymized_gpt-3.5-turbo,PQ,7,False
88,Anonymized_gpt-3.5-turbo,PQ,9,False
88,Anonymized_gpt-3.5-turbo,CQ,4,True
88,Anonymized_gpt-3.5-turbo,CQ,9,False
78,Anonymized_Llama-4-Maverick_synthetic,PQ,4,False
88,Anonymized_gpt-3.5-turbo,CQ,5,False
88,Anonymized_gpt-3.5-turbo,CQ,10,True
88,Anonymized_gpt-4o,PQ,1,False
88,Anonymized_gpt-4o,PQ,7,False
88,Anonymized_gpt-4o,PQ,8,False
88,Anonymized_gpt-4o,PQ,6,False
88,Anonymized_gpt-4o,CQ,5,False
88,Anonymized_gpt-4o,CQ,7,False
88,Anonymized_gpt-4o,CQ,6,False
88,Anonymized_gpt-4o,CQ,3,False
88,Anonymized_gpt-4o,CQ,8,False
88,Anonymized_gpt-4o,PQ,3,False
88,Anonymized_gpt-4o,PQ,5,True
88,Anonymized_gpt-4o,PQ,2,False
88,Anonymized_gpt-4o,PQ,4,False
88,Anonymized_gpt-4o,CQ,2,True
88,Anonymized_gpt-4o,PQ,9,False
88,Anonymized_NER,PQ,2,False
88,Anonymized_gpt-4o,CQ,4,False
88,Anonymized_gpt-4o,CQ,10,True
88,Anonymized_NER,PQ,1,True
88,Anonymized_gpt-4o,CQ,9,False
88,Anonymized_NER,PQ,5,True
88,Anonymized_gpt-4o,CQ,1,True
88,Anonymized_NER,CQ,6,False
88,Anonymized_NER,CQ,2,True
88,Anonymized_NER,PQ,6,False
78,Anonymized_Llama-4-Maverick_synthetic,PQ,6,False
88,Anonymized_NER,PQ,4,False
88,Anonymized_NER,CQ,1,False
88,Anonymized_gpt-3.5-turbo,PQ,1,False
88,Anonymized_NER,CQ,4,False
88,Anonymized_NER,PQ,3,False
88,Anonymized_NER,CQ,7,False
88,Anonymized_gpt-3.5-turbo,CQ,2,True
88,Anonymized_NER,PQ,9,True
88,Anonymized_NER,PQ,10,True
88,Anonymized_NER,CQ,8,False
88,Anonymized_NER,PQ,7,False
88,Anonymized_DeepSeek-V4-Pro,PQ,1,False
88,Anonymized_DeepSeek-V4-Pro,PQ,5,True
88,Anonymized_DeepSeek-V4-Pro,PQ,6,False
88,Anonymized_DeepSeek-V4-Pro,CQ,6,False
88,Anonymized_NER,CQ,10,True
88,Anonymized_DeepSeek-V4-Pro,PQ,4,False
88,Anonymized_DeepSeek-V4-Pro,CQ,4,False
88,Anonymized_DeepSeek-V4-Pro,CQ,3,False
88,Anonymized_DeepSeek-V4-Pro,PQ,3,False
88,Anonymized_DeepSeek-V4-Pro,CQ,2,True
88,Anonymized_DeepSeek-V4-Pro,CQ,5,False
88,Anonymized_DeepSeek-V4-Pro,PQ,8,False
88,Anonymized_DeepSeek-V4-Pro,PQ,2,False
88,Anonymized_DeepSeek-V4-Pro,PQ,7,False
88,Anonymized_DeepSeek-V4-Pro,PQ,10,False
88,Anonymized_Llama-4-Maverick-17B-128E-Instruct-FP8,PQ,2,False
88,Anonymized_DeepSeek-V4-Pro,CQ,7,False
88,Anonymized_DeepSeek-V4-Pro,CQ,9,False
88,Anonymized_DeepSeek-V4-Pro,PQ,9,False
88,Anonymized_Llama-4-Maverick-17B-128E-Instruct-FP8,PQ,1,False
88,Anonymized_gpt-4o,PQ,10,False
88,Anonymized_DeepSeek-V4-Pro,CQ,10,True
88,Anonymized_Llama-4-Maverick-17B-128E-Instruct-FP8,PQ,3,False
88,Anonymized_Llama-4-Maverick-17B-128E-Instruct-FP8,PQ,5,True
88,Anonymized_Llama-4-Maverick-17B-128E-Instruct-FP8,PQ,4,False
88,Anonymized_Llama-4-Maverick-17B-128E-Instruct-FP8,PQ,6,False
88,Anonymized_NER,CQ,3,False
88,Anonymized_Llama-4-Maverick-17B-128E-Instruct-FP8,CQ,3,False
88,Anonymized_DeepSeek-V4-Pro,CQ,8,False
88,Anonymized_Llama-4-Maverick-17B-128E-Instruct-FP8,CQ,7,False
88,Anonymized_Llama-4-Maverick-17B-128E-Instruct-FP8,PQ,7,False
88,Anonymized_Llama-4-Maverick-17B-128E-Instruct-FP8,CQ,4,True
88,Anonymized_Llama-4-Maverick-17B-128E-Instruct-FP8,CQ,5,False
88,Anonymized_Llama-4-Maverick-17B-128E-Instruct-FP8,CQ,2,True
88,Anonymized_Llama-4-Maverick-17B-128E-Instruct-FP8,PQ,8,False
88,Anonymized_Llama-4-Maverick-17B-128E-Instruct-FP8,CQ,6,False
88,Anonymized_NER,PQ,8,False
88,Anonymized_Llama-4-Maverick-17B-128E-Instruct-FP8,CQ,8,False
88,Anonymized_Llama-4-Maverick-17B-128E-Instruct-FP8,CQ,10,True
88,Anonymized_Llama-4-Maverick_fewshot,PQ,5,True
88,Anonymized_Llama-4-Maverick-17B-128E-Instruct-FP8,CQ,9,False
88,Anonymized_Llama-4-Maverick-17B-128E-Instruct-FP8,PQ,9,False
88,Anonymized_NER,CQ,5,False
88,Anonymized_Llama-4-Maverick-17B-128E-Instruct-FP8,CQ,1,False
88,Anonymized_Llama-4-Maverick-17B-128E-Instruct-FP8,PQ,10,False
88,Anonymized_Llama-4-Maverick_fewshot,PQ,1,False
88,Anonymized_Llama-4-Maverick_fewshot,PQ,3,False
88,Anonymized_Llama-4-Maverick_fewshot,PQ,2,False
88,Anonymized_Llama-4-Maverick_fewshot,PQ,4,False
88,Anonymized_Llama-4-Maverick_fewshot,CQ,3,False
88,Anonymized_NER,CQ,9,False
88,Anonymized_Llama-4-Maverick_fewshot,CQ,2,True
88,Anonymized_Llama-4-Maverick_synthetic,PQ,1,False
88,Anonymized_Llama-4-Maverick_fewshot,CQ,1,False
88,Anonymized_Llama-4-Maverick_fewshot,CQ,6,False
88,Anonymized_Llama-4-Maverick_synthetic,PQ,3,False
88,Anonymized_Llama-4-Maverick_fewshot,CQ,5,False
88,Anonymized_Llama-4-Maverick_fewshot,CQ,9,False
88,Anonymized_Llama-4-Maverick_fewshot,CQ,4,False
88,Anonymized_Llama-4-Maverick_fewshot,PQ,8,False
88,Anonymized_Llama-4-Maverick_fewshot,PQ,10,False
88,Anonymized_Llama-4-Maverick_fewshot,CQ,10,True
88,Anonymized_Llama-4-Maverick_fewshot,CQ,8,False
88,Anonymized_Llama-4-Maverick_synthetic,PQ,5,True
88,Anonymized_Llama-4-Maverick_fewshot,CQ,7,False
88,Anonymized_Llama-4-Maverick_synthetic,CQ,2,True
88,Anonymized_Llama-4-Maverick_synthetic,PQ,2,False
88,Anonymized_Llama-4-Maverick_synthetic,CQ,3,False
88,Anonymized_Llama-4-Maverick_fewshot,PQ,9,False
88,Anonymized_Llama-4-Maverick_synthetic,CQ,4,True
88,Anonymized_Llama-4-Maverick_synthetic,PQ,6,False
88,Anonymized_Llama-4-Maverick_synthetic,PQ,4,False
88,Anonymized_Llama-4-Maverick_synthetic,CQ,1,False
88,Anonymized_Llama-4-Maverick_synthetic,PQ,9,False
88,Anonymized_Llama-4-Maverick_synthetic,PQ,10,False
88,Anonymized_Llama-4-Maverick_synthetic,CQ,10,True
88,Anonymized_Llama-4-Maverick_synthetic,CQ,9,False
88,Anonymized_Llama-4-Maverick_synthetic,PQ,8,False
88,Anonymized_Llama-4-Maverick_synthetic,CQ,7,False
88,Anonymized_Llama-4-Maverick_synthetic,PQ,7,False
112,Anonymized_gpt-3.5-turbo,PQ,1,False
88,Anonymized_Llama-4-Maverick_synthetic,CQ,5,False
88,Anonymized_Llama-4-Maverick_synthetic,CQ,8,False
112,Anonymized_gpt-3.5-turbo,CQ,1,True
112,Anonymized_gpt-3.5-turbo,PQ,6,False
112,Anonymized_gpt-3.5-turbo,PQ,2,True
112,Anonymized_gpt-3.5-turbo,PQ,5,False
112,Anonymized_gpt-3.5-turbo,PQ,7,False
112,Anonymized_gpt-3.5-turbo,PQ,3,False
112,Anonymized_gpt-3.5-turbo,CQ,6,True
112,Anonymized_gpt-3.5-turbo,CQ,9,False
112,Anonymized_gpt-3.5-turbo,PQ,10,False
112,Anonymized_gpt-3.5-turbo,CQ,7,True
112,Anonymized_gpt-3.5-turbo,CQ,2,False
112,Anonymized_gpt-3.5-turbo,PQ,4,True
112,Anonymized_gpt-4o,PQ,3,False
112,Anonymized_gpt-3.5-turbo,CQ,5,False
112,Anonymized_gpt-3.5-turbo,CQ,10,False
112,Anonymized_gpt-4o,CQ,4,False
112,Anonymized_gpt-4o,CQ,5,False
112,Anonymized_gpt-4o,PQ,2,True
112,Anonymized_gpt-3.5-turbo,CQ,3,False
112,Anonymized_gpt-3.5-turbo,CQ,8,False
88,Anonymized_Llama-4-Maverick_fewshot,PQ,7,False
112,Anonymized_gpt-4o,CQ,7,True
112,Anonymized_gpt-4o,CQ,8,False
88,Anonymized_DeepSeek-V4-Pro,CQ,1,False
112,Anonymized_gpt-4o,PQ,9,False
112,Anonymized_gpt-4o,PQ,10,False
112,Anonymized_gpt-4o,CQ,9,False
112,Anonymized_gpt-3.5-turbo,PQ,9,False
112,Anonymized_NER,PQ,2,True
112,Anonymized_gpt-4o,CQ,2,False
112,Anonymized_NER,CQ,2,False
112,Anonymized_NER,PQ,4,True
112,Anonymized_gpt-4o,CQ,6,True
112,Anonymized_NER,CQ,3,False
112,Anonymized_NER,PQ,5,False
112,Anonymized_gpt-3.5-turbo,CQ,4,False
112,Anonymized_NER,CQ,5,False
112,Anonymized_NER,CQ,6,False
112,Anonymized_NER,CQ,7,True
112,Anonymized_gpt-4o,PQ,6,False
88,Anonymized_Llama-4-Maverick_synthetic,CQ,6,False
112,Anonymized_gpt-4o,CQ,10,False
112,Anonymized_NER,CQ,1,True
112,Anonymized_gpt-4o,PQ,7,False
112,Anonymized_gpt-4o,CQ,1,True
112,Anonymized_gpt-4o,PQ,4,True
112,Anonymized_DeepSeek-V4-Pro,PQ,2,True
112,Anonymized_NER,PQ,8,False
112,Anonymized_NER,PQ,1,False
112,Anonymized_NER,CQ,10,False
112,Anonymized_NER,CQ,4,False
112,Anonymized_NER,CQ,8,False
112,Anonymized_NER,PQ,9,False
112,Anonymized_NER,PQ,7,False
112,Anonymized_DeepSeek-V4-Pro,CQ,5,False
112,Anonymized_DeepSeek-V4-Pro,CQ,1,False
112,Anonymized_DeepSeek-V4-Pro,PQ,7,False
112,Anonymized_gpt-3.5-turbo,PQ,8,False
112,Anonymized_gpt-4o,PQ,1,False
112,Anonymized_DeepSeek-V4-Pro,PQ,6,False
112,Anonymized_NER,PQ,10,False
112,Anonymized_DeepSeek-V4-Pro,CQ,6,False
112,Anonymized_DeepSeek-V4-Pro,CQ,7,True
112,Anonymized_DeepSeek-V4-Pro,PQ,9,False
112,Anonymized_DeepSeek-V4-Pro,CQ,8,False
112,Anonymized_DeepSeek-V4-Pro,PQ,10,False
112,Anonymized_DeepSeek-V4-Pro,PQ,8,False
112,Anonymized_gpt-4o,PQ,5,False
88,Anonymized_Llama-4-Maverick_fewshot,PQ,6,False
112,Anonymized_gpt-4o,CQ,3,False
112,Anonymized_Llama-4-Maverick-17B-128E-Instruct-FP8,PQ,4,True
112,Anonymized_DeepSeek-V4-Pro,CQ,3,False
112,Anonymized_DeepSeek-V4-Pro,CQ,2,False
112,Anonymized_Llama-4-Maverick-17B-128E-Instruct-FP8,PQ,3,False
112,Anonymized_DeepSeek-V4-Pro,PQ,3,False
112,Anonymized_Llama-4-Maverick-17B-128E-Instruct-FP8,CQ,3,False
112,Anonymized_NER,CQ,9,False
112,Anonymized_Llama-4-Maverick-17B-128E-Instruct-FP8,PQ,7,False
112,Anonymized_DeepSeek-V4-Pro,CQ,9,False
112,Anonymized_DeepSeek-V4-Pro,CQ,10,False
112,Anonymized_Llama-4-Maverick-17B-128E-Instruct-FP8,CQ,7,True
112,Anonymized_Llama-4-Maverick-17B-128E-Instruct-FP8,PQ,9,False
112,Anonymized_NER,PQ,6,False
112,Anonymized_Llama-4-Maverick-17B-128E-Instruct-FP8,CQ,9,False
112,Anonymized_Llama-4-Maverick-17B-128E-Instruct-FP8,CQ,5,False
112,Anonymized_Llama-4-Maverick-17B-128E-Instruct-FP8,CQ,8,False
112,Anonymized_Llama-4-Maverick_fewshot,PQ,1,False
112,Anonymized_Llama-4-Maverick-17B-128E-Instruct-FP8,CQ,10,False
112,Anonymized_Llama-4-Maverick-17B-128E-Instruct-FP8,PQ,8,False
112,Anonymized_Llama-4-Maverick_fewshot,PQ,3,False
112,Anonymized_Llama-4-Maverick_fewshot,CQ,2,False
112,Anonymized_Llama-4-Maverick-17B-128E-Instruct-FP8,CQ,2,False
112,Anonymized_Llama-4-Maverick_fewshot,CQ,1,False
112,Anonymized_Llama-4-Maverick_fewshot,CQ,4,False
112,Anonymized_Llama-4-Maverick-17B-128E-Instruct-FP8,CQ,1,True
112,Anonymized_Llama-4-Maverick_fewshot,CQ,5,False
112,Anonymized_Llama-4-Maverick_fewshot,PQ,7,False
112,Anonymized_Llama-4-Maverick-17B-128E-Instruct-FP8,PQ,10,False
112,Anonymized_Llama-4-Maverick_fewshot,CQ,6,False
112,Anonymized_Llama-4-Maverick_fewshot,PQ,4,False
112,Anonymized_Llama-4-Maverick_fewshot,PQ,2,True
112,Anonymized_Llama-4-Maverick_fewshot,PQ,6,False
112,Anonymized_Llama-4-Maverick_fewshot,PQ,10,False
112,Anonymized_Llama-4-Maverick_fewshot,PQ,8,False
112,Anonymized_Llama-4-Maverick-17B-128E-Instruct-FP8,PQ,2,True
112,Anonymized_Llama-4-Maverick_fewshot,CQ,10,False
112,Anonymized_Llama-4-Maverick_synthetic,CQ,1,True
112,Anonymized_Llama-4-Maverick-17B-128E-Instruct-FP8,PQ,6,False
112,Anonymized_Llama-4-Maverick_fewshot,CQ,8,False
112,Anonymized_Llama-4-Maverick-17B-128E-Instruct-FP8,PQ,5,False
112,Anonymized_Llama-4-Maverick-17B-128E-Instruct-FP8,CQ,4,False
112,Anonymized_Llama-4-Maverick_fewshot,PQ,5,False
112,Anonymized_DeepSeek-V4-Pro,CQ,4,False
112,Anonymized_DeepSeek-V4-Pro,PQ,1,False
112,Anonymized_NER,PQ,3,False
112,Anonymized_Llama-4-Maverick_synthetic,PQ,1,False
112,Anonymized_gpt-4o,PQ,8,False
112,Anonymized_Llama-4-Maverick_synthetic,CQ,2,False
112,Anonymized_Llama-4-Maverick_synthetic,PQ,5,False
112,Anonymized_Llama-4-Maverick_synthetic,CQ,6,False
112,Anonymized_Llama-4-Maverick_synthetic,CQ,8,False
112,Anonymized_DeepSeek-V4-Pro,PQ,4,True
112,Anonymized_Llama-4-Maverick_synthetic,PQ,7,False
112,Anonymized_Llama-4-Maverick_synthetic,PQ,9,False
112,Anonymized_Llama-4-Maverick_fewshot,CQ,3,False
112,Anonymized_Llama-4-Maverick_synthetic,PQ,6,False
112,Anonymized_Llama-4-Maverick_synthetic,PQ,10,False
112,Anonymized_Llama-4-Maverick_synthetic,CQ,4,False
112,Anonymized_Llama-4-Maverick_fewshot,PQ,9,False
112,Anonymized_Llama-4-Maverick_synthetic,PQ,2,True
112,Anonymized_Llama-4-Maverick_synthetic,PQ,3,True
112,Anonymized_Llama-4-Maverick_fewshot,CQ,9,False
112,Anonymized_Llama-4-Maverick_synthetic,CQ,9,False
112,Anonymized_DeepSeek-V4-Pro,PQ,5,False
112,Anonymized_Llama-4-Maverick_synthetic,CQ,3,False
112,Anonymized_Llama-4-Maverick_synthetic,CQ,5,False
112,Anonymized_Llama-4-Maverick_synthetic,CQ,7,True
112,Anonymized_Llama-4-Maverick-17B-128E-Instruct-FP8,CQ,6,False
112,Anonymized_Llama-4-Maverick_synthetic,PQ,8,False
112,Anonymized_Llama-4-Maverick_synthetic,CQ,10,False
112,Anonymized_Llama-4-Maverick_synthetic,PQ,4,True
122,Anonymized_gpt-3.5-turbo,PQ,2,False
122,Anonymized_gpt-3.5-turbo,PQ,5,False
122,Anonymized_gpt-3.5-turbo,PQ,3,False
122,Anonymized_gpt-3.5-turbo,CQ,1,True
122,Anonymized_gpt-3.5-turbo,CQ,2,False
122,Anonymized_gpt-3.5-turbo,CQ,3,False
122,Anonymized_gpt-3.5-turbo,PQ,7,False
122,Anonymized_gpt-3.5-turbo,CQ,6,False
122,Anonymized_gpt-3.5-turbo,PQ,6,False
122,Anonymized_gpt-3.5-turbo,PQ,1,False
122,Anonymized_gpt-4o,PQ,1,False
122,Anonymized_gpt-3.5-turbo,CQ,10,True
122,Anonymized_gpt-4o,PQ,2,False
122,Anonymized_gpt-3.5-turbo,CQ,4,False
122,Anonymized_gpt-3.5-turbo,CQ,7,False
112,Anonymized_Llama-4-Maverick-17B-128E-Instruct-FP8,PQ,1,False
122,Anonymized_gpt-3.5-turbo,PQ,4,False
122,Anonymized_gpt-4o,CQ,3,False
122,Anonymized_gpt-4o,PQ,4,False
122,Anonymized_gpt-4o,PQ,5,False
122,Anonymized_gpt-4o,PQ,3,False
122,Anonymized_gpt-4o,PQ,7,False
122,Anonymized_gpt-4o,CQ,4,False
122,Anonymized_gpt-4o,CQ,5,False
122,Anonymized_gpt-3.5-turbo,PQ,10,False
112,Anonymized_Llama-4-Maverick_fewshot,CQ,7,True
122,Anonymized_gpt-4o,PQ,9,False
122,Anonymized_gpt-4o,CQ,9,True
122,Anonymized_NER,PQ,1,False
122,Anonymized_NER,PQ,3,False
122,Anonymized_gpt-3.5-turbo,PQ,9,False
122,Anonymized_NER,CQ,3,False
122,Anonymized_gpt-4o,PQ,6,False
122,Anonymized_NER,CQ,5,False
122,Anonymized_gpt-3.5-turbo,PQ,8,False
122,Anonymized_NER,PQ,6,False
122,Anonymized_NER,PQ,2,False
122,Anonymized_gpt-3.5-turbo,CQ,9,False
122,Anonymized_NER,PQ,8,False
122,Anonymized_NER,CQ,4,False
122,Anonymized_NER,CQ,7,False
122,Anonymized_NER,CQ,1,True
122,Anonymized_gpt-4o,CQ,10,False
122,Anonymized_gpt-4o,PQ,8,False
122,Anonymized_gpt-3.5-turbo,CQ,8,False
122,Anonymized_NER,CQ,6,False
122,Anonymized_DeepSeek-V4-Pro,PQ,2,False
122,Anonymized_DeepSeek-V4-Pro,CQ,1,False
122,Anonymized_DeepSeek-V4-Pro,CQ,2,False
122,Anonymized_DeepSeek-V4-Pro,PQ,3,False
122,Anonymized_gpt-4o,CQ,1,True
122,Anonymized_DeepSeek-V4-Pro,PQ,4,False
122,Anonymized_DeepSeek-V4-Pro,PQ,1,False
122,Anonymized_gpt-4o,CQ,7,False
122,Anonymized_DeepSeek-V4-Pro,PQ,6,False
122,Anonymized_DeepSeek-V4-Pro,CQ,6,False
122,Anonymized_DeepSeek-V4-Pro,CQ,5,False
122,Anonymized_NER,PQ,5,False
122,Anonymized_DeepSeek-V4-Pro,CQ,3,False
122,Anonymized_NER,PQ,10,False
122,Anonymized_NER,CQ,9,True
122,Anonymized_NER,PQ,7,False
122,Anonymized_DeepSeek-V4-Pro,CQ,9,True
122,Anonymized_gpt-4o,CQ,8,False
122,Anonymized_DeepSeek-V4-Pro,CQ,10,False
122,Anonymized_gpt-4o,CQ,6,False
122,Anonymized_gpt-4o,CQ,2,False
122,Anonymized_Llama-4-Maverick-17B-128E-Instruct-FP8,PQ,1,False
122,Anonymized_DeepSeek-V4-Pro,PQ,5,False
122,Anonymized_NER,CQ,2,True
122,Anonymized_DeepSeek-V4-Pro,PQ,8,False
122,Anonymized_gpt-3.5-turbo,CQ,5,False
122,Anonymized_DeepSeek-V4-Pro,PQ,7,False
122,Anonymized_DeepSeek-V4-Pro,PQ,9,False
122,Anonymized_Llama-4-Maverick-17B-128E-Instruct-FP8,CQ,2,True
122,Anonymized_DeepSeek-V4-Pro,PQ,10,False
122,Anonymized_NER,CQ,8,False
122,Anonymized_Llama-4-Maverick-17B-128E-Instruct-FP8,PQ,6,False
122,Anonymized_Llama-4-Maverick-17B-128E-Instruct-FP8,CQ,6,False
122,Anonymized_Llama-4-Maverick-17B-128E-Instruct-FP8,PQ,7,False
122,Anonymized_Llama-4-Maverick-17B-128E-Instruct-FP8,CQ,5,True
122,Anonymized_Llama-4-Maverick-17B-128E-Instruct-FP8,CQ,4,False
122,Anonymized_Llama-4-Maverick-17B-128E-Instruct-FP8,PQ,5,False
122,Anonymized_Llama-4-Maverick-17B-128E-Instruct-FP8,PQ,9,False
122,Anonymized_Llama-4-Maverick-17B-128E-Instruct-FP8,CQ,3,False
122,Anonymized_Llama-4-Maverick-17B-128E-Instruct-FP8,CQ,7,False
122,Anonymized_Llama-4-Maverick_fewshot,PQ,1,False
122,Anonymized_Llama-4-Maverick-17B-128E-Instruct-FP8,CQ,1,True
122,Anonymized_DeepSeek-V4-Pro,CQ,4,False
122,Anonymized_Llama-4-Maverick-17B-128E-Instruct-FP8,CQ,9,False
122,Anonymized_Llama-4-Maverick_fewshot,CQ,3,False
122,Anonymized_Llama-4-Maverick-17B-128E-Instruct-FP8,PQ,4,False
122,Anonymized_NER,PQ,4,False
122,Anonymized_Llama-4-Maverick_fewshot,PQ,3,False
122,Anonymized_NER,CQ,10,False
122,Anonymized_NER,PQ,9,False
122,Anonymized_Llama-4-Maverick_fewshot,CQ,2,False
122,Anonymized_DeepSeek-V4-Pro,CQ,7,False
122,Anonymized_Llama-4-Maverick_fewshot,CQ,4,False
122,Anonymized_Llama-4-Maverick_fewshot,PQ,8,False
122,Anonymized_Llama-4-Maverick-17B-128E-Instruct-FP8,PQ,8,False
122,Anonymized_DeepSeek-V4-Pro,CQ,8,False
122,Anonymized_Llama-4-Maverick-17B-128E-Instruct-FP8,PQ,3,False
122,Anonymized_Llama-4-Maverick_fewshot,CQ,1,True
122,Anonymized_Llama-4-Maverick_synthetic,CQ,1,True
122,Anonymized_Llama-4-Maverick-17B-128E-Instruct-FP8,CQ,8,False
122,Anonymized_Llama-4-Maverick_synthetic,PQ,2,False
122,Anonymized_Llama-4-Maverick-17B-128E-Instruct-FP8,PQ,2,False
122,Anonymized_Llama-4-Maverick-17B-128E-Instruct-FP8,CQ,10,True
122,Anonymized_Llama-4-Maverick_synthetic,PQ,1,False
122,Anonymized_Llama-4-Maverick_fewshot,CQ,8,False
122,Anonymized_Llama-4-Maverick_synthetic,PQ,5,False
122,Anonymized_Llama-4-Maverick_synthetic,PQ,3,False
122,Anonymized_Llama-4-Maverick_fewshot,PQ,6,False
122,Anonymized_Llama-4-Maverick_fewshot,PQ,9,False
122,Anonymized_Llama-4-Maverick_synthetic,CQ,6,False
122,Anonymized_Llama-4-Maverick_synthetic,CQ,5,False
122,Anonymized_Llama-4-Maverick_synthetic,PQ,6,False
122,Anonymized_Llama-4-Maverick_synthetic,CQ,2,True
122,Anonymized_Llama-4-Maverick_fewshot,PQ,10,False
122,Anonymized_Llama-4-Maverick_synthetic,PQ,8,False
122,Anonymized_Llama-4-Maverick_fewshot,PQ,2,False
122,Anonymized_Llama-4-Maverick_synthetic,PQ,10,False
122,Anonymized_Llama-4-Maverick_synthetic,CQ,9,False
122,Anonymized_gpt-4o,PQ,10,False
122,Anonymized_Llama-4-Maverick_synthetic,CQ,10,False
122,Anonymized_Llama-4-Maverick_fewshot,CQ,9,False
122,Anonymized_Llama-4-Maverick_synthetic,PQ,9,False
122,Anonymized_Llama-4-Maverick_synthetic,PQ,7,False
122,Anonymized_Llama-4-Maverick_fewshot,CQ,5,False
122,Anonymized_Llama-4-Maverick_synthetic,CQ,4,False
122,Anonymized_Llama-4-Maverick_synthetic,CQ,3,False
122,Anonymized_Llama-4-Maverick_synthetic,PQ,4,False
122,Anonymized_Llama-4-Maverick_fewshot,CQ,6,False
122,Anonymized_Llama-4-Maverick_fewshot,CQ,10,False
139,Anonymized_gpt-3.5-turbo,PQ,1,False
122,Anonymized_Llama-4-Maverick_synthetic,CQ,8,False
122,Anonymized_Llama-4-Maverick_fewshot,PQ,5,False
122,Anonymized_Llama-4-Maverick_synthetic,CQ,7,False
122,Anonymized_Llama-4-Maverick-17B-128E-Instruct-FP8,PQ,10,False
139,Anonymized_gpt-3.5-turbo,PQ,2,False
122,Anonymized_Llama-4-Maverick_fewshot,PQ,7,False
139,Anonymized_gpt-3.5-turbo,PQ,3,False
122,Anonymized_Llama-4-Maverick_fewshot,PQ,4,False
139,Anonymized_gpt-3.5-turbo,CQ,3,False
139,Anonymized_gpt-3.5-turbo,CQ,5,False
139,Anonymized_gpt-3.5-turbo,PQ,6,False
139,Anonymized_gpt-3.5-turbo,CQ,2,False
122,Anonymized_Llama-4-Maverick_fewshot,CQ,7,False
139,Anonymized_gpt-3.5-turbo,CQ,1,False
139,Anonymized_gpt-3.5-turbo,PQ,8,False
139,Anonymized_gpt-3.5-turbo,CQ,7,False
139,Anonymized_gpt-3.5-turbo,PQ,4,False
139,Anonymized_gpt-3.5-turbo,PQ,9,False
139,Anonymized_gpt-3.5-turbo,CQ,6,False
139,Anonymized_gpt-4o,PQ,2,False
139,Anonymized_gpt-4o,CQ,1,False
139,Anonymized_gpt-3.5-turbo,PQ,7,False
139,Anonymized_gpt-4o,CQ,5,False
139,Anonymized_gpt-4o,CQ,6,False
139,Anonymized_gpt-3.5-turbo,PQ,10,False
139,Anonymized_gpt-4o,CQ,2,False
139,Anonymized_gpt-4o,CQ,8,False
139,Anonymized_gpt-4o,PQ,9,False
139,Anonymized_gpt-4o,PQ,6,False
139,Anonymized_gpt-4o,PQ,10,False
139,Anonymized_gpt-4o,CQ,3,False
139,Anonymized_NER,PQ,3,False
139,Anonymized_gpt-3.5-turbo,CQ,4,False
139,Anonymized_gpt-4o,CQ,9,True
139,Anonymized_NER,PQ,4,False
139,Anonymized_gpt-4o,CQ,10,False
139,Anonymized_gpt-4o,CQ,7,False
139,Anonymized_NER,CQ,3,False
139,Anonymized_NER,PQ,6,False
139,Anonymized_gpt-4o,PQ,8,False
139,Anonymized_NER,PQ,7,False
139,Anonymized_NER,PQ,8,False
139,Anonymized_NER,PQ,9,False
139,Anonymized_gpt-3.5-turbo,CQ,10,False
139,Anonymized_NER,CQ,1,False
139,Anonymized_gpt-3.5-turbo,CQ,9,True
139,Anonymized_NER,CQ,8,False
139,Anonymized_NER,CQ,6,False
139,Anonymized_DeepSeek-V4-Pro,CQ,1,False
139,Anonymized_gpt-4o,CQ,4,False
139,Anonymized_NER,PQ,5,False
139,Anonymized_DeepSeek-V4-Pro,CQ,2,False
139,Anonymized_DeepSeek-V4-Pro,PQ,2,False
139,Anonymized_DeepSeek-V4-Pro,PQ,4,False
139,Anonymized_NER,PQ,2,True
139,Anonymized_gpt-3.5-turbo,PQ,5,False
139,Anonymized_DeepSeek-V4-Pro,PQ,6,False
139,Anonymized_gpt-4o,PQ,5,False
139,Anonymized_DeepSeek-V4-Pro,CQ,6,False
139,Anonymized_NER,CQ,10,False
139,Anonymized_NER,CQ,4,False
139,Anonymized_DeepSeek-V4-Pro,PQ,8,False
139,Anonymized_DeepSeek-V4-Pro,CQ,3,False
139,Anonymized_gpt-4o,PQ,3,False
139,Anonymized_gpt-3.5-turbo,CQ,8,False
139,Anonymized_gpt-4o,PQ,1,False
139,Anonymized_gpt-4o,PQ,4,False
139,Anonymized_DeepSeek-V4-Pro,PQ,5,False
139,Anonymized_DeepSeek-V4-Pro,PQ,1,False
139,Anonymized_DeepSeek-V4-Pro,PQ,7,False
139,Anonymized_gpt-4o,PQ,7,False
139,Anonymized_Llama-4-Maverick-17B-128E-Instruct-FP8,PQ,1,False
139,Anonymized_DeepSeek-V4-Pro,CQ,10,False
139,Anonymized_DeepSeek-V4-Pro,CQ,9,True
139,Anonymized_NER,CQ,2,False
139,Anonymized_Llama-4-Maverick-17B-128E-Instruct-FP8,PQ,2,False
139,Anonymized_DeepSeek-V4-Pro,CQ,5,False
139,Anonymized_Llama-4-Maverick-17B-128E-Instruct-FP8,CQ,2,False
139,Anonymized_Llama-4-Maverick-17B-128E-Instruct-FP8,PQ,5,False
139,Anonymized_DeepSeek-V4-Pro,PQ,9,False
139,Anonymized_Llama-4-Maverick-17B-128E-Instruct-FP8,PQ,6,False
139,Anonymized_NER,CQ,5,False
139,Anonymized_Llama-4-Maverick-17B-128E-Instruct-FP8,PQ,9,False
139,Anonymized_NER,CQ,7,False
139,Anonymized_Llama-4-Maverick-17B-128E-Instruct-FP8,CQ,8,False
139,Anonymized_Llama-4-Maverick-17B-128E-Instruct-FP8,CQ,1,False
139,Anonymized_Llama-4-Maverick-17B-128E-Instruct-FP8,CQ,9,True
139,Anonymized_Llama-4-Maverick_fewshot,PQ,1,False
139,Anonymized_Llama-4-Maverick-17B-128E-Instruct-FP8,CQ,3,False
139,Anonymized_DeepSeek-V4-Pro,CQ,8,False
139,Anonymized_Llama-4-Maverick_fewshot,PQ,2,False
139,Anonymized_NER,PQ,10,False
139,Anonymized_Llama-4-Maverick-17B-128E-Instruct-FP8,CQ,5,False
139,Anonymized_Llama-4-Maverick_fewshot,PQ,4,False
139,Anonymized_Llama-4-Maverick-17B-128E-Instruct-FP8,PQ,10,False
139,Anonymized_Llama-4-Maverick_fewshot,CQ,3,False
139,Anonymized_Llama-4-Maverick-17B-128E-Instruct-FP8,CQ,4,False
139,Anonymized_Llama-4-Maverick_fewshot,CQ,4,False
139,Anonymized_Llama-4-Maverick_fewshot,CQ,1,False
139,Anonymized_Llama-4-Maverick_fewshot,CQ,6,False
139,Anonymized_NER,PQ,1,False
139,Anonymized_DeepSeek-V4-Pro,PQ,10,False
139,Anonymized_Llama-4-Maverick-17B-128E-Instruct-FP8,CQ,10,False
139,Anonymized_Llama-4-Maverick-17B-128E-Instruct-FP8,PQ,7,False
139,Anonymized_NER,CQ,9,True
139,Anonymized_Llama-4-Maverick-17B-128E-Instruct-FP8,PQ,8,False
139,Anonymized_Llama-4-Maverick_fewshot,PQ,6,False
139,Anonymized_Llama-4-Maverick_fewshot,PQ,7,False
139,Anonymized_Llama-4-Maverick_fewshot,CQ,10,False
139,Anonymized_Llama-4-Maverick_synthetic,PQ,2,False
139,Anonymized_Llama-4-Maverick_fewshot,CQ,7,False
139,Anonymized_Llama-4-Maverick_fewshot,CQ,8,False
139,Anonymized_Llama-4-Maverick_synthetic,CQ,2,False
139,Anonymized_Llama-4-Maverick-17B-128E-Instruct-FP8,PQ,4,False
139,Anonymized_Llama-4-Maverick_synthetic,PQ,3,False
139,Anonymized_Llama-4-Maverick-17B-128E-Instruct-FP8,PQ,3,False
139,Anonymized_DeepSeek-V4-Pro,CQ,4,False
139,Anonymized_DeepSeek-V4-Pro,PQ,3,False
139,Anonymized_Llama-4-Maverick_fewshot,PQ,8,False
139,Anonymized_Llama-4-Maverick_synthetic,PQ,6,False
139,Anonymized_Llama-4-Maverick_synthetic,PQ,5,False
139,Anonymized_Llama-4-Maverick_synthetic,CQ,4,False
139,Anonymized_DeepSeek-V4-Pro,CQ,7,False
139,Anonymized_Llama-4-Maverick_synthetic,PQ,1,False
139,Anonymized_Llama-4-Maverick_synthetic,PQ,8,False
139,Anonymized_Llama-4-Maverick_synthetic,PQ,9,False
139,Anonymized_Llama-4-Maverick-17B-128E-Instruct-FP8,CQ,7,False
139,Anonymized_Llama-4-Maverick_synthetic,PQ,7,False
139,Anonymized_Llama-4-Maverick_fewshot,CQ,9,True
139,Anonymized_Llama-4-Maverick-17B-128E-Instruct-FP8,CQ,6,False
139,Anonymized_Llama-4-Maverick_synthetic,PQ,10,False
139,Anonymized_Llama-4-Maverick_fewshot,PQ,10,False
139,Anonymized_Llama-4-Maverick_fewshot,PQ,3,False
139,Anonymized_Llama-4-Maverick_synthetic,CQ,8,False
139,Anonymized_Llama-4-Maverick_synthetic,CQ,6,False
139,Anonymized_Llama-4-Maverick_synthetic,CQ,5,False
139,Anonymized_Llama-4-Maverick_fewshot,PQ,9,False
139,Anonymized_Llama-4-Maverick_fewshot,CQ,5,False
139,Anonymized_Llama-4-Maverick_synthetic,CQ,3,False
139,Anonymized_Llama-4-Maverick_synthetic,PQ,4,False
139,Anonymized_Llama-4-Maverick_synthetic,CQ,7,False
139,Anonymized_Llama-4-Maverick_synthetic,CQ,9,True
139,Anonymized_Llama-4-Maverick_fewshot,CQ,2,False
141,Anonymized_gpt-3.5-turbo,PQ,2,False
141,Anonymized_gpt-3.5-turbo,PQ,4,False
141,Anonymized_gpt-3.5-turbo,PQ,5,False
141,Anonymized_gpt-3.5-turbo,PQ,3,False
141,Anonymized_gpt-3.5-turbo,CQ,1,False
141,Anonymized_gpt-3.5-turbo,PQ,9,False
141,Anonymized_gpt-3.5-turbo,CQ,8,False
141,Anonymized_gpt-3.5-turbo,PQ,7,False
141,Anonymized_gpt-3.5-turbo,PQ,6,False
141,Anonymized_gpt-3.5-turbo,CQ,9,False
141,Anonymized_gpt-4o,PQ,2,False
141,Anonymized_gpt-4o,CQ,2,True
141,Anonymized_gpt-3.5-turbo,CQ,7,False
141,Anonymized_gpt-3.5-turbo,CQ,5,True
141,Anonymized_gpt-4o,PQ,3,False
141,Anonymized_gpt-4o,CQ,3,False
141,Anonymized_gpt-3.5-turbo,CQ,6,False
141,Anonymized_gpt-4o,PQ,5,False
141,Anonymized_gpt-4o,PQ,1,False
141,Anonymized_gpt-3.5-turbo,PQ,10,False
141,Anonymized_gpt-4o,PQ,6,False
141,Anonymized_gpt-4o,CQ,6,False
141,Anonymized_gpt-4o,PQ,4,False
141,Anonymized_gpt-4o,CQ,7,False
141,Anonymized_gpt-4o,CQ,4,False
141,Anonymized_gpt-3.5-turbo,PQ,8,False
141,Anonymized_gpt-4o,PQ,10,False
141,Anonymized_gpt-4o,CQ,1,False
141,Anonymized_gpt-4o,CQ,10,False
141,Anonymized_NER,PQ,2,False
141,Anonymized_NER,CQ,1,False
141,Anonymized_NER,PQ,3,True
141,Anonymized_gpt-4o,PQ,9,False
141,Anonymized_NER,PQ,5,False
141,Anonymized_gpt-4o,CQ,9,False
141,Anonymized_gpt-4o,PQ,8,False
141,Anonymized_NER,PQ,6,False
141,Anonymized_NER,CQ,2,True
141,Anonymized_NER,PQ,8,False
141,Anonymized_gpt-4o,CQ,8,False
141,Anonymized_gpt-4o,CQ,5,True
139,Anonymized_Llama-4-Maverick_synthetic,CQ,10,False
141,Anonymized_gpt-3.5-turbo,PQ,1,False
141,Anonymized_gpt-4o,PQ,7,False
141,Anonymized_NER,PQ,1,False
139,Anonymized_Llama-4-Maverick_fewshot,PQ,5,False
139,Anonymized_Llama-4-Maverick_synthetic,CQ,1,False
141,Anonymized_NER,PQ,10,False
141,Anonymized_NER,PQ,9,False
141,Anonymized_NER,PQ,4,False
141,Anonymized_NER,CQ,6,False
141,Anonymized_NER,CQ,5,True
141,Anonymized_gpt-3.5-turbo,CQ,2,True
141,Anonymized_NER,CQ,3,False
141,Anonymized_gpt-3.5-turbo,CQ,4,False
141,Anonymized_DeepSeek-V4-Pro,PQ,4,False
141,Anonymized_NER,PQ,7,False
141,Anonymized_DeepSeek-V4-Pro,PQ,5,False
141,Anonymized_DeepSeek-V4-Pro,PQ,6,False
141,Anonymized_DeepSeek-V4-Pro,CQ,4,False
141,Anonymized_NER,CQ,10,False
141,Anonymized_NER,CQ,7,False
141,Anonymized_DeepSeek-V4-Pro,CQ,6,False
141,Anonymized_Llama-4-Maverick-17B-128E-Instruct-FP8,PQ,1,False
141,Anonymized_gpt-3.5-turbo,CQ,3,False
141,Anonymized_DeepSeek-V4-Pro,CQ,3,False
141,Anonymized_Llama-4-Maverick-17B-128E-Instruct-FP8,CQ,1,False
141,Anonymized_Llama-4-Maverick-17B-128E-Instruct-FP8,PQ,3,False
141,Anonymized_Llama-4-Maverick-17B-128E-Instruct-FP8,CQ,2,True
141,Anonymized_DeepSeek-V4-Pro,PQ,10,False
141,Anonymized_Llama-4-Maverick-17B-128E-Instruct-FP8,CQ,3,False
141,Anonymized_Llama-4-Maverick-17B-128E-Instruct-FP8,PQ,4,False
141,Anonymized_Llama-4-Maverick-17B-128E-Instruct-FP8,PQ,5,False
141,Anonymized_NER,CQ,4,False
141,Anonymized_Llama-4-Maverick-17B-128E-Instruct-FP8,PQ,2,False
141,Anonymized_Llama-4-Maverick-17B-128E-Instruct-FP8,PQ,7,False
141,Anonymized_Llama-4-Maverick-17B-128E-Instruct-FP8,CQ,6,False
141,Anonymized_DeepSeek-V4-Pro,CQ,5,True
141,Anonymized_DeepSeek-V4-Pro,CQ,9,False
141,Anonymized_Llama-4-Maverick-17B-128E-Instruct-FP8,CQ,4,False
141,Anonymized_NER,CQ,9,False
141,Anonymized_gpt-3.5-turbo,CQ,10,False
141,Anonymized_Llama-4-Maverick-17B-128E-Instruct-FP8,CQ,5,True
141,Anonymized_Llama-4-Maverick-17B-128E-Instruct-FP8,CQ,8,False
141,Anonymized_DeepSeek-V4-Pro,PQ,3,False
141,Anonymized_DeepSeek-V4-Pro,PQ,8,False
141,Anonymized_DeepSeek-V4-Pro,PQ,7,False
141,Anonymized_DeepSeek-V4-Pro,PQ,2,False
141,Anonymized_Llama-4-Maverick_fewshot,PQ,1,False
141,Anonymized_Llama-4-Maverick-17B-128E-Instruct-FP8,CQ,10,False
141,Anonymized_Llama-4-Maverick-17B-128E-Instruct-FP8,CQ,9,False
141,Anonymized_Llama-4-Maverick-17B-128E-Instruct-FP8,PQ,10,False
141,Anonymized_Llama-4-Maverick_fewshot,CQ,3,False
141,Anonymized_Llama-4-Maverick_fewshot,PQ,2,False
141,Anonymized_NER,CQ,8,False
141,Anonymized_Llama-4-Maverick_fewshot,CQ,1,False
141,Anonymized_Llama-4-Maverick_fewshot,PQ,5,False
141,Anonymized_Llama-4-Maverick_fewshot,CQ,4,False
141,Anonymized_Llama-4-Maverick_fewshot,CQ,5,True
141,Anonymized_Llama-4-Maverick-17B-128E-Instruct-FP8,PQ,9,False
141,Anonymized_Llama-4-Maverick-17B-128E-Instruct-FP8,PQ,6,False
141,Anonymized_DeepSeek-V4-Pro,CQ,1,False
141,Anonymized_Llama-4-Maverick-17B-128E-Instruct-FP8,CQ,7,False
141,Anonymized_Llama-4-Maverick_fewshot,CQ,6,False
141,Anonymized_Llama-4-Maverick_fewshot,PQ,8,False
141,Anonymized_DeepSeek-V4-Pro,PQ,1,False
141,Anonymized_DeepSeek-V4-Pro,PQ,9,False
141,Anonymized_Llama-4-Maverick_fewshot,PQ,6,False
141,Anonymized_Llama-4-Maverick_fewshot,PQ,3,False
141,Anonymized_DeepSeek-V4-Pro,CQ,10,False
141,Anonymized_Llama-4-Maverick_fewshot,CQ,7,False
141,Anonymized_Llama-4-Maverick_fewshot,CQ,10,False
141,Anonymized_Llama-4-Maverick_synthetic,CQ,1,False
141,Anonymized_Llama-4-Maverick_synthetic,PQ,4,False
141,Anonymized_Llama-4-Maverick_synthetic,PQ,3,False
141,Anonymized_Llama-4-Maverick_synthetic,PQ,2,False
141,Anonymized_Llama-4-Maverick_synthetic,CQ,2,True
141,Anonymized_Llama-4-Maverick_synthetic,CQ,4,False
141,Anonymized_Llama-4-Maverick_fewshot,PQ,9,False
141,Anonymized_Llama-4-Maverick_synthetic,PQ,7,False
141,Anonymized_Llama-4-Maverick_fewshot,PQ,4,False
141,Anonymized_Llama-4-Maverick_synthetic,PQ,5,False
141,Anonymized_Llama-4-Maverick_fewshot,CQ,8,False
141,Anonymized_Llama-4-Maverick_synthetic,PQ,8,False
141,Anonymized_Llama-4-Maverick_fewshot,PQ,7,False
141,Anonymized_Llama-4-Maverick_synthetic,PQ,1,False
141,Anonymized_DeepSeek-V4-Pro,CQ,7,False
141,Anonymized_DeepSeek-V4-Pro,CQ,2,True
141,Anonymized_Llama-4-Maverick_fewshot,PQ,10,False
141,Anonymized_Llama-4-Maverick_synthetic,CQ,9,False
141,Anonymized_Llama-4-Maverick_synthetic,CQ,3,False
141,Anonymized_Llama-4-Maverick_synthetic,CQ,6,False
141,Anonymized_Llama-4-Maverick_synthetic,CQ,7,False
141,Anonymized_Llama-4-Maverick_synthetic,PQ,9,False
141,Anonymized_Llama-4-Maverick_synthetic,PQ,10,False
141,Anonymized_Llama-4-Maverick-17B-128E-Instruct-FP8,PQ,8,False
141,Anonymized_Llama-4-Maverick_synthetic,CQ,8,False
141,Anonymized_Llama-4-Maverick_synthetic,CQ,5,True
141,Anonymized_Llama-4-Maverick_synthetic,PQ,6,False
177,Anonymized_gpt-3.5-turbo,CQ,3,False
177,Anonymized_gpt-3.5-turbo,CQ,4,False
141,Anonymized_Llama-4-Maverick_synthetic,CQ,10,False
177,Anonymized_gpt-3.5-turbo,PQ,5,False
177,Anonymized_gpt-3.5-turbo,PQ,6,False
177,Anonymized_gpt-3.5-turbo,CQ,5,False
177,Anonymized_gpt-3.5-turbo,PQ,8,False
177,Anonymized_gpt-3.5-turbo,CQ,7,False
177,Anonymized_gpt-3.5-turbo,PQ,9,False
177,Anonymized_gpt-3.5-turbo,CQ,8,True
177,Anonymized_gpt-3.5-turbo,CQ,9,True
177,Anonymized_gpt-3.5-turbo,PQ,7,False
177,Anonymized_gpt-3.5-turbo,CQ,2,False
177,Anonymized_gpt-4o,PQ,1,False
177,Anonymized_gpt-3.5-turbo,CQ,1,True
177,Anonymized_gpt-4o,CQ,2,False
177,Anonymized_gpt-4o,CQ,3,False
177,Anonymized_gpt-3.5-turbo,CQ,6,False
177,Anonymized_gpt-4o,CQ,1,False
177,Anonymized_gpt-4o,PQ,5,False
177,Anonymized_gpt-4o,PQ,3,False
177,Anonymized_gpt-3.5-turbo,PQ,10,False
177,Anonymized_gpt-4o,CQ,6,False
177,Anonymized_gpt-4o,PQ,8,False
177,Anonymized_gpt-4o,CQ,7,False
177,Anonymized_gpt-4o,CQ,8,True
177,Anonymized_gpt-4o,PQ,10,False
177,Anonymized_gpt-4o,CQ,9,True
177,Anonymized_gpt-3.5-turbo,PQ,4,False
177,Anonymized_NER,CQ,1,False
177,Anonymized_gpt-4o,PQ,7,False
141,Anonymized_Llama-4-Maverick_fewshot,CQ,2,True
177,Anonymized_gpt-3.5-turbo,CQ,10,False
177,Anonymized_gpt-4o,PQ,9,False
177,Anonymized_gpt-4o,PQ,2,False
141,Anonymized_Llama-4-Maverick_fewshot,CQ,9,False
177,Anonymized_NER,CQ,2,False
177,Anonymized_gpt-3.5-turbo,PQ,1,False
177,Anonymized_gpt-3.5-turbo,PQ,2,False
177,Anonymized_NER,PQ,4,False
177,Anonymized_gpt-3.5-turbo,PQ,3,False
177,Anonymized_NER,PQ,2,False
141,Anonymized_DeepSeek-V4-Pro,CQ,8,False
177,Anonymized_gpt-4o,PQ,4,False
177,Anonymized_gpt-4o,CQ,10,False
177,Anonymized_NER,PQ,3,False
177,Anonymized_NER,CQ,5,False
177,Anonymized_gpt-4o,PQ,6,False
177,Anonymized_NER,PQ,8,False
177,Anonymized_NER,PQ,6,False
177,Anonymized_NER,PQ,10,True
177,Anonymized_NER,CQ,9,True
177,Anonymized_NER,PQ,9,False
177,Anonymized_NER,CQ,4,False
177,Anonymized_NER,CQ,8,True
177,Anonymized_NER,PQ,1,False
177,Anonymized_NER,CQ,3,False
177,Anonymized_DeepSeek-V4-Pro,PQ,6,False
177,Anonymized_DeepSeek-V4-Pro,CQ,2,False
177,Anonymized_DeepSeek-V4-Pro,CQ,4,False
177,Anonymized_DeepSeek-V4-Pro,CQ,3,False
177,Anonymized_DeepSeek-V4-Pro,PQ,8,False
177,Anonymized_NER,CQ,10,False
177,Anonymized_DeepSeek-V4-Pro,CQ,7,False
177,Anonymized_DeepSeek-V4-Pro,PQ,4,False
177,Anonymized_NER,CQ,6,False
177,Anonymized_DeepSeek-V4-Pro,PQ,10,False
177,Anonymized_Llama-4-Maverick-17B-128E-Instruct-FP8,PQ,1,False
177,Anonymized_NER,CQ,7,False
177,Anonymized_DeepSeek-V4-Pro,PQ,3,False
177,Anonymized_DeepSeek-V4-Pro,PQ,5,False
177,Anonymized_DeepSeek-V4-Pro,PQ,1,False
177,Anonymized_DeepSeek-V4-Pro,PQ,2,False
177,Anonymized_gpt-4o,CQ,4,False
177,Anonymized_Llama-4-Maverick-17B-128E-Instruct-FP8,PQ,5,False
177,Anonymized_Llama-4-Maverick-17B-128E-Instruct-FP8,CQ,3,False
177,Anonymized_Llama-4-Maverick-17B-128E-Instruct-FP8,CQ,2,False
177,Anonymized_DeepSeek-V4-Pro,CQ,8,True
177,Anonymized_Llama-4-Maverick-17B-128E-Instruct-FP8,PQ,3,False
177,Anonymized_Llama-4-Maverick-17B-128E-Instruct-FP8,PQ,4,False
177,Anonymized_Llama-4-Maverick-17B-128E-Instruct-FP8,PQ,8,False
177,Anonymized_Llama-4-Maverick-17B-128E-Instruct-FP8,CQ,1,False
177,Anonymized_Llama-4-Maverick-17B-128E-Instruct-FP8,CQ,5,False
177,Anonymized_Llama-4-Maverick-17B-128E-Instruct-FP8,PQ,2,False
177,Anonymized_Llama-4-Maverick-17B-128E-Instruct-FP8,PQ,10,False
177,Anonymized_Llama-4-Maverick-17B-128E-Instruct-FP8,PQ,6,False
177,Anonymized_DeepSeek-V4-Pro,CQ,9,True
177,Anonymized_Llama-4-Maverick-17B-128E-Instruct-FP8,CQ,8,False
177,Anonymized_DeepSeek-V4-Pro,CQ,5,False
177,Anonymized_Llama-4-Maverick_fewshot,CQ,2,False
177,Anonymized_Llama-4-Maverick_fewshot,PQ,4,False
177,Anonymized_Llama-4-Maverick_fewshot,CQ,3,False
177,Anonymized_Llama-4-Maverick-17B-128E-Instruct-FP8,PQ,9,False
177,Anonymized_Llama-4-Maverick-17B-128E-Instruct-FP8,CQ,7,False
177,Anonymized_Llama-4-Maverick_fewshot,CQ,4,False
177,Anonymized_Llama-4-Maverick_fewshot,PQ,2,False
177,Anonymized_Llama-4-Maverick-17B-128E-Instruct-FP8,CQ,10,False
177,Anonymized_Llama-4-Maverick_fewshot,PQ,1,False
177,Anonymized_Llama-4-Maverick_fewshot,PQ,7,False
177,Anonymized_DeepSeek-V4-Pro,CQ,10,False
177,Anonymized_Llama-4-Maverick-17B-128E-Instruct-FP8,CQ,6,False
177,Anonymized_Llama-4-Maverick_fewshot,PQ,8,False
177,Anonymized_Llama-4-Maverick_fewshot,CQ,8,True
177,Anonymized_Llama-4-Maverick_fewshot,PQ,9,False
177,Anonymized_Llama-4-Maverick_fewshot,CQ,5,False
177,Anonymized_DeepSeek-V4-Pro,PQ,7,False
177,Anonymized_Llama-4-Maverick_fewshot,PQ,6,False
177,Anonymized_Llama-4-Maverick_synthetic,PQ,1,False
177,Anonymized_DeepSeek-V4-Pro,CQ,6,False
177,Anonymized_Llama-4-Maverick_synthetic,PQ,2,False
177,Anonymized_Llama-4-Maverick_fewshot,CQ,7,False
177,Anonymized_Llama-4-Maverick-17B-128E-Instruct-FP8,CQ,9,True
177,Anonymized_NER,PQ,7,False
177,Anonymized_Llama-4-Maverick_fewshot,PQ,3,False
177,Anonymized_Llama-4-Maverick_synthetic,PQ,3,False
177,Anonymized_Llama-4-Maverick-17B-128E-Instruct-FP8,PQ,7,False
177,Anonymized_Llama-4-Maverick_fewshot,PQ,5,False
177,Anonymized_Llama-4-Maverick_synthetic,PQ,6,False
177,Anonymized_DeepSeek-V4-Pro,CQ,1,False
177,Anonymized_Llama-4-Maverick_fewshot,CQ,9,True
177,Anonymized_Llama-4-Maverick_synthetic,CQ,4,False
177,Anonymized_NER,PQ,5,False
177,Anonymized_Llama-4-Maverick_fewshot,PQ,10,False
177,Anonymized_Llama-4-Maverick_synthetic,CQ,2,False
177,Anonymized_Llama-4-Maverick_synthetic,CQ,8,True
177,Anonymized_Llama-4-Maverick_synthetic,CQ,3,False
177,Anonymized_Llama-4-Maverick-17B-128E-Instruct-FP8,CQ,4,False
177,Anonymized_Llama-4-Maverick_synthetic,PQ,7,False
177,Anonymized_Llama-4-Maverick_fewshot,CQ,1,False
177,Anonymized_Llama-4-Maverick_fewshot,CQ,10,False
177,Anonymized_Llama-4-Maverick_synthetic,PQ,4,False
177,Anonymized_Llama-4-Maverick_synthetic,CQ,9,True
177,Anonymized_Llama-4-Maverick_synthetic,PQ,9,False
177,Anonymized_Llama-4-Maverick_synthetic,CQ,6,False
177,Anonymized_Llama-4-Maverick_fewshot,CQ,6,True
177,Anonymized_gpt-4o,CQ,5,False
177,Anonymized_Llama-4-Maverick_synthetic,PQ,8,False
177,Anonymized_Llama-4-Maverick_synthetic,CQ,1,False
177,Anonymized_Llama-4-Maverick_synthetic,PQ,5,False
201,Anonymized_gpt-3.5-turbo,PQ,1,False
201,Anonymized_gpt-3.5-turbo,CQ,1,False
201,Anonymized_gpt-3.5-turbo,PQ,4,False
201,Anonymized_gpt-3.5-turbo,PQ,3,False
201,Anonymized_gpt-3.5-turbo,CQ,3,True
201,Anonymized_gpt-3.5-turbo,PQ,2,True
201,Anonymized_gpt-3.5-turbo,CQ,4,True
201,Anonymized_gpt-3.5-turbo,CQ,2,False
201,Anonymized_gpt-3.5-turbo,CQ,5,False
201,Anonymized_gpt-3.5-turbo,PQ,8,False
201,Anonymized_gpt-3.5-turbo,CQ,6,False
201,Anonymized_gpt-3.5-turbo,PQ,5,True
201,Anonymized_gpt-4o,PQ,1,False
201,Anonymized_gpt-4o,PQ,2,True
201,Anonymized_gpt-4o,CQ,4,True
201,Anonymized_gpt-3.5-turbo,PQ,6,True
201,Anonymized_gpt-4o,PQ,5,False
201,Anonymized_gpt-3.5-turbo,PQ,7,False
201,Anonymized_gpt-3.5-turbo,CQ,8,False
201,Anonymized_gpt-4o,CQ,2,False
177,Anonymized_DeepSeek-V4-Pro,PQ,9,False
201,Anonymized_gpt-4o,CQ,1,False
201,Anonymized_gpt-3.5-turbo,CQ,10,False
177,Anonymized_Llama-4-Maverick_synthetic,CQ,5,False
177,Anonymized_Llama-4-Maverick_synthetic,PQ,10,False
177,Anonymized_Llama-4-Maverick_synthetic,CQ,10,False
201,Anonymized_gpt-4o,PQ,3,False
201,Anonymized_gpt-3.5-turbo,CQ,7,False
201,Anonymized_gpt-4o,CQ,9,True
201,Anonymized_gpt-4o,PQ,9,False
201,Anonymized_gpt-4o,CQ,3,True
201,Anonymized_gpt-3.5-turbo,CQ,9,True
201,Anonymized_gpt-4o,PQ,8,False
201,Anonymized_gpt-3.5-turbo,PQ,10,False
177,Anonymized_Llama-4-Maverick_synthetic,CQ,7,False
201,Anonymized_NER,PQ,2,True
201,Anonymized_NER,PQ,1,False
201,Anonymized_NER,CQ,1,False
201,Anonymized_gpt-4o,PQ,6,True
201,Anonymized_NER,PQ,6,True
201,Anonymized_gpt-3.5-turbo,PQ,9,False
201,Anonymized_NER,CQ,3,True
201,Anonymized_NER,PQ,3,False
201,Anonymized_gpt-4o,PQ,4,False
201,Anonymized_NER,PQ,5,False
201,Anonymized_NER,PQ,7,False
201,Anonymized_NER,PQ,10,False
201,Anonymized_NER,CQ,2,False
201,Anonymized_gpt-4o,CQ,8,False
201,Anonymized_NER,CQ,5,False
201,Anonymized_DeepSeek-V4-Pro,PQ,1,False
201,Anonymized_NER,CQ,6,False
201,Anonymized_gpt-4o,PQ,7,False
201,Anonymized_NER,CQ,10,False
201,Anonymized_DeepSeek-V4-Pro,PQ,2,True
201,Anonymized_DeepSeek-V4-Pro,PQ,3,False
201,Anonymized_gpt-4o,CQ,5,False
201,Anonymized_gpt-4o,CQ,10,False
201,Anonymized_DeepSeek-V4-Pro,CQ,2,False
201,Anonymized_NER,CQ,4,True
201,Anonymized_DeepSeek-V4-Pro,PQ,4,False
201,Anonymized_DeepSeek-V4-Pro,PQ,5,False
201,Anonymized_DeepSeek-V4-Pro,CQ,4,True
201,Anonymized_DeepSeek-V4-Pro,CQ,5,False
201,Anonymized_DeepSeek-V4-Pro,CQ,6,False
201,Anonymized_DeepSeek-V4-Pro,PQ,10,False
201,Anonymized_DeepSeek-V4-Pro,CQ,3,True
201,Anonymized_Llama-4-Maverick-17B-128E-Instruct-FP8,PQ,1,False
201,Anonymized_Llama-4-Maverick-17B-128E-Instruct-FP8,PQ,2,True
201,Anonymized_Llama-4-Maverick-17B-128E-Instruct-FP8,CQ,1,False
201,Anonymized_Llama-4-Maverick-17B-128E-Instruct-FP8,CQ,2,False
201,Anonymized_DeepSeek-V4-Pro,PQ,6,True
201,Anonymized_DeepSeek-V4-Pro,CQ,8,False
201,Anonymized_Llama-4-Maverick-17B-128E-Instruct-FP8,PQ,3,False
201,Anonymized_NER,CQ,7,False
201,Anonymized_DeepSeek-V4-Pro,CQ,10,False
201,Anonymized_DeepSeek-V4-Pro,PQ,7,False
201,Anonymized_Llama-4-Maverick-17B-128E-Instruct-FP8,CQ,5,False
201,Anonymized_gpt-4o,CQ,7,False
201,Anonymized_Llama-4-Maverick-17B-128E-Instruct-FP8,PQ,6,False
201,Anonymized_NER,PQ,8,False
201,Anonymized_Llama-4-Maverick-17B-128E-Instruct-FP8,CQ,7,False
201,Anonymized_Llama-4-Maverick-17B-128E-Instruct-FP8,PQ,8,False
201,Anonymized_NER,PQ,9,False
201,Anonymized_Llama-4-Maverick-17B-128E-Instruct-FP8,PQ,9,False
201,Anonymized_NER,CQ,8,False
201,Anonymized_Llama-4-Maverick-17B-128E-Instruct-FP8,CQ,6,False
201,Anonymized_Llama-4-Maverick-17B-128E-Instruct-FP8,CQ,10,False
201,Anonymized_Llama-4-Maverick_fewshot,CQ,1,False
201,Anonymized_Llama-4-Maverick-17B-128E-Instruct-FP8,CQ,3,True
201,Anonymized_Llama-4-Maverick-17B-128E-Instruct-FP8,CQ,8,False
201,Anonymized_Llama-4-Maverick_fewshot,CQ,2,False
201,Anonymized_NER,PQ,4,False
201,Anonymized_Llama-4-Maverick-17B-128E-Instruct-FP8,CQ,4,True
201,Anonymized_Llama-4-Maverick-17B-128E-Instruct-FP8,CQ,9,True
201,Anonymized_DeepSeek-V4-Pro,CQ,1,False
201,Anonymized_gpt-4o,PQ,10,False
201,Anonymized_NER,CQ,9,True
201,Anonymized_gpt-4o,CQ,6,False
201,Anonymized_DeepSeek-V4-Pro,CQ,9,True
201,Anonymized_Llama-4-Maverick_fewshot,PQ,1,False
201,Anonymized_DeepSeek-V4-Pro,PQ,9,False
201,Anonymized_Llama-4-Maverick-17B-128E-Instruct-FP8,PQ,4,False
201,Anonymized_Llama-4-Maverick-17B-128E-Instruct-FP8,PQ,5,False
201,Anonymized_Llama-4-Maverick_fewshot,PQ,8,False
201,Anonymized_Llama-4-Maverick-17B-128E-Instruct-FP8,PQ,7,False
201,Anonymized_Llama-4-Maverick-17B-128E-Instruct-FP8,PQ,10,False
201,Anonymized_Llama-4-Maverick_fewshot,PQ,2,True
201,Anonymized_Llama-4-Maverick_fewshot,PQ,9,False
201,Anonymized_Llama-4-Maverick_fewshot,PQ,6,True
201,Anonymized_Llama-4-Maverick_fewshot,CQ,9,True
201,Anonymized_DeepSeek-V4-Pro,PQ,8,False
201,Anonymized_Llama-4-Maverick_fewshot,CQ,5,False
201,Anonymized_Llama-4-Maverick_fewshot,CQ,6,True
201,Anonymized_Llama-4-Maverick_fewshot,CQ,3,True
201,Anonymized_Llama-4-Maverick_synthetic,CQ,1,False
201,Anonymized_Llama-4-Maverick_synthetic,PQ,4,False
201,Anonymized_Llama-4-Maverick_fewshot,PQ,3,False
201,Anonymized_Llama-4-Maverick_synthetic,CQ,3,False
201,Anonymized_Llama-4-Maverick_synthetic,PQ,1,False
201,Anonymized_Llama-4-Maverick_fewshot,CQ,7,False
201,Anonymized_Llama-4-Maverick_synthetic,CQ,7,False
201,Anonymized_Llama-4-Maverick_synthetic,CQ,4,True
201,Anonymized_Llama-4-Maverick_synthetic,CQ,5,False
201,Anonymized_Llama-4-Maverick_synthetic,PQ,5,False
201,Anonymized_Llama-4-Maverick_fewshot,CQ,10,False
201,Anonymized_Llama-4-Maverick_synthetic,PQ,3,False
201,Anonymized_Llama-4-Maverick_fewshot,CQ,4,True
201,Anonymized_Llama-4-Maverick_synthetic,CQ,8,False
201,Anonymized_Llama-4-Maverick_synthetic,CQ,2,False
201,Anonymized_Llama-4-Maverick_synthetic,PQ,6,True
201,Anonymized_Llama-4-Maverick_synthetic,CQ,10,False
201,Anonymized_Llama-4-Maverick_synthetic,PQ,7,False
201,Anonymized_Llama-4-Maverick_synthetic,PQ,9,False
201,Anonymized_Llama-4-Maverick_synthetic,CQ,6,False
201,Anonymized_Llama-4-Maverick_synthetic,CQ,9,True
201,Anonymized_Llama-4-Maverick_fewshot,PQ,5,False
201,Anonymized_Llama-4-Maverick_synthetic,PQ,8,False
201,Anonymized_Llama-4-Maverick_synthetic,PQ,10,False
218,Anonymized_gpt-3.5-turbo,PQ,1,False
201,Anonymized_Llama-4-Maverick_fewshot,CQ,8,False
218,Anonymized_gpt-3.5-turbo,PQ,5,False
218,Anonymized_gpt-3.5-turbo,CQ,1,False
218,Anonymized_gpt-3.5-turbo,CQ,2,False
218,Anonymized_gpt-3.5-turbo,PQ,3,False
218,Anonymized_gpt-3.5-turbo,PQ,2,True
218,Anonymized_gpt-3.5-turbo,CQ,4,False
218,Anonymized_gpt-3.5-turbo,CQ,3,False
218,Anonymized_gpt-3.5-turbo,PQ,8,True
218,Anonymized_gpt-4o,PQ,1,False
218,Anonymized_gpt-3.5-turbo,CQ,5,False
218,Anonymized_gpt-3.5-turbo,PQ,7,False
218,Anonymized_gpt-3.5-turbo,PQ,4,False
218,Anonymized_gpt-4o,PQ,3,False
218,Anonymized_gpt-3.5-turbo,PQ,6,False
218,Anonymized_gpt-4o,CQ,2,False
218,Anonymized_gpt-3.5-turbo,CQ,8,False
201,Anonymized_Llama-4-Maverick_fewshot,PQ,10,False
218,Anonymized_gpt-4o,CQ,4,False
201,Anonymized_Llama-4-Maverick_fewshot,PQ,4,False
201,Anonymized_Llama-4-Maverick_synthetic,PQ,2,True
218,Anonymized_gpt-4o,PQ,2,True
201,Anonymized_Llama-4-Maverick_fewshot,PQ,7,False
201,Anonymized_DeepSeek-V4-Pro,CQ,7,False
218,Anonymized_gpt-4o,CQ,6,False
218,Anonymized_gpt-4o,CQ,5,False
218,Anonymized_gpt-4o,PQ,8,False
218,Anonymized_gpt-4o,CQ,3,False
218,Anonymized_gpt-4o,PQ,7,False
218,Anonymized_gpt-3.5-turbo,CQ,9,False
218,Anonymized_gpt-4o,PQ,10,False
218,Anonymized_gpt-4o,CQ,9,False
218,Anonymized_gpt-3.5-turbo,PQ,9,False
218,Anonymized_NER,PQ,1,False
218,Anonymized_gpt-3.5-turbo,PQ,10,False
218,Anonymized_gpt-4o,CQ,7,False
218,Anonymized_gpt-4o,CQ,8,False
218,Anonymized_gpt-4o,PQ,5,False
218,Anonymized_NER,PQ,4,False
218,Anonymized_NER,PQ,2,True
218,Anonymized_gpt-3.5-turbo,CQ,10,False
218,Anonymized_gpt-3.5-turbo,CQ,7,False
218,Anonymized_gpt-4o,CQ,10,False
218,Anonymized_gpt-4o,PQ,6,False
218,Anonymized_NER,PQ,6,False
218,Anonymized_NER,PQ,9,False
218,Anonymized_NER,CQ,6,False
218,Anonymized_NER,PQ,3,False
218,Anonymized_NER,CQ,9,False
218,Anonymized_NER,CQ,7,False
218,Anonymized_NER,CQ,4,False
218,Anonymized_NER,CQ,10,False
218,Anonymized_DeepSeek-V4-Pro,PQ,1,False
218,Anonymized_DeepSeek-V4-Pro,PQ,4,False
218,Anonymized_NER,PQ,8,False
218,Anonymized_DeepSeek-V4-Pro,CQ,2,False
218,Anonymized_DeepSeek-V4-Pro,PQ,5,False
218,Anonymized_DeepSeek-V4-Pro,PQ,6,False
218,Anonymized_NER,PQ,7,False
218,Anonymized_DeepSeek-V4-Pro,CQ,1,False
218,Anonymized_NER,PQ,10,False
218,Anonymized_DeepSeek-V4-Pro,PQ,8,False
218,Anonymized_DeepSeek-V4-Pro,CQ,6,False
218,Anonymized_DeepSeek-V4-Pro,PQ,10,False
218,Anonymized_DeepSeek-V4-Pro,PQ,9,False
218,Anonymized_gpt-3.5-turbo,CQ,6,False
218,Anonymized_DeepSeek-V4-Pro,CQ,10,False
218,Anonymized_NER,CQ,3,False
218,Anonymized_DeepSeek-V4-Pro,PQ,3,False
218,Anonymized_Llama-4-Maverick-17B-128E-Instruct-FP8,CQ,1,False
218,Anonymized_DeepSeek-V4-Pro,CQ,7,False
218,Anonymized_DeepSeek-V4-Pro,CQ,4,False
218,Anonymized_Llama-4-Maverick-17B-128E-Instruct-FP8,PQ,4,False
218,Anonymized_NER,PQ,5,False
218,Anonymized_Llama-4-Maverick-17B-128E-Instruct-FP8,CQ,2,True
218,Anonymized_gpt-4o,PQ,9,False
218,Anonymized_NER,CQ,2,False
218,Anonymized_Llama-4-Maverick-17B-128E-Instruct-FP8,PQ,5,False
218,Anonymized_DeepSeek-V4-Pro,PQ,2,True
218,Anonymized_gpt-4o,PQ,4,False
218,Anonymized_Llama-4-Maverick-17B-128E-Instruct-FP8,CQ,4,False
218,Anonymized_gpt-4o,CQ,1,False
218,Anonymized_Llama-4-Maverick-17B-128E-Instruct-FP8,PQ,3,False
218,Anonymized_Llama-4-Maverick-17B-128E-Instruct-FP8,CQ,5,False
218,Anonymized_Llama-4-Maverick-17B-128E-Instruct-FP8,PQ,2,False
218,Anonymized_Llama-4-Maverick-17B-128E-Instruct-FP8,CQ,6,False
218,Anonymized_DeepSeek-V4-Pro,CQ,8,False
218,Anonymized_Llama-4-Maverick-17B-128E-Instruct-FP8,PQ,1,False
218,Anonymized_Llama-4-Maverick-17B-128E-Instruct-FP8,CQ,8,False
218,Anonymized_Llama-4-Maverick_fewshot,PQ,2,True
218,Anonymized_Llama-4-Maverick-17B-128E-Instruct-FP8,CQ,9,False
218,Anonymized_Llama-4-Maverick-17B-128E-Instruct-FP8,CQ,7,False
218,Anonymized_Llama-4-Maverick-17B-128E-Instruct-FP8,PQ,7,False
218,Anonymized_Llama-4-Maverick-17B-128E-Instruct-FP8,CQ,10,False
218,Anonymized_Llama-4-Maverick-17B-128E-Instruct-FP8,CQ,3,False
218,Anonymized_Llama-4-Maverick_fewshot,PQ,1,False
218,Anonymized_Llama-4-Maverick-17B-128E-Instruct-FP8,PQ,8,False
218,Anonymized_DeepSeek-V4-Pro,CQ,3,False
218,Anonymized_Llama-4-Maverick_fewshot,PQ,3,False
218,Anonymized_DeepSeek-V4-Pro,CQ,9,False
218,Anonymized_Llama-4-Maverick-17B-128E-Instruct-FP8,PQ,6,False
218,Anonymized_NER,CQ,5,False
218,Anonymized_Llama-4-Maverick-17B-128E-Instruct-FP8,PQ,10,False
218,Anonymized_Llama-4-Maverick_fewshot,CQ,6,False
218,Anonymized_Llama-4-Maverick-17B-128E-Instruct-FP8,PQ,9,False
218,Anonymized_NER,CQ,8,False
218,Anonymized_Llama-4-Maverick_fewshot,CQ,1,False
218,Anonymized_Llama-4-Maverick_fewshot,CQ,5,False
218,Anonymized_Llama-4-Maverick_fewshot,CQ,9,False
218,Anonymized_Llama-4-Maverick_fewshot,CQ,4,False
218,Anonymized_DeepSeek-V4-Pro,PQ,7,False
218,Anonymized_Llama-4-Maverick_fewshot,PQ,8,False
218,Anonymized_Llama-4-Maverick_fewshot,PQ,7,False
218,Anonymized_Llama-4-Maverick_fewshot,CQ,2,False
218,Anonymized_Llama-4-Maverick_fewshot,CQ,3,False
218,Anonymized_Llama-4-Maverick_fewshot,PQ,10,False
218,Anonymized_Llama-4-Maverick_fewshot,PQ,5,False
218,Anonymized_Llama-4-Maverick_fewshot,CQ,10,False
218,Anonymized_NER,CQ,1,False
218,Anonymized_Llama-4-Maverick_synthetic,CQ,5,False
218,Anonymized_Llama-4-Maverick_synthetic,CQ,6,False
218,Anonymized_Llama-4-Maverick_fewshot,CQ,7,False
218,Anonymized_Llama-4-Maverick_fewshot,PQ,9,False
218,Anonymized_Llama-4-Maverick_synthetic,PQ,9,False
218,Anonymized_Llama-4-Maverick_synthetic,CQ,8,False
218,Anonymized_Llama-4-Maverick_synthetic,PQ,10,False
218,Anonymized_Llama-4-Maverick_synthetic,PQ,7,False
218,Anonymized_Llama-4-Maverick_synthetic,CQ,10,False
218,Anonymized_Llama-4-Maverick_synthetic,CQ,4,False
218,Anonymized_Llama-4-Maverick_synthetic,PQ,5,False
218,Anonymized_Llama-4-Maverick_synthetic,PQ,8,False
218,Anonymized_Llama-4-Maverick_synthetic,CQ,9,False
218,Anonymized_Llama-4-Maverick_synthetic,PQ,6,False
218,Anonymized_Llama-4-Maverick_synthetic,CQ,1,False
218,Anonymized_Llama-4-Maverick_synthetic,CQ,7,False
218,Anonymized_Llama-4-Maverick_synthetic,CQ,2,False
218,Anonymized_Llama-4-Maverick_synthetic,PQ,2,True
218,Anonymized_Llama-4-Maverick_synthetic,PQ,1,False
218,Anonymized_Llama-4-Maverick_synthetic,PQ,3,False
218,Anonymized_Llama-4-Maverick_synthetic,CQ,3,False
250,Anonymized_gpt-3.5-turbo,CQ,2,False
250,Anonymized_gpt-3.5-turbo,PQ,3,False
250,Anonymized_gpt-3.5-turbo,CQ,3,False
250,Anonymized_gpt-3.5-turbo,CQ,4,False
250,Anonymized_gpt-3.5-turbo,PQ,5,False
218,Anonymized_Llama-4-Maverick_fewshot,PQ,6,False
250,Anonymized_gpt-3.5-turbo,PQ,6,False
250,Anonymized_gpt-3.5-turbo,PQ,7,False
250,Anonymized_gpt-3.5-turbo,PQ,8,True
218,Anonymized_Llama-4-Maverick_fewshot,PQ,4,False
218,Anonymized_DeepSeek-V4-Pro,CQ,5,False
250,Anonymized_gpt-3.5-turbo,PQ,10,False
250,Anonymized_gpt-3.5-turbo,CQ,7,False
250,Anonymized_gpt-3.5-turbo,CQ,6,False
250,Anonymized_gpt-3.5-turbo,CQ,5,False
250,Anonymized_gpt-3.5-turbo,PQ,1,False
250,Anonymized_gpt-4o,PQ,2,False
250,Anonymized_gpt-4o,PQ,1,False
250,Anonymized_gpt-3.5-turbo,CQ,8,True
250,Anonymized_gpt-4o,CQ,1,True
250,Anonymized_gpt-4o,PQ,4,False
218,Anonymized_Llama-4-Maverick_synthetic,PQ,4,False
250,Anonymized_gpt-3.5-turbo,PQ,4,False
250,Anonymized_gpt-4o,CQ,2,False
250,Anonymized_gpt-3.5-turbo,PQ,9,False
250,Anonymized_gpt-3.5-turbo,PQ,2,False
250,Anonymized_gpt-3.5-turbo,CQ,10,False
250,Anonymized_gpt-4o,CQ,6,False
218,Anonymized_Llama-4-Maverick_fewshot,CQ,8,False
250,Anonymized_gpt-4o,CQ,5,False
250,Anonymized_gpt-4o,PQ,8,False
250,Anonymized_gpt-4o,CQ,3,False
250,Anonymized_gpt-4o,PQ,10,False
250,Anonymized_gpt-4o,CQ,8,True
250,Anonymized_gpt-4o,CQ,4,False
250,Anonymized_gpt-4o,PQ,6,False
250,Anonymized_gpt-4o,CQ,10,False
250,Anonymized_NER,CQ,3,False
250,Anonymized_NER,PQ,7,False
250,Anonymized_NER,PQ,6,False
250,Anonymized_NER,CQ,1,True
250,Anonymized_NER,PQ,8,False
250,Anonymized_NER,CQ,2,False
250,Anonymized_NER,PQ,4,False
250,Anonymized_NER,PQ,5,False
250,Anonymized_NER,CQ,10,True
250,Anonymized_NER,CQ,9,False
250,Anonymized_Llama-4-Maverick-17B-128E-Instruct-FP8,PQ,1,False
250,Anonymized_NER,PQ,2,False
250,Anonymized_NER,PQ,3,False
250,Anonymized_NER,PQ,9,False
250,Anonymized_gpt-4o,PQ,7,False
250,Anonymized_Llama-4-Maverick-17B-128E-Instruct-FP8,CQ,2,False
250,Anonymized_Llama-4-Maverick-17B-128E-Instruct-FP8,PQ,4,False
250,Anonymized_NER,CQ,6,False
250,Anonymized_Llama-4-Maverick-17B-128E-Instruct-FP8,CQ,5,False
250,Anonymized_gpt-4o,PQ,9,False
250,Anonymized_NER,PQ,1,False
250,Anonymized_NER,CQ,7,False
250,Anonymized_Llama-4-Maverick-17B-128E-Instruct-FP8,PQ,7,False
250,Anonymized_Llama-4-Maverick-17B-128E-Instruct-FP8,CQ,6,False
250,Anonymized_NER,CQ,5,False
250,Anonymized_Llama-4-Maverick-17B-128E-Instruct-FP8,PQ,9,False
250,Anonymized_Llama-4-Maverick-17B-128E-Instruct-FP8,PQ,10,False
250,Anonymized_Llama-4-Maverick-17B-128E-Instruct-FP8,CQ,4,False
250,Anonymized_Llama-4-Maverick-17B-128E-Instruct-FP8,PQ,2,False
250,Anonymized_Llama-4-Maverick-17B-128E-Instruct-FP8,PQ,3,False
250,Anonymized_Llama-4-Maverick-17B-128E-Instruct-FP8,PQ,6,False
250,Anonymized_Llama-4-Maverick-17B-128E-Instruct-FP8,PQ,8,False
250,Anonymized_Llama-4-Maverick-17B-128E-Instruct-FP8,CQ,8,True
250,Anonymized_Llama-4-Maverick_fewshot,CQ,3,False
250,Anonymized_Llama-4-Maverick-17B-128E-Instruct-FP8,CQ,7,False
250,Anonymized_gpt-4o,PQ,5,False
250,Anonymized_gpt-4o,PQ,3,False
250,Anonymized_gpt-4o,CQ,9,False
250,Anonymized_Llama-4-Maverick-17B-128E-Instruct-FP8,CQ,10,False
250,Anonymized_Llama-4-Maverick_fewshot,CQ,4,False
250,Anonymized_Llama-4-Maverick_fewshot,PQ,1,False
250,Anonymized_Llama-4-Maverick_fewshot,PQ,5,False
250,Anonymized_Llama-4-Maverick_fewshot,CQ,2,False
250,Anonymized_NER,CQ,4,False
250,Anonymized_Llama-4-Maverick_fewshot,PQ,3,False
250,Anonymized_Llama-4-Maverick_fewshot,PQ,7,False
250,Anonymized_gpt-3.5-turbo,CQ,9,False
250,Anonymized_Llama-4-Maverick-17B-128E-Instruct-FP8,CQ,9,False
250,Anonymized_Llama-4-Maverick_fewshot,PQ,8,False
250,Anonymized_Llama-4-Maverick_fewshot,PQ,4,False
250,Anonymized_gpt-4o,CQ,7,False
250,Anonymized_Llama-4-Maverick_fewshot,PQ,2,False
250,Anonymized_NER,CQ,8,True
250,Anonymized_NER,PQ,10,False
250,Anonymized_Llama-4-Maverick-17B-128E-Instruct-FP8,PQ,5,False
250,Anonymized_Llama-4-Maverick_fewshot,PQ,9,False
250,Anonymized_Llama-4-Maverick-17B-128E-Instruct-FP8,CQ,3,False
250,Anonymized_Llama-4-Maverick_fewshot,CQ,8,True
250,Anonymized_Llama-4-Maverick_synthetic,PQ,2,False
250,Anonymized_Llama-4-Maverick_fewshot,CQ,9,False
250,Anonymized_Llama-4-Maverick_fewshot,CQ,1,True
250,Anonymized_Llama-4-Maverick_synthetic,CQ,3,False
250,Anonymized_Llama-4-Maverick_synthetic,PQ,5,False
250,Anonymized_Llama-4-Maverick_synthetic,PQ,6,True
250,Anonymized_Llama-4-Maverick_fewshot,PQ,10,False
250,Anonymized_Llama-4-Maverick_fewshot,CQ,7,False
250,Anonymized_Llama-4-Maverick_synthetic,PQ,1,False
250,Anonymized_Llama-4-Maverick_synthetic,CQ,1,True
250,Anonymized_Llama-4-Maverick_synthetic,PQ,9,False
250,Anonymized_Llama-4-Maverick_synthetic,CQ,6,False
250,Anonymized_Llama-4-Maverick-17B-128E-Instruct-FP8,CQ,1,True
250,Anonymized_Llama-4-Maverick_synthetic,CQ,7,False
250,Anonymized_Llama-4-Maverick_synthetic,CQ,5,False
250,Anonymized_Llama-4-Maverick_synthetic,PQ,4,False
250,Anonymized_Llama-4-Maverick_synthetic,PQ,10,False
250,Anonymized_gpt-3.5-turbo,CQ,1,True
250,Anonymized_Llama-4-Maverick_synthetic,CQ,8,True
250,Anonymized_Llama-4-Maverick_synthetic,CQ,2,False
250,Anonymized_Llama-4-Maverick_synthetic,CQ,9,False
250,Anonymized_Llama-4-Maverick_synthetic,CQ,4,False
250,Anonymized_Llama-4-Maverick_synthetic,PQ,3,False
250,Anonymized_Llama-4-Maverick_fewshot,PQ,6,False
250,Anonymized_Llama-4-Maverick_fewshot,CQ,10,True
250,Anonymized_Llama-4-Maverick_synthetic,CQ,10,False
289,Anonymized_gpt-3.5-turbo,CQ,1,False
289,Anonymized_gpt-3.5-turbo,PQ,4,False
289,Anonymized_gpt-3.5-turbo,PQ,6,False
289,Anonymized_gpt-3.5-turbo,CQ,2,False
289,Anonymized_gpt-3.5-turbo,CQ,5,False
289,Anonymized_gpt-3.5-turbo,PQ,3,False
289,Anonymized_gpt-3.5-turbo,PQ,1,False
289,Anonymized_gpt-3.5-turbo,CQ,9,False
289,Anonymized_gpt-3.5-turbo,PQ,2,False
289,Anonymized_gpt-3.5-turbo,CQ,6,True
289,Anonymized_gpt-3.5-turbo,PQ,10,False
289,Anonymized_gpt-4o,PQ,2,False
289,Anonymized_gpt-4o,PQ,1,False
289,Anonymized_gpt-3.5-turbo,PQ,9,False
289,Anonymized_gpt-4o,PQ,4,False
289,Anonymized_gpt-4o,CQ,2,False
289,Anonymized_gpt-3.5-turbo,PQ,7,False
289,Anonymized_gpt-4o,CQ,3,False
289,Anonymized_gpt-4o,PQ,5,False
289,Anonymized_gpt-4o,CQ,4,True
289,Anonymized_gpt-4o,CQ,5,False
250,Anonymized_Llama-4-Maverick_fewshot,CQ,5,False
250,Anonymized_Llama-4-Maverick_fewshot,CQ,6,False
250,Anonymized_Llama-4-Maverick_synthetic,PQ,8,True
289,Anonymized_gpt-3.5-turbo,PQ,5,False
289,Anonymized_gpt-4o,PQ,7,False
250,Anonymized_Llama-4-Maverick_synthetic,PQ,7,False
289,Anonymized_gpt-4o,CQ,7,False
289,Anonymized_gpt-4o,PQ,9,False
289,Anonymized_gpt-3.5-turbo,PQ,8,False
289,Anonymized_gpt-4o,PQ,10,False
289,Anonymized_gpt-3.5-turbo,CQ,8,False
289,Anonymized_gpt-4o,CQ,8,False
289,Anonymized_NER,PQ,3,True
289,Anonymized_gpt-3.5-turbo,CQ,7,False
289,Anonymized_gpt-4o,CQ,6,True
289,Anonymized_NER,PQ,2,False
289,Anonymized_NER,PQ,5,False
289,Anonymized_NER,CQ,1,False
289,Anonymized_gpt-3.5-turbo,CQ,3,False
289,Anonymized_NER,PQ,7,False
289,Anonymized_NER,PQ,8,False
289,Anonymized_NER,PQ,9,False
289,Anonymized_gpt-4o,CQ,10,True
289,Anonymized_NER,PQ,10,False
289,Anonymized_NER,CQ,9,False
289,Anonymized_gpt-3.5-turbo,CQ,4,False
289,Anonymized_gpt-4o,CQ,9,False
289,Anonymized_DeepSeek-V4-Pro,PQ,2,False
289,Anonymized_NER,CQ,5,False
289,Anonymized_DeepSeek-V4-Pro,CQ,2,False
289,Anonymized_DeepSeek-V4-Pro,CQ,3,True
289,Anonymized_NER,CQ,4,False
289,Anonymized_gpt-4o,PQ,6,False
289,Anonymized_gpt-3.5-turbo,CQ,10,False
289,Anonymized_NER,CQ,10,False
289,Anonymized_DeepSeek-V4-Pro,PQ,1,False
289,Anonymized_DeepSeek-V4-Pro,PQ,3,True
289,Anonymized_DeepSeek-V4-Pro,CQ,7,False
289,Anonymized_NER,PQ,6,False
289,Anonymized_DeepSeek-V4-Pro,PQ,8,False
289,Anonymized_DeepSeek-V4-Pro,CQ,8,True
289,Anonymized_NER,CQ,8,True
289,Anonymized_DeepSeek-V4-Pro,PQ,10,False
289,Anonymized_DeepSeek-V4-Pro,CQ,9,False
289,Anonymized_DeepSeek-V4-Pro,CQ,5,False
289,Anonymized_DeepSeek-V4-Pro,CQ,10,True
289,Anonymized_Llama-4-Maverick-17B-128E-Instruct-FP8,PQ,2,False
289,Anonymized_DeepSeek-V4-Pro,PQ,4,False
289,Anonymized_Llama-4-Maverick-17B-128E-Instruct-FP8,CQ,1,False
289,Anonymized_NER,PQ,4,False
289,Anonymized_gpt-4o,CQ,1,False
289,Anonymized_DeepSeek-V4-Pro,PQ,9,False
289,Anonymized_Llama-4-Maverick-17B-128E-Instruct-FP8,PQ,3,False
289,Anonymized_NER,CQ,6,True
289,Anonymized_NER,CQ,2,False
289,Anonymized_Llama-4-Maverick-17B-128E-Instruct-FP8,PQ,5,False
289,Anonymized_gpt-4o,PQ,8,False
289,Anonymized_Llama-4-Maverick-17B-128E-Instruct-FP8,PQ,6,False
289,Anonymized_DeepSeek-V4-Pro,CQ,6,True
289,Anonymized_DeepSeek-V4-Pro,CQ,1,False
289,Anonymized_Llama-4-Maverick-17B-128E-Instruct-FP8,CQ,5,False
289,Anonymized_DeepSeek-V4-Pro,PQ,5,False
289,Anonymized_Llama-4-Maverick-17B-128E-Instruct-FP8,CQ,2,False
289,Anonymized_Llama-4-Maverick-17B-128E-Instruct-FP8,CQ,3,False
289,Anonymized_Llama-4-Maverick-17B-128E-Instruct-FP8,PQ,10,False
289,Anonymized_Llama-4-Maverick-17B-128E-Instruct-FP8,CQ,4,True
289,Anonymized_Llama-4-Maverick-17B-128E-Instruct-FP8,CQ,9,False
289,Anonymized_Llama-4-Maverick-17B-128E-Instruct-FP8,CQ,8,False
289,Anonymized_Llama-4-Maverick-17B-128E-Instruct-FP8,PQ,8,False
289,Anonymized_NER,CQ,7,False
289,Anonymized_Llama-4-Maverick_fewshot,CQ,2,False
289,Anonymized_Llama-4-Maverick-17B-128E-Instruct-FP8,PQ,1,False
289,Anonymized_Llama-4-Maverick-17B-128E-Instruct-FP8,CQ,10,True
289,Anonymized_Llama-4-Maverick_fewshot,PQ,3,True
289,Anonymized_Llama-4-Maverick_fewshot,CQ,1,False
289,Anonymized_Llama-4-Maverick_fewshot,PQ,1,False
289,Anonymized_DeepSeek-V4-Pro,PQ,7,False
289,Anonymized_Llama-4-Maverick-17B-128E-Instruct-FP8,PQ,7,False
289,Anonymized_Llama-4-Maverick_fewshot,PQ,5,False
289,Anonymized_Llama-4-Maverick_fewshot,CQ,4,False
289,Anonymized_Llama-4-Maverick_fewshot,PQ,6,False
289,Anonymized_Llama-4-Maverick_fewshot,PQ,7,False
289,Anonymized_Llama-4-Maverick_fewshot,PQ,8,False
289,Anonymized_Llama-4-Maverick-17B-128E-Instruct-FP8,PQ,9,False
289,Anonymized_DeepSeek-V4-Pro,PQ,6,False
289,Anonymized_gpt-4o,PQ,3,True
289,Anonymized_Llama-4-Maverick-17B-128E-Instruct-FP8,CQ,7,False
289,Anonymized_Llama-4-Maverick-17B-128E-Instruct-FP8,CQ,6,True
289,Anonymized_NER,PQ,1,False
289,Anonymized_Llama-4-Maverick_fewshot,PQ,10,False
289,Anonymized_Llama-4-Maverick_synthetic,CQ,2,False
289,Anonymized_Llama-4-Maverick_fewshot,PQ,2,False
289,Anonymized_Llama-4-Maverick_synthetic,CQ,3,False
289,Anonymized_Llama-4-Maverick_synthetic,CQ,4,False
289,Anonymized_Llama-4-Maverick_synthetic,PQ,5,False
289,Anonymized_Llama-4-Maverick_synthetic,PQ,6,False
289,Anonymized_Llama-4-Maverick_synthetic,PQ,2,False
289,Anonymized_Llama-4-Maverick_fewshot,CQ,3,False
289,Anonymized_Llama-4-Maverick_synthetic,PQ,7,False
289,Anonymized_Llama-4-Maverick_synthetic,PQ,9,False
289,Anonymized_NER,CQ,3,False
289,Anonymized_Llama-4-Maverick_fewshot,CQ,6,True
289,Anonymized_Llama-4-Maverick_fewshot,CQ,10,False
289,Anonymized_Llama-4-Maverick_synthetic,PQ,10,False
289,Anonymized_Llama-4-Maverick_fewshot,PQ,4,False
289,Anonymized_Llama-4-Maverick_synthetic,CQ,9,False
289,Anonymized_Llama-4-Maverick_fewshot,PQ,9,False
289,Anonymized_Llama-4-Maverick_synthetic,PQ,3,True
289,Anonymized_Llama-4-Maverick_synthetic,CQ,7,False
289,Anonymized_Llama-4-Maverick_fewshot,CQ,5,False
289,Anonymized_DeepSeek-V4-Pro,CQ,4,True
289,Anonymized_Llama-4-Maverick_synthetic,CQ,5,False
289,Anonymized_Llama-4-Maverick_synthetic,PQ,8,False
289,Anonymized_Llama-4-Maverick_synthetic,CQ,6,True
289,Anonymized_Llama-4-Maverick_synthetic,CQ,8,False
289,Anonymized_Llama-4-Maverick_fewshot,CQ,9,False
289,Anonymized_Llama-4-Maverick_synthetic,PQ,1,False
289,Anonymized_Llama-4-Maverick_synthetic,CQ,10,True
301,Anonymized_gpt-3.5-turbo,PQ,1,False
301,Anonymized_gpt-3.5-turbo,CQ,1,True
301,Anonymized_gpt-3.5-turbo,PQ,2,False
289,Anonymized_Llama-4-Maverick_synthetic,PQ,4,False
301,Anonymized_gpt-3.5-turbo,CQ,3,False
301,Anonymized_gpt-3.5-turbo,CQ,5,False
301,Anonymized_gpt-3.5-turbo,CQ,2,False
301,Anonymized_gpt-3.5-turbo,PQ,4,False
301,Anonymized_gpt-3.5-turbo,CQ,4,False
289,Anonymized_Llama-4-Maverick_fewshot,CQ,8,False
301,Anonymized_gpt-3.5-turbo,CQ,9,False
301,Anonymized_gpt-4o,PQ,1,False
289,Anonymized_Llama-4-Maverick_fewshot,CQ,7,False
289,Anonymized_Llama-4-Maverick-17B-128E-Instruct-FP8,PQ,4,False
289,Anonymized_Llama-4-Maverick_synthetic,CQ,1,False
301,Anonymized_gpt-4o,PQ,2,False
301,Anonymized_gpt-4o,CQ,1,True
301,Anonymized_gpt-3.5-turbo,CQ,10,False
301,Anonymized_gpt-3.5-turbo,PQ,7,False
301,Anonymized_gpt-3.5-turbo,CQ,8,False
301,Anonymized_gpt-4o,CQ,2,False
301,Anonymized_gpt-3.5-turbo,PQ,8,False
301,Anonymized_gpt-4o,PQ,6,False
301,Anonymized_gpt-4o,PQ,7,False
301,Anonymized_gpt-4o,PQ,4,False
301,Anonymized_gpt-4o,CQ,5,False
301,Anonymized_gpt-4o,CQ,4,False
301,Anonymized_gpt-4o,CQ,6,False
301,Anonymized_NER,PQ,1,False
301,Anonymized_gpt-3.5-turbo,CQ,7,False
301,Anonymized_NER,PQ,2,False
301,Anonymized_NER,CQ,2,False
301,Anonymized_gpt-4o,CQ,10,False
301,Anonymized_NER,CQ,1,True
301,Anonymized_gpt-4o,PQ,10,False
301,Anonymized_NER,CQ,3,False
301,Anonymized_gpt-4o,CQ,3,False
301,Anonymized_NER,PQ,4,False
301,Anonymized_gpt-4o,PQ,9,False
301,Anonymized_NER,PQ,8,False
301,Anonymized_NER,CQ,5,False
301,Anonymized_NER,PQ,3,False
301,Anonymized_NER,PQ,5,False
301,Anonymized_NER,CQ,8,False
301,Anonymized_NER,PQ,6,True
301,Anonymized_NER,CQ,4,False
301,Anonymized_NER,PQ,9,False
301,Anonymized_Llama-4-Maverick-17B-128E-Instruct-FP8,PQ,2,False
301,Anonymized_gpt-4o,CQ,7,False
301,Anonymized_NER,CQ,10,False
301,Anonymized_gpt-3.5-turbo,PQ,10,False
301,Anonymized_Llama-4-Maverick-17B-128E-Instruct-FP8,CQ,2,False
301,Anonymized_NER,PQ,7,False
301,Anonymized_gpt-3.5-turbo,PQ,9,False
301,Anonymized_gpt-4o,PQ,3,False
301,Anonymized_gpt-3.5-turbo,PQ,5,False
301,Anonymized_NER,CQ,7,False
301,Anonymized_Llama-4-Maverick-17B-128E-Instruct-FP8,CQ,5,False
301,Anonymized_Llama-4-Maverick-17B-128E-Instruct-FP8,CQ,1,True
301,Anonymized_Llama-4-Maverick-17B-128E-Instruct-FP8,CQ,6,False
301,Anonymized_Llama-4-Maverick-17B-128E-Instruct-FP8,PQ,7,False
301,Anonymized_Llama-4-Maverick-17B-128E-Instruct-FP8,PQ,3,False
301,Anonymized_NER,PQ,10,False
301,Anonymized_Llama-4-Maverick-17B-128E-Instruct-FP8,PQ,5,False
301,Anonymized_Llama-4-Maverick-17B-128E-Instruct-FP8,PQ,1,False
301,Anonymized_Llama-4-Maverick-17B-128E-Instruct-FP8,CQ,4,False
301,Anonymized_gpt-4o,CQ,8,False
301,Anonymized_gpt-4o,PQ,5,False
301,Anonymized_Llama-4-Maverick_fewshot,PQ,1,False
301,Anonymized_Llama-4-Maverick-17B-128E-Instruct-FP8,PQ,8,False
301,Anonymized_Llama-4-Maverick-17B-128E-Instruct-FP8,CQ,10,False
301,Anonymized_Llama-4-Maverick_fewshot,PQ,2,False
301,Anonymized_NER,CQ,9,False
301,Anonymized_NER,CQ,6,False
301,Anonymized_gpt-3.5-turbo,PQ,6,False
301,Anonymized_Llama-4-Maverick_fewshot,CQ,3,False
301,Anonymized_gpt-3.5-turbo,CQ,6,False
301,Anonymized_Llama-4-Maverick_fewshot,CQ,4,False
301,Anonymized_gpt-4o,CQ,9,False
301,Anonymized_gpt-3.5-turbo,PQ,3,False
301,Anonymized_Llama-4-Maverick-17B-128E-Instruct-FP8,PQ,4,False
301,Anonymized_Llama-4-Maverick_fewshot,CQ,5,False
301,Anonymized_Llama-4-Maverick_fewshot,CQ,8,False
301,Anonymized_Llama-4-Maverick_fewshot,PQ,6,False
301,Anonymized_Llama-4-Maverick_fewshot,PQ,3,False
301,Anonymized_Llama-4-Maverick_fewshot,CQ,7,False
301,Anonymized_Llama-4-Maverick_fewshot,PQ,7,False
301,Anonymized_Llama-4-Maverick_fewshot,CQ,9,False
301,Anonymized_Llama-4-Maverick_fewshot,CQ,6,False
301,Anonymized_Llama-4-Maverick_synthetic,PQ,2,False
301,Anonymized_Llama-4-Maverick_fewshot,PQ,4,False
301,Anonymized_Llama-4-Maverick_fewshot,PQ,9,False
301,Anonymized_Llama-4-Maverick-17B-128E-Instruct-FP8,CQ,3,False
301,Anonymized_Llama-4-Maverick_synthetic,CQ,3,False
301,Anonymized_Llama-4-Maverick_fewshot,CQ,2,False
301,Anonymized_Llama-4-Maverick-17B-128E-Instruct-FP8,PQ,9,False
301,Anonymized_Llama-4-Maverick_synthetic,PQ,6,False
301,Anonymized_Llama-4-Maverick-17B-128E-Instruct-FP8,PQ,10,False
301,Anonymized_Llama-4-Maverick_synthetic,PQ,7,False
301,Anonymized_Llama-4-Maverick_synthetic,PQ,8,False
301,Anonymized_Llama-4-Maverick_synthetic,CQ,7,False
301,Anonymized_Llama-4-Maverick_fewshot,PQ,10,False
301,Anonymized_gpt-4o,PQ,8,False
301,Anonymized_Llama-4-Maverick_fewshot,CQ,10,False
301,Anonymized_Llama-4-Maverick_synthetic,CQ,5,False
301,Anonymized_Llama-4-Maverick_synthetic,CQ,6,False
301,Anonymized_Llama-4-Maverick_synthetic,CQ,2,False
301,Anonymized_Llama-4-Maverick_synthetic,CQ,10,False
302,Anonymized_gpt-3.5-turbo,CQ,1,False
301,Anonymized_Llama-4-Maverick_synthetic,PQ,1,False
301,Anonymized_Llama-4-Maverick_synthetic,PQ,4,False
302,Anonymized_gpt-3.5-turbo,PQ,2,False
301,Anonymized_Llama-4-Maverick-17B-128E-Instruct-FP8,CQ,8,False
302,Anonymized_gpt-3.5-turbo,CQ,3,False
302,Anonymized_gpt-3.5-turbo,PQ,4,False
301,Anonymized_Llama-4-Maverick-17B-128E-Instruct-FP8,CQ,7,False
301,Anonymized_Llama-4-Maverick_synthetic,PQ,3,False
301,Anonymized_Llama-4-Maverick_fewshot,PQ,5,False
301,Anonymized_Llama-4-Maverick_fewshot,CQ,1,True
302,Anonymized_gpt-3.5-turbo,PQ,5,False
302,Anonymized_gpt-3.5-turbo,PQ,6,False
301,Anonymized_Llama-4-Maverick-17B-128E-Instruct-FP8,PQ,6,False
302,Anonymized_gpt-3.5-turbo,CQ,2,False
301,Anonymized_Llama-4-Maverick_synthetic,CQ,1,True
301,Anonymized_Llama-4-Maverick_fewshot,PQ,8,False
302,Anonymized_gpt-3.5-turbo,PQ,10,True
302,Anonymized_gpt-3.5-turbo,PQ,8,False
301,Anonymized_Llama-4-Maverick_synthetic,PQ,10,False
302,Anonymized_gpt-3.5-turbo,CQ,5,False
301,Anonymized_Llama-4-Maverick_synthetic,CQ,8,False
302,Anonymized_gpt-3.5-turbo,PQ,9,True
301,Anonymized_Llama-4-Maverick_synthetic,PQ,9,False
302,Anonymized_gpt-4o,PQ,2,False
301,Anonymized_Llama-4-Maverick-17B-128E-Instruct-FP8,CQ,9,False
302,Anonymized_gpt-3.5-turbo,CQ,7,False
302,Anonymized_gpt-4o,PQ,1,False
301,Anonymized_Llama-4-Maverick_synthetic,CQ,4,False
302,Anonymized_gpt-4o,PQ,4,False
302,Anonymized_gpt-3.5-turbo,CQ,8,False
302,Anonymized_gpt-3.5-turbo,CQ,9,True
302,Anonymized_gpt-3.5-turbo,PQ,3,False
302,Anonymized_gpt-3.5-turbo,CQ,4,False
302,Anonymized_gpt-4o,PQ,3,False
302,Anonymized_gpt-4o,PQ,7,False
302,Anonymized_gpt-3.5-turbo,CQ,6,False
302,Anonymized_gpt-4o,CQ,1,False
302,Anonymized_gpt-4o,PQ,10,True
302,Anonymized_gpt-4o,CQ,8,False
302,Anonymized_gpt-3.5-turbo,PQ,1,False
302,Anonymized_gpt-4o,CQ,3,False
301,Anonymized_Llama-4-Maverick_synthetic,PQ,5,False
302,Anonymized_NER,CQ,3,False
302,Anonymized_NER,PQ,4,False
302,Anonymized_NER,PQ,1,True
302,Anonymized_NER,CQ,4,False
301,Anonymized_Llama-4-Maverick_synthetic,CQ,9,False
302,Anonymized_NER,CQ,1,False
302,Anonymized_gpt-4o,PQ,8,False
302,Anonymized_NER,CQ,6,False
302,Anonymized_NER,CQ,7,False
302,Anonymized_NER,PQ,8,False
302,Anonymized_gpt-4o,CQ,5,False
302,Anonymized_NER,PQ,2,False
302,Anonymized_NER,CQ,8,False
302,Anonymized_gpt-4o,CQ,6,False
302,Anonymized_NER,CQ,2,False
302,Anonymized_gpt-4o,PQ,9,True
302,Anonymized_NER,CQ,10,False
302,Anonymized_DeepSeek-V4-Pro,PQ,2,False
302,Anonymized_DeepSeek-V4-Pro,CQ,2,False
302,Anonymized_gpt-4o,CQ,10,False
302,Anonymized_NER,PQ,9,True
302,Anonymized_DeepSeek-V4-Pro,CQ,3,False
302,Anonymized_gpt-4o,PQ,6,False
302,Anonymized_gpt-4o,CQ,4,False
302,Anonymized_DeepSeek-V4-Pro,PQ,5,False
302,Anonymized_NER,PQ,10,True
302,Anonymized_gpt-3.5-turbo,PQ,7,False
302,Anonymized_DeepSeek-V4-Pro,PQ,6,False
302,Anonymized_DeepSeek-V4-Pro,PQ,7,False
302,Anonymized_gpt-4o,CQ,9,True
302,Anonymized_DeepSeek-V4-Pro,PQ,3,False
302,Anonymized_DeepSeek-V4-Pro,CQ,5,False
302,Anonymized_DeepSeek-V4-Pro,PQ,4,False
302,Anonymized_NER,PQ,3,False
302,Anonymized_DeepSeek-V4-Pro,CQ,6,False
302,Anonymized_DeepSeek-V4-Pro,PQ,9,True
302,Anonymized_gpt-3.5-turbo,CQ,10,False
302,Anonymized_gpt-4o,CQ,7,False
302,Anonymized_DeepSeek-V4-Pro,PQ,10,True
302,Anonymized_DeepSeek-V4-Pro,CQ,10,False
302,Anonymized_Llama-4-Maverick-17B-128E-Instruct-FP8,PQ,1,False
302,Anonymized_NER,PQ,6,False
302,Anonymized_DeepSeek-V4-Pro,CQ,1,False
302,Anonymized_gpt-4o,CQ,2,False
302,Anonymized_NER,CQ,9,False
302,Anonymized_Llama-4-Maverick-17B-128E-Instruct-FP8,CQ,3,False
302,Anonymized_DeepSeek-V4-Pro,CQ,8,False
302,Anonymized_Llama-4-Maverick-17B-128E-Instruct-FP8,CQ,4,False
302,Anonymized_Llama-4-Maverick-17B-128E-Instruct-FP8,PQ,5,False
302,Anonymized_NER,CQ,5,False
302,Anonymized_DeepSeek-V4-Pro,CQ,4,False
302,Anonymized_DeepSeek-V4-Pro,PQ,8,False
302,Anonymized_Llama-4-Maverick-17B-128E-Instruct-FP8,PQ,7,False
302,Anonymized_Llama-4-Maverick-17B-128E-Instruct-FP8,CQ,5,False
302,Anonymized_NER,PQ,5,False
302,Anonymized_Llama-4-Maverick-17B-128E-Instruct-FP8,CQ,7,False
302,Anonymized_Llama-4-Maverick-17B-128E-Instruct-FP8,CQ,10,False
302,Anonymized_Llama-4-Maverick-17B-128E-Instruct-FP8,PQ,8,False
302,Anonymized_Llama-4-Maverick-17B-128E-Instruct-FP8,PQ,2,False
302,Anonymized_Llama-4-Maverick-17B-128E-Instruct-FP8,CQ,8,False
302,Anonymized_Llama-4-Maverick-17B-128E-Instruct-FP8,CQ,9,True
302,Anonymized_DeepSeek-V4-Pro,PQ,1,False
302,Anonymized_Llama-4-Maverick_fewshot,PQ,2,False
302,Anonymized_Llama-4-Maverick_fewshot,PQ,3,False
302,Anonymized_Llama-4-Maverick_fewshot,CQ,1,False
302,Anonymized_Llama-4-Maverick-17B-128E-Instruct-FP8,CQ,2,False
302,Anonymized_Llama-4-Maverick_fewshot,PQ,1,False
302,Anonymized_Llama-4-Maverick-17B-128E-Instruct-FP8,PQ,4,False
302,Anonymized_Llama-4-Maverick_fewshot,PQ,6,False
302,Anonymized_DeepSeek-V4-Pro,CQ,9,False
302,Anonymized_Llama-4-Maverick_fewshot,CQ,2,False
302,Anonymized_Llama-4-Maverick-17B-128E-Instruct-FP8,PQ,10,True
302,Anonymized_Llama-4-Maverick_fewshot,PQ,7,False
302,Anonymized_Llama-4-Maverick_fewshot,CQ,7,False
302,Anonymized_Llama-4-Maverick_fewshot,PQ,9,False
302,Anonymized_Llama-4-Maverick_synthetic,PQ,1,False
302,Anonymized_Llama-4-Maverick_fewshot,CQ,10,False
302,Anonymized_Llama-4-Maverick_fewshot,CQ,6,False
302,Anonymized_Llama-4-Maverick_fewshot,PQ,5,False
302,Anonymized_Llama-4-Maverick_synthetic,CQ,2,False
302,Anonymized_NER,PQ,7,False
302,Anonymized_Llama-4-Maverick_fewshot,PQ,4,False
302,Anonymized_Llama-4-Maverick_synthetic,CQ,4,False
302,Anonymized_Llama-4-Maverick_fewshot,PQ,10,True
302,Anonymized_Llama-4-Maverick_fewshot,CQ,8,False
302,Anonymized_Llama-4-Maverick_synthetic,CQ,3,False
302,Anonymized_Llama-4-Maverick_synthetic,CQ,5,False
302,Anonymized_Llama-4-Maverick_fewshot,CQ,3,False
302,Anonymized_Llama-4-Maverick_synthetic,CQ,6,False
302,Anonymized_Llama-4-Maverick_synthetic,PQ,3,False
302,Anonymized_Llama-4-Maverick_fewshot,CQ,9,True
302,Anonymized_Llama-4-Maverick_synthetic,PQ,4,False
302,Anonymized_Llama-4-Maverick-17B-128E-Instruct-FP8,CQ,6,False
302,Anonymized_Llama-4-Maverick_synthetic,PQ,5,True
302,Anonymized_Llama-4-Maverick_synthetic,PQ,10,True
302,Anonymized_Llama-4-Maverick_synthetic,CQ,1,False
302,Anonymized_Llama-4-Maverick_synthetic,PQ,7,False
302,Anonymized_Llama-4-Maverick-17B-128E-Instruct-FP8,CQ,1,False
302,Anonymized_Llama-4-Maverick-17B-128E-Instruct-FP8,PQ,3,False
302,Anonymized_Llama-4-Maverick_synthetic,PQ,8,False
302,Anonymized_Llama-4-Maverick_synthetic,PQ,9,True
302,Anonymized_Llama-4-Maverick_fewshot,PQ,8,False
302,Anonymized_Llama-4-Maverick_synthetic,CQ,9,False
302,Anonymized_Llama-4-Maverick_synthetic,PQ,2,False
302,Anonymized_Llama-4-Maverick-17B-128E-Instruct-FP8,PQ,9,True
302,Anonymized_Llama-4-Maverick_synthetic,CQ,8,False
302,Anonymized_Llama-4-Maverick_fewshot,CQ,5,False
302,Anonymized_Llama-4-Maverick_synthetic,CQ,10,False
315,Anonymized_gpt-3.5-turbo,PQ,2,False
315,Anonymized_gpt-3.5-turbo,CQ,2,False
302,Anonymized_Llama-4-Maverick-17B-128E-Instruct-FP8,PQ,6,False
302,Anonymized_Llama-4-Maverick_fewshot,CQ,4,False
315,Anonymized_gpt-3.5-turbo,PQ,4,False
315,Anonymized_gpt-3.5-turbo,CQ,3,False
302,Anonymized_DeepSeek-V4-Pro,CQ,7,False
315,Anonymized_gpt-3.5-turbo,PQ,10,False
315,Anonymized_gpt-3.5-turbo,CQ,6,False
315,Anonymized_gpt-3.5-turbo,CQ,1,False
315,Anonymized_gpt-3.5-turbo,CQ,8,False
315,Anonymized_gpt-3.5-turbo,PQ,3,False
315,Anonymized_gpt-3.5-turbo,PQ,7,False
315,Anonymized_gpt-3.5-turbo,CQ,5,False
315,Anonymized_gpt-3.5-turbo,CQ,7,False
315,Anonymized_gpt-4o,PQ,1,False
302,Anonymized_gpt-4o,PQ,5,False
315,Anonymized_gpt-3.5-turbo,PQ,1,False
315,Anonymized_gpt-4o,PQ,3,False
315,Anonymized_gpt-4o,CQ,2,False
315,Anonymized_gpt-3.5-turbo,CQ,9,False
315,Anonymized_gpt-3.5-turbo,CQ,10,True
315,Anonymized_gpt-4o,CQ,6,False
315,Anonymized_gpt-4o,CQ,1,False
315,Anonymized_gpt-4o,PQ,7,False
315,Anonymized_gpt-4o,CQ,3,False
315,Anonymized_gpt-4o,CQ,5,False
315,Anonymized_gpt-3.5-turbo,PQ,6,False
315,Anonymized_gpt-3.5-turbo,PQ,8,False
315,Anonymized_gpt-4o,PQ,10,False
315,Anonymized_gpt-4o,CQ,7,False
315,Anonymized_gpt-4o,CQ,10,False
315,Anonymized_NER,CQ,2,False
315,Anonymized_NER,PQ,2,False
315,Anonymized_gpt-4o,PQ,2,False
315,Anonymized_gpt-4o,CQ,4,True
315,Anonymized_gpt-4o,PQ,6,False
315,Anonymized_NER,PQ,4,False
315,Anonymized_NER,PQ,5,False
315,Anonymized_NER,CQ,4,True
315,Anonymized_NER,PQ,6,False
315,Anonymized_gpt-4o,PQ,8,False
315,Anonymized_NER,PQ,3,False
302,Anonymized_Llama-4-Maverick_synthetic,PQ,6,False
315,Anonymized_gpt-3.5-turbo,CQ,4,True
315,Anonymized_NER,PQ,1,False
302,Anonymized_Llama-4-Maverick_synthetic,CQ,7,False
315,Anonymized_NER,PQ,10,False
315,Anonymized_gpt-3.5-turbo,PQ,5,False
315,Anonymized_gpt-4o,PQ,4,False
315,Anonymized_NER,PQ,7,True
315,Anonymized_DeepSeek-V4-Pro,PQ,3,False
315,Anonymized_NER,CQ,10,False
315,Anonymized_DeepSeek-V4-Pro,PQ,2,False
315,Anonymized_DeepSeek-V4-Pro,PQ,4,False
315,Anonymized_NER,CQ,9,False
315,Anonymized_DeepSeek-V4-Pro,CQ,4,True
315,Anonymized_DeepSeek-V4-Pro,PQ,5,False
315,Anonymized_DeepSeek-V4-Pro,PQ,6,False
315,Anonymized_DeepSeek-V4-Pro,PQ,7,True
315,Anonymized_DeepSeek-V4-Pro,CQ,2,False
315,Anonymized_DeepSeek-V4-Pro,CQ,3,False
315,Anonymized_DeepSeek-V4-Pro,CQ,7,False
315,Anonymized_NER,CQ,6,False
315,Anonymized_DeepSeek-V4-Pro,PQ,10,False
315,Anonymized_gpt-3.5-turbo,PQ,9,False
315,Anonymized_DeepSeek-V4-Pro,CQ,5,False
315,Anonymized_gpt-4o,PQ,5,False
315,Anonymized_DeepSeek-V4-Pro,PQ,8,False
315,Anonymized_DeepSeek-V4-Pro,CQ,9,False
315,Anonymized_DeepSeek-V4-Pro,CQ,10,False
315,Anonymized_NER,CQ,1,False
315,Anonymized_DeepSeek-V4-Pro,PQ,9,False
315,Anonymized_gpt-4o,CQ,8,False
315,Anonymized_DeepSeek-V4-Pro,PQ,1,False
315,Anonymized_Llama-4-Maverick-17B-128E-Instruct-FP8,PQ,4,False
315,Anonymized_Llama-4-Maverick-17B-128E-Instruct-FP8,CQ,2,False
315,Anonymized_Llama-4-Maverick-17B-128E-Instruct-FP8,PQ,1,False
315,Anonymized_Llama-4-Maverick-17B-128E-Instruct-FP8,CQ,4,True
315,Anonymized_NER,PQ,9,False
315,Anonymized_Llama-4-Maverick-17B-128E-Instruct-FP8,PQ,3,False
315,Anonymized_Llama-4-Maverick-17B-128E-Instruct-FP8,CQ,5,False
315,Anonymized_gpt-4o,PQ,9,False
315,Anonymized_NER,CQ,5,False
315,Anonymized_Llama-4-Maverick-17B-128E-Instruct-FP8,PQ,8,False
315,Anonymized_DeepSeek-V4-Pro,CQ,1,False
315,Anonymized_NER,CQ,8,False
315,Anonymized_Llama-4-Maverick-17B-128E-Instruct-FP8,PQ,10,False
315,Anonymized_Llama-4-Maverick-17B-128E-Instruct-FP8,CQ,9,False
315,Anonymized_Llama-4-Maverick-17B-128E-Instruct-FP8,PQ,7,True
315,Anonymized_Llama-4-Maverick-17B-128E-Instruct-FP8,CQ,10,False
315,Anonymized_NER,CQ,7,False
315,Anonymized_Llama-4-Maverick-17B-128E-Instruct-FP8,CQ,3,False
315,Anonymized_Llama-4-Maverick-17B-128E-Instruct-FP8,CQ,7,False
315,Anonymized_DeepSeek-V4-Pro,CQ,6,False
315,Anonymized_Llama-4-Maverick_fewshot,CQ,4,False
315,Anonymized_DeepSeek-V4-Pro,CQ,8,False
315,Anonymized_Llama-4-Maverick_fewshot,PQ,6,False
315,Anonymized_Llama-4-Maverick-17B-128E-Instruct-FP8,CQ,1,False
315,Anonymized_Llama-4-Maverick_fewshot,CQ,6,False
315,Anonymized_Llama-4-Maverick_fewshot,CQ,5,False
315,Anonymized_NER,PQ,8,False
315,Anonymized_Llama-4-Maverick_fewshot,PQ,5,False
315,Anonymized_Llama-4-Maverick-17B-128E-Instruct-FP8,PQ,2,False
315,Anonymized_Llama-4-Maverick_fewshot,CQ,2,False
315,Anonymized_Llama-4-Maverick_fewshot,PQ,4,False
315,Anonymized_NER,CQ,3,False
315,Anonymized_Llama-4-Maverick-17B-128E-Instruct-FP8,PQ,9,False
315,Anonymized_Llama-4-Maverick_fewshot,CQ,9,False
315,Anonymized_Llama-4-Maverick_fewshot,PQ,3,False
315,Anonymized_Llama-4-Maverick_synthetic,PQ,2,False
315,Anonymized_Llama-4-Maverick_fewshot,PQ,9,False
315,Anonymized_Llama-4-Maverick_synthetic,CQ,1,False
315,Anonymized_Llama-4-Maverick_synthetic,CQ,2,False
315,Anonymized_Llama-4-Maverick_synthetic,PQ,4,False
315,Anonymized_Llama-4-Maverick_fewshot,PQ,2,False
315,Anonymized_Llama-4-Maverick_synthetic,CQ,3,False
315,Anonymized_Llama-4-Maverick_fewshot,PQ,8,False
315,Anonymized_Llama-4-Maverick_synthetic,CQ,4,False
315,Anonymized_Llama-4-Maverick_synthetic,CQ,5,False
315,Anonymized_Llama-4-Maverick_synthetic,PQ,3,True
315,Anonymized_Llama-4-Maverick_synthetic,PQ,8,False
315,Anonymized_Llama-4-Maverick_synthetic,CQ,8,False
315,Anonymized_Llama-4-Maverick_fewshot,CQ,1,False
315,Anonymized_Llama-4-Maverick_fewshot,PQ,10,False
315,Anonymized_Llama-4-Maverick_synthetic,PQ,9,True
315,Anonymized_Llama-4-Maverick_synthetic,PQ,6,False
315,Anonymized_Llama-4-Maverick-17B-128E-Instruct-FP8,CQ,6,False
315,Anonymized_Llama-4-Maverick_synthetic,PQ,7,True
315,Anonymized_Llama-4-Maverick_synthetic,CQ,10,False
315,Anonymized_Llama-4-Maverick_fewshot,PQ,1,False
315,Anonymized_Llama-4-Maverick_synthetic,PQ,5,False
315,Anonymized_Llama-4-Maverick_synthetic,CQ,9,False
315,Anonymized_Llama-4-Maverick_synthetic,PQ,10,False
315,Anonymized_Llama-4-Maverick_synthetic,CQ,6,False
315,Anonymized_Llama-4-Maverick_synthetic,PQ,1,False
315,Anonymized_Llama-4-Maverick_fewshot,CQ,8,False
315,Anonymized_Llama-4-Maverick-17B-128E-Instruct-FP8,PQ,5,False
315,Anonymized_Llama-4-Maverick-17B-128E-Instruct-FP8,CQ,8,False
315,Anonymized_Llama-4-Maverick_synthetic,CQ,7,False
315,Anonymized_gpt-4o,CQ,9,False
315,Anonymized_Llama-4-Maverick_fewshot,CQ,7,False
319,Anonymized_gpt-3.5-turbo,PQ,2,False
319,Anonymized_gpt-3.5-turbo,PQ,3,False
315,Anonymized_Llama-4-Maverick-17B-128E-Instruct-FP8,PQ,6,False
315,Anonymized_Llama-4-Maverick_fewshot,CQ,3,False
319,Anonymized_gpt-3.5-turbo,PQ,4,True
319,Anonymized_gpt-3.5-turbo,CQ,5,False
319,Anonymized_gpt-3.5-turbo,CQ,2,False
319,Anonymized_gpt-4o,PQ,1,True
319,Anonymized_gpt-3.5-turbo,PQ,1,True
319,Anonymized_gpt-3.5-turbo,CQ,6,False
319,Anonymized_gpt-3.5-turbo,CQ,10,False
319,Anonymized_gpt-4o,PQ,2,False
319,Anonymized_gpt-3.5-turbo,PQ,10,False
319,Anonymized_gpt-4o,CQ,1,False
319,Anonymized_gpt-3.5-turbo,CQ,4,False
319,Anonymized_gpt-4o,CQ,3,False
315,Anonymized_Llama-4-Maverick_fewshot,CQ,10,False
319,Anonymized_gpt-4o,PQ,4,True
319,Anonymized_gpt-4o,CQ,4,False
319,Anonymized_gpt-3.5-turbo,CQ,3,False
319,Anonymized_gpt-4o,CQ,6,False
319,Anonymized_gpt-4o,CQ,2,False
319,Anonymized_gpt-3.5-turbo,CQ,8,False
319,Anonymized_gpt-4o,PQ,8,False
319,Anonymized_gpt-3.5-turbo,PQ,6,False
319,Anonymized_gpt-4o,CQ,7,False
319,Anonymized_gpt-4o,CQ,9,False
319,Anonymized_gpt-3.5-turbo,PQ,7,False
319,Anonymized_gpt-4o,CQ,10,False
319,Anonymized_NER,PQ,1,True
319,Anonymized_gpt-4o,PQ,7,False
319,Anonymized_gpt-4o,PQ,9,True
319,Anonymized_gpt-4o,PQ,3,False
319,Anonymized_NER,CQ,4,False
319,Anonymized_NER,CQ,2,False
319,Anonymized_NER,PQ,6,False
319,Anonymized_NER,PQ,7,False
319,Anonymized_NER,CQ,3,False
319,Anonymized_gpt-3.5-turbo,PQ,8,False
319,Anonymized_gpt-3.5-turbo,CQ,7,False
319,Anonymized_NER,PQ,8,False
319,Anonymized_gpt-3.5-turbo,CQ,1,False
315,Anonymized_Llama-4-Maverick_fewshot,PQ,7,False
319,Anonymized_gpt-3.5-turbo,PQ,5,True
319,Anonymized_NER,PQ,9,False
319,Anonymized_NER,CQ,8,False
319,Anonymized_gpt-3.5-turbo,CQ,9,False
319,Anonymized_NER,CQ,9,False
319,Anonymized_DeepSeek-V4-Pro,PQ,1,True
319,Anonymized_NER,CQ,10,False
319,Anonymized_NER,CQ,7,False
319,Anonymized_DeepSeek-V4-Pro,PQ,2,False
319,Anonymized_DeepSeek-V4-Pro,CQ,1,False
319,Anonymized_DeepSeek-V4-Pro,PQ,4,True
319,Anonymized_DeepSeek-V4-Pro,PQ,5,False
319,Anonymized_gpt-4o,CQ,8,False
319,Anonymized_DeepSeek-V4-Pro,CQ,2,False
319,Anonymized_NER,CQ,6,False
319,Anonymized_NER,PQ,3,False
319,Anonymized_DeepSeek-V4-Pro,CQ,5,False
319,Anonymized_NER,CQ,5,False
319,Anonymized_gpt-4o,PQ,5,False
319,Anonymized_DeepSeek-V4-Pro,CQ,7,False
319,Anonymized_DeepSeek-V4-Pro,CQ,8,False
319,Anonymized_DeepSeek-V4-Pro,CQ,4,False
319,Anonymized_DeepSeek-V4-Pro,PQ,9,False
319,Anonymized_DeepSeek-V4-Pro,PQ,6,False
319,Anonymized_DeepSeek-V4-Pro,PQ,10,False
319,Anonymized_NER,PQ,5,True
319,Anonymized_NER,PQ,2,False
319,Anonymized_DeepSeek-V4-Pro,CQ,3,False
319,Anonymized_Llama-4-Maverick-17B-128E-Instruct-FP8,PQ,2,False
319,Anonymized_Llama-4-Maverick-17B-128E-Instruct-FP8,CQ,1,False
319,Anonymized_gpt-4o,CQ,5,False
319,Anonymized_Llama-4-Maverick-17B-128E-Instruct-FP8,PQ,3,False
319,Anonymized_Llama-4-Maverick-17B-128E-Instruct-FP8,CQ,2,False
319,Anonymized_NER,PQ,10,False
319,Anonymized_Llama-4-Maverick-17B-128E-Instruct-FP8,CQ,4,False
319,Anonymized_gpt-4o,PQ,10,True
319,Anonymized_DeepSeek-V4-Pro,PQ,8,False
319,Anonymized_Llama-4-Maverick-17B-128E-Instruct-FP8,CQ,3,False
319,Anonymized_Llama-4-Maverick-17B-128E-Instruct-FP8,PQ,5,False
319,Anonymized_gpt-3.5-turbo,PQ,9,True
319,Anonymized_Llama-4-Maverick-17B-128E-Instruct-FP8,PQ,7,False
319,Anonymized_DeepSeek-V4-Pro,CQ,9,False
319,Anonymized_Llama-4-Maverick-17B-128E-Instruct-FP8,CQ,6,False
319,Anonymized_Llama-4-Maverick-17B-128E-Instruct-FP8,PQ,1,True
319,Anonymized_Llama-4-Maverick-17B-128E-Instruct-FP8,CQ,5,False
319,Anonymized_Llama-4-Maverick-17B-128E-Instruct-FP8,CQ,7,False
319,Anonymized_Llama-4-Maverick-17B-128E-Instruct-FP8,PQ,6,False
319,Anonymized_Llama-4-Maverick-17B-128E-Instruct-FP8,CQ,9,False
319,Anonymized_DeepSeek-V4-Pro,PQ,7,False
319,Anonymized_Llama-4-Maverick-17B-128E-Instruct-FP8,PQ,10,False
319,Anonymized_Llama-4-Maverick_fewshot,CQ,1,False
319,Anonymized_Llama-4-Maverick_fewshot,CQ,4,False
319,Anonymized_Llama-4-Maverick_fewshot,PQ,5,False
319,Anonymized_Llama-4-Maverick-17B-128E-Instruct-FP8,PQ,4,True
319,Anonymized_Llama-4-Maverick_fewshot,PQ,7,False
319,Anonymized_DeepSeek-V4-Pro,CQ,10,False
319,Anonymized_Llama-4-Maverick_fewshot,PQ,4,False
319,Anonymized_Llama-4-Maverick_fewshot,PQ,8,False
319,Anonymized_Llama-4-Maverick_fewshot,CQ,9,False
319,Anonymized_Llama-4-Maverick_fewshot,PQ,6,False
319,Anonymized_Llama-4-Maverick_fewshot,PQ,10,False
319,Anonymized_Llama-4-Maverick_fewshot,PQ,2,False
319,Anonymized_Llama-4-Maverick_fewshot,PQ,9,False
319,Anonymized_Llama-4-Maverick_fewshot,CQ,10,False
319,Anonymized_Llama-4-Maverick_synthetic,PQ,1,True
319,Anonymized_Llama-4-Maverick_synthetic,PQ,3,False
319,Anonymized_Llama-4-Maverick_fewshot,CQ,8,False
319,Anonymized_Llama-4-Maverick_synthetic,PQ,5,False
319,Anonymized_Llama-4-Maverick_synthetic,PQ,4,True
319,Anonymized_Llama-4-Maverick_synthetic,CQ,3,False
319,Anonymized_Llama-4-Maverick_synthetic,PQ,2,False
319,Anonymized_Llama-4-Maverick_synthetic,CQ,1,False
319,Anonymized_Llama-4-Maverick_synthetic,CQ,2,False
319,Anonymized_Llama-4-Maverick_synthetic,CQ,6,False
319,Anonymized_Llama-4-Maverick_fewshot,PQ,3,False
319,Anonymized_Llama-4-Maverick-17B-128E-Instruct-FP8,PQ,9,False
319,Anonymized_Llama-4-Maverick_synthetic,CQ,7,False
319,Anonymized_Llama-4-Maverick_synthetic,PQ,9,True
319,Anonymized_Llama-4-Maverick_fewshot,CQ,6,False
319,Anonymized_Llama-4-Maverick_synthetic,PQ,10,False
319,Anonymized_Llama-4-Maverick-17B-128E-Instruct-FP8,CQ,10,False
319,Anonymized_Llama-4-Maverick_synthetic,CQ,9,False
319,Anonymized_Llama-4-Maverick-17B-128E-Instruct-FP8,PQ,8,False
319,Anonymized_Llama-4-Maverick_synthetic,PQ,7,False
319,Anonymized_Llama-4-Maverick_synthetic,CQ,10,False
319,Anonymized_Llama-4-Maverick_fewshot,PQ,1,True
319,Anonymized_Llama-4-Maverick_synthetic,PQ,8,False
319,Anonymized_Llama-4-Maverick_fewshot,CQ,3,False
319,Anonymized_Llama-4-Maverick-17B-128E-Instruct-FP8,CQ,8,False
319,Anonymized_Llama-4-Maverick_synthetic,CQ,5,False
319,Anonymized_Llama-4-Maverick_synthetic,CQ,4,False
319,Anonymized_Llama-4-Maverick_fewshot,CQ,2,False
319,Anonymized_Llama-4-Maverick_synthetic,PQ,6,False
319,Anonymized_Llama-4-Maverick_synthetic,CQ,8,False
319,Anonymized_DeepSeek-V4-Pro,PQ,3,False
319,Anonymized_Llama-4-Maverick_fewshot,CQ,5,False
319,Anonymized_NER,PQ,4,True
319,Anonymized_gpt-4o,PQ,6,False
331,Anonymized_gpt-3.5-turbo,PQ,1,False
319,Anonymized_Llama-4-Maverick_fewshot,CQ,7,False
331,Anonymized_gpt-3.5-turbo,PQ,3,False
319,Anonymized_NER,CQ,1,False
331,Anonymized_gpt-3.5-turbo,PQ,2,False
319,Anonymized_DeepSeek-V4-Pro,CQ,6,False
331,Anonymized_gpt-3.5-turbo,PQ,4,False
331,Anonymized_gpt-3.5-turbo,PQ,5,False
331,Anonymized_gpt-3.5-turbo,CQ,7,False
331,Anonymized_gpt-3.5-turbo,CQ,2,False
331,Anonymized_gpt-3.5-turbo,PQ,10,False
331,Anonymized_gpt-3.5-turbo,CQ,8,False
331,Anonymized_gpt-3.5-turbo,CQ,1,False
331,Anonymized_gpt-3.5-turbo,CQ,9,False
331,Anonymized_gpt-3.5-turbo,PQ,6,True
331,Anonymized_gpt-3.5-turbo,CQ,10,False
331,Anonymized_gpt-4o,PQ,3,False
331,Anonymized_gpt-4o,CQ,3,False
331,Anonymized_gpt-4o,CQ,1,False
331,Anonymized_gpt-3.5-turbo,PQ,7,False
331,Anonymized_gpt-3.5-turbo,CQ,5,False
331,Anonymized_gpt-3.5-turbo,PQ,9,False
331,Anonymized_gpt-3.5-turbo,CQ,4,False
331,Anonymized_gpt-4o,PQ,2,False
331,Anonymized_gpt-4o,PQ,8,True
331,Anonymized_gpt-4o,CQ,7,False
331,Anonymized_gpt-4o,PQ,10,False
331,Anonymized_NER,PQ,1,False
331,Anonymized_gpt-4o,PQ,1,False
331,Anonymized_gpt-4o,CQ,10,False
331,Anonymized_NER,PQ,2,False
331,Anonymized_gpt-4o,CQ,6,False
331,Anonymized_NER,CQ,2,False
331,Anonymized_NER,PQ,4,False
331,Anonymized_NER,CQ,1,False
331,Anonymized_gpt-4o,PQ,7,False
331,Anonymized_NER,CQ,3,False
331,Anonymized_NER,CQ,5,False
331,Anonymized_gpt-4o,CQ,8,False
331,Anonymized_NER,PQ,3,False
331,Anonymized_NER,PQ,7,False
331,Anonymized_gpt-3.5-turbo,CQ,3,False
331,Anonymized_NER,PQ,5,False
331,Anonymized_NER,PQ,10,False
331,Anonymized_NER,PQ,9,False
331,Anonymized_NER,CQ,6,True
331,Anonymized_NER,CQ,9,False
331,Anonymized_gpt-4o,PQ,6,True
331,Anonymized_NER,CQ,10,False
331,Anonymized_gpt-4o,PQ,9,False
331,Anonymized_DeepSeek-V4-Pro,PQ,3,False
331,Anonymized_DeepSeek-V4-Pro,PQ,1,False
331,Anonymized_DeepSeek-V4-Pro,CQ,3,False
331,Anonymized_gpt-4o,CQ,5,False
331,Anonymized_DeepSeek-V4-Pro,PQ,5,False
331,Anonymized_DeepSeek-V4-Pro,PQ,2,False
331,Anonymized_gpt-3.5-turbo,PQ,8,False
331,Anonymized_DeepSeek-V4-Pro,PQ,6,True
331,Anonymized_DeepSeek-V4-Pro,CQ,4,False
331,Anonymized_DeepSeek-V4-Pro,CQ,2,False
331,Anonymized_DeepSeek-V4-Pro,PQ,10,False
331,Anonymized_DeepSeek-V4-Pro,CQ,7,False
331,Anonymized_gpt-4o,CQ,9,False
331,Anonymized_NER,PQ,8,False
331,Anonymized_NER,CQ,7,False
331,Anonymized_DeepSeek-V4-Pro,CQ,5,False
331,Anonymized_DeepSeek-V4-Pro,CQ,8,False
331,Anonymized_gpt-4o,PQ,4,False
331,Anonymized_DeepSeek-V4-Pro,PQ,7,False
331,Anonymized_Llama-4-Maverick-17B-128E-Instruct-FP8,CQ,2,False
331,Anonymized_NER,CQ,4,False
331,Anonymized_Llama-4-Maverick-17B-128E-Instruct-FP8,PQ,4,False
331,Anonymized_gpt-4o,CQ,2,False
331,Anonymized_Llama-4-Maverick-17B-128E-Instruct-FP8,PQ,3,False
331,Anonymized_DeepSeek-V4-Pro,PQ,9,False
331,Anonymized_gpt-4o,PQ,5,False
331,Anonymized_NER,CQ,8,False
331,Anonymized_DeepSeek-V4-Pro,CQ,10,False
331,Anonymized_Llama-4-Maverick-17B-128E-Instruct-FP8,PQ,7,False
331,Anonymized_DeepSeek-V4-Pro,CQ,1,False
331,Anonymized_gpt-4o,CQ,4,False
331,Anonymized_Llama-4-Maverick-17B-128E-Instruct-FP8,CQ,3,False
331,Anonymized_DeepSeek-V4-Pro,CQ,6,False
331,Anonymized_DeepSeek-V4-Pro,PQ,4,False
331,Anonymized_Llama-4-Maverick-17B-128E-Instruct-FP8,CQ,1,False
331,Anonymized_Llama-4-Maverick_fewshot,PQ,1,False
331,Anonymized_Llama-4-Maverick-17B-128E-Instruct-FP8,CQ,4,False
331,Anonymized_Llama-4-Maverick-17B-128E-Instruct-FP8,CQ,10,False
331,Anonymized_Llama-4-Maverick-17B-128E-Instruct-FP8,CQ,9,False
331,Anonymized_Llama-4-Maverick_fewshot,CQ,1,False
331,Anonymized_Llama-4-Maverick-17B-128E-Instruct-FP8,PQ,2,False
331,Anonymized_Llama-4-Maverick_fewshot,PQ,4,False
331,Anonymized_DeepSeek-V4-Pro,CQ,9,False
331,Anonymized_Llama-4-Maverick_fewshot,PQ,5,False
331,Anonymized_Llama-4-Maverick_fewshot,CQ,2,False
331,Anonymized_Llama-4-Maverick_fewshot,PQ,6,True
331,Anonymized_Llama-4-Maverick-17B-128E-Instruct-FP8,CQ,7,False
331,Anonymized_Llama-4-Maverick_fewshot,CQ,5,False
331,Anonymized_Llama-4-Maverick_fewshot,PQ,7,False
331,Anonymized_Llama-4-Maverick_fewshot,PQ,10,False
331,Anonymized_Llama-4-Maverick-17B-128E-Instruct-FP8,CQ,8,False
331,Anonymized_Llama-4-Maverick_fewshot,CQ,3,False
331,Anonymized_Llama-4-Maverick_fewshot,PQ,9,False
331,Anonymized_Llama-4-Maverick-17B-128E-Instruct-FP8,PQ,8,False
331,Anonymized_DeepSeek-V4-Pro,PQ,8,False
331,Anonymized_Llama-4-Maverick_synthetic,PQ,1,False
331,Anonymized_Llama-4-Maverick_fewshot,CQ,10,False
331,Anonymized_Llama-4-Maverick_fewshot,CQ,6,True
331,Anonymized_Llama-4-Maverick_synthetic,PQ,3,False
331,Anonymized_Llama-4-Maverick-17B-128E-Instruct-FP8,CQ,5,False
331,Anonymized_Llama-4-Maverick_fewshot,CQ,7,False
331,Anonymized_Llama-4-Maverick_fewshot,PQ,2,False
331,Anonymized_Llama-4-Maverick_synthetic,PQ,5,False
331,Anonymized_Llama-4-Maverick_synthetic,PQ,4,False
331,Anonymized_Llama-4-Maverick_synthetic,PQ,2,False
331,Anonymized_Llama-4-Maverick_fewshot,CQ,8,False
331,Anonymized_Llama-4-Maverick-17B-128E-Instruct-FP8,PQ,10,False
331,Anonymized_Llama-4-Maverick_synthetic,CQ,1,False
331,Anonymized_Llama-4-Maverick_synthetic,PQ,7,False
331,Anonymized_Llama-4-Maverick-17B-128E-Instruct-FP8,PQ,1,False
331,Anonymized_Llama-4-Maverick_synthetic,CQ,7,False
331,Anonymized_Llama-4-Maverick_synthetic,CQ,6,False
331,Anonymized_gpt-3.5-turbo,CQ,6,False
331,Anonymized_Llama-4-Maverick-17B-128E-Instruct-FP8,CQ,6,False
331,Anonymized_Llama-4-Maverick_synthetic,PQ,9,False
331,Anonymized_Llama-4-Maverick_synthetic,CQ,4,False
331,Anonymized_Llama-4-Maverick-17B-128E-Instruct-FP8,PQ,5,False
331,Anonymized_Llama-4-Maverick_synthetic,PQ,6,True
331,Anonymized_Llama-4-Maverick_synthetic,CQ,5,False
331,Anonymized_Llama-4-Maverick-17B-128E-Instruct-FP8,PQ,6,False
331,Anonymized_Llama-4-Maverick_synthetic,PQ,8,True
331,Anonymized_Llama-4-Maverick_fewshot,CQ,9,False
331,Anonymized_Llama-4-Maverick-17B-128E-Instruct-FP8,PQ,9,False
331,Anonymized_Llama-4-Maverick_fewshot,CQ,4,False
331,Anonymized_Llama-4-Maverick_synthetic,CQ,8,False
331,Anonymized_Llama-4-Maverick_fewshot,PQ,8,False
331,Anonymized_Llama-4-Maverick_synthetic,PQ,10,False
331,Anonymized_Llama-4-Maverick_synthetic,CQ,9,False
331,Anonymized_Llama-4-Maverick_synthetic,CQ,3,False
334,Anonymized_gpt-3.5-turbo,PQ,3,False
331,Anonymized_Llama-4-Maverick_synthetic,CQ,10,False
334,Anonymized_gpt-3.5-turbo,PQ,4,False
334,Anonymized_gpt-3.5-turbo,PQ,1,False
334,Anonymized_gpt-3.5-turbo,CQ,2,False
334,Anonymized_gpt-3.5-turbo,PQ,6,False
331,Anonymized_Llama-4-Maverick_fewshot,PQ,3,False
334,Anonymized_gpt-3.5-turbo,CQ,7,True
334,Anonymized_gpt-3.5-turbo,PQ,9,False
334,Anonymized_gpt-3.5-turbo,PQ,8,False
334,Anonymized_gpt-3.5-turbo,PQ,5,False
334,Anonymized_gpt-3.5-turbo,CQ,3,False
334,Anonymized_gpt-3.5-turbo,CQ,1,False
334,Anonymized_gpt-4o,PQ,4,False
334,Anonymized_gpt-3.5-turbo,CQ,4,False
334,Anonymized_gpt-3.5-turbo,CQ,9,False
334,Anonymized_gpt-4o,PQ,3,False
334,Anonymized_gpt-4o,PQ,2,False
334,Anonymized_gpt-4o,CQ,1,False
334,Anonymized_gpt-4o,CQ,2,False
334,Anonymized_gpt-4o,CQ,3,False
334,Anonymized_gpt-4o,CQ,5,True
334,Anonymized_gpt-3.5-turbo,CQ,6,False
334,Anonymized_gpt-4o,PQ,5,False
334,Anonymized_gpt-3.5-turbo,PQ,10,False
334,Anonymized_gpt-4o,CQ,7,True
334,Anonymized_gpt-4o,PQ,1,False
334,Anonymized_gpt-4o,CQ,4,False
334,Anonymized_gpt-3.5-turbo,PQ,7,False
334,Anonymized_gpt-4o,PQ,10,False
334,Anonymized_NER,PQ,3,False
334,Anonymized_NER,CQ,1,False
334,Anonymized_NER,CQ,4,False
334,Anonymized_NER,CQ,3,False
334,Anonymized_NER,PQ,5,False
334,Anonymized_NER,PQ,6,True
331,Anonymized_Llama-4-Maverick_synthetic,CQ,2,False
334,Anonymized_gpt-4o,CQ,9,False
334,Anonymized_NER,PQ,2,False
331,Anonymized_NER,PQ,6,True
334,Anonymized_gpt-3.5-turbo,CQ,5,True
334,Anonymized_gpt-3.5-turbo,CQ,8,False
334,Anonymized_gpt-4o,PQ,7,False
334,Anonymized_gpt-4o,PQ,6,True
334,Anonymized_gpt-4o,CQ,10,False
334,Anonymized_gpt-3.5-turbo,PQ,2,False
334,Anonymized_NER,PQ,7,False
334,Anonymized_gpt-4o,PQ,9,False
334,Anonymized_NER,PQ,1,False
334,Anonymized_DeepSeek-V4-Pro,CQ,1,False
334,Anonymized_DeepSeek-V4-Pro,PQ,1,False
334,Anonymized_NER,PQ,9,True
334,Anonymized_gpt-3.5-turbo,CQ,10,False
334,Anonymized_NER,CQ,2,False
334,Anonymized_NER,CQ,8,False
334,Anonymized_DeepSeek-V4-Pro,PQ,2,False
334,Anonymized_gpt-4o,CQ,8,False
334,Anonymized_NER,PQ,4,False
334,Anonymized_DeepSeek-V4-Pro,PQ,3,False
334,Anonymized_NER,CQ,6,False
334,Anonymized_DeepSeek-V4-Pro,CQ,2,False
334,Anonymized_NER,PQ,10,False
334,Anonymized_NER,CQ,9,False
334,Anonymized_DeepSeek-V4-Pro,PQ,4,False
334,Anonymized_DeepSeek-V4-Pro,CQ,3,False
334,Anonymized_NER,CQ,7,True
334,Anonymized_NER,CQ,10,False
334,Anonymized_DeepSeek-V4-Pro,PQ,9,False
334,Anonymized_DeepSeek-V4-Pro,CQ,6,False
334,Anonymized_Llama-4-Maverick-17B-128E-Instruct-FP8,CQ,1,False
334,Anonymized_DeepSeek-V4-Pro,CQ,8,False
334,Anonymized_gpt-4o,CQ,6,False
334,Anonymized_DeepSeek-V4-Pro,PQ,5,False
334,Anonymized_DeepSeek-V4-Pro,CQ,10,False
334,Anonymized_Llama-4-Maverick-17B-128E-Instruct-FP8,CQ,2,False
334,Anonymized_DeepSeek-V4-Pro,CQ,4,False
334,Anonymized_Llama-4-Maverick-17B-128E-Instruct-FP8,CQ,3,False
334,Anonymized_Llama-4-Maverick-17B-128E-Instruct-FP8,PQ,4,False
334,Anonymized_NER,CQ,5,False
334,Anonymized_Llama-4-Maverick-17B-128E-Instruct-FP8,PQ,1,False
334,Anonymized_Llama-4-Maverick-17B-128E-Instruct-FP8,CQ,6,False
334,Anonymized_gpt-4o,PQ,8,False
334,Anonymized_DeepSeek-V4-Pro,PQ,6,True
334,Anonymized_NER,PQ,8,False
334,Anonymized_Llama-4-Maverick-17B-128E-Instruct-FP8,PQ,7,False
334,Anonymized_Llama-4-Maverick-17B-128E-Instruct-FP8,PQ,2,False
334,Anonymized_DeepSeek-V4-Pro,CQ,7,True
334,Anonymized_Llama-4-Maverick-17B-128E-Instruct-FP8,CQ,7,True
334,Anonymized_Llama-4-Maverick_fewshot,CQ,1,False
334,Anonymized_Llama-4-Maverick-17B-128E-Instruct-FP8,CQ,4,False
334,Anonymized_Llama-4-Maverick-17B-128E-Instruct-FP8,CQ,5,False
334,Anonymized_Llama-4-Maverick_fewshot,PQ,4,False
334,Anonymized_Llama-4-Maverick_fewshot,CQ,4,False
334,Anonymized_Llama-4-Maverick-17B-128E-Instruct-FP8,CQ,9,False
334,Anonymized_Llama-4-Maverick_fewshot,PQ,3,False
334,Anonymized_Llama-4-Maverick_fewshot,PQ,7,False
334,Anonymized_Llama-4-Maverick_fewshot,CQ,3,False
334,Anonymized_Llama-4-Maverick_fewshot,PQ,6,False
334,Anonymized_Llama-4-Maverick_fewshot,CQ,6,False
334,Anonymized_Llama-4-Maverick_fewshot,CQ,5,True
334,Anonymized_Llama-4-Maverick-17B-128E-Instruct-FP8,CQ,10,False
334,Anonymized_Llama-4-Maverick-17B-128E-Instruct-FP8,PQ,8,False
334,Anonymized_Llama-4-Maverick_fewshot,PQ,5,False
334,Anonymized_Llama-4-Maverick-17B-128E-Instruct-FP8,CQ,8,False
334,Anonymized_Llama-4-Maverick-17B-128E-Instruct-FP8,PQ,10,False
334,Anonymized_Llama-4-Maverick-17B-128E-Instruct-FP8,PQ,5,False
334,Anonymized_Llama-4-Maverick_fewshot,PQ,8,False
334,Anonymized_DeepSeek-V4-Pro,CQ,5,True
334,Anonymized_Llama-4-Maverick_fewshot,CQ,8,False
334,Anonymized_Llama-4-Maverick_fewshot,PQ,1,False
334,Anonymized_DeepSeek-V4-Pro,PQ,10,False
334,Anonymized_DeepSeek-V4-Pro,CQ,9,False
334,Anonymized_Llama-4-Maverick_fewshot,CQ,7,False
334,Anonymized_Llama-4-Maverick_synthetic,PQ,2,False
334,Anonymized_Llama-4-Maverick_fewshot,PQ,2,False
334,Anonymized_Llama-4-Maverick_synthetic,CQ,3,False
334,Anonymized_Llama-4-Maverick-17B-128E-Instruct-FP8,PQ,6,True
334,Anonymized_Llama-4-Maverick_synthetic,CQ,2,False
334,Anonymized_DeepSeek-V4-Pro,PQ,8,False
334,Anonymized_Llama-4-Maverick_synthetic,PQ,5,False
334,Anonymized_Llama-4-Maverick_synthetic,CQ,4,False
334,Anonymized_Llama-4-Maverick_synthetic,PQ,6,True
334,Anonymized_Llama-4-Maverick_synthetic,CQ,5,False
334,Anonymized_DeepSeek-V4-Pro,PQ,7,False
334,Anonymized_Llama-4-Maverick_synthetic,CQ,7,True
334,Anonymized_Llama-4-Maverick-17B-128E-Instruct-FP8,PQ,9,False
334,Anonymized_Llama-4-Maverick_synthetic,CQ,6,False
334,Anonymized_Llama-4-Maverick_synthetic,PQ,8,False
334,Anonymized_Llama-4-Maverick_fewshot,PQ,10,False
334,Anonymized_Llama-4-Maverick_fewshot,PQ,9,False
334,Anonymized_Llama-4-Maverick_synthetic,CQ,8,False
334,Anonymized_Llama-4-Maverick_synthetic,PQ,7,False
334,Anonymized_Llama-4-Maverick_fewshot,CQ,2,True
334,Anonymized_Llama-4-Maverick-17B-128E-Instruct-FP8,PQ,3,False
334,Anonymized_Llama-4-Maverick_synthetic,PQ,4,False
334,Anonymized_Llama-4-Maverick_synthetic,PQ,3,False
334,Anonymized_Llama-4-Maverick_synthetic,PQ,1,False
334,Anonymized_Llama-4-Maverick_synthetic,CQ,10,False
334,Anonymized_Llama-4-Maverick_synthetic,PQ,9,False
334,Anonymized_Llama-4-Maverick_synthetic,CQ,1,False
334,Anonymized_Llama-4-Maverick_fewshot,CQ,9,False
334,Anonymized_Llama-4-Maverick_synthetic,CQ,9,False
431,Anonymized_gpt-3.5-turbo,PQ,2,False
334,Anonymized_Llama-4-Maverick_synthetic,PQ,10,False
431,Anonymized_gpt-3.5-turbo,PQ,3,False
334,Anonymized_Llama-4-Maverick_fewshot,CQ,10,False
431,Anonymized_gpt-3.5-turbo,CQ,3,False
431,Anonymized_gpt-3.5-turbo,PQ,4,False
431,Anonymized_gpt-3.5-turbo,PQ,7,False
431,Anonymized_gpt-3.5-turbo,CQ,1,False
431,Anonymized_gpt-3.5-turbo,CQ,2,False
431,Anonymized_gpt-4o,PQ,1,False
431,Anonymized_gpt-3.5-turbo,CQ,5,False
431,Anonymized_gpt-3.5-turbo,CQ,10,True
431,Anonymized_gpt-4o,CQ,3,False
431,Anonymized_gpt-3.5-turbo,CQ,6,False
431,Anonymized_gpt-4o,PQ,4,False
431,Anonymized_gpt-4o,PQ,5,False
431,Anonymized_gpt-3.5-turbo,CQ,4,False
431,Anonymized_gpt-4o,CQ,4,False
431,Anonymized_gpt-4o,CQ,5,False
431,Anonymized_gpt-4o,CQ,1,False
431,Anonymized_gpt-3.5-turbo,CQ,7,True
431,Anonymized_gpt-4o,PQ,6,False
431,Anonymized_gpt-4o,CQ,7,False
431,Anonymized_gpt-4o,PQ,2,False
431,Anonymized_gpt-4o,CQ,8,False
431,Anonymized_gpt-4o,CQ,9,True
431,Anonymized_gpt-3.5-turbo,CQ,8,False
431,Anonymized_NER,PQ,1,False
431,Anonymized_gpt-3.5-turbo,CQ,9,False
431,Anonymized_NER,PQ,2,False
431,Anonymized_NER,PQ,3,False
431,Anonymized_NER,CQ,1,False
431,Anonymized_NER,CQ,3,False
431,Anonymized_NER,PQ,4,False
431,Anonymized_NER,CQ,4,False
431,Anonymized_gpt-3.5-turbo,PQ,9,False
431,Anonymized_gpt-4o,PQ,8,True
431,Anonymized_gpt-4o,CQ,6,False
431,Anonymized_gpt-4o,PQ,9,False
431,Anonymized_NER,CQ,2,False
431,Anonymized_gpt-4o,PQ,10,False
431,Anonymized_gpt-4o,CQ,10,True
431,Anonymized_NER,CQ,7,False
431,Anonymized_NER,CQ,8,False
431,Anonymized_gpt-4o,PQ,7,False
431,Anonymized_NER,PQ,10,False
431,Anonymized_DeepSeek-V4-Pro,PQ,1,False
431,Anonymized_gpt-3.5-turbo,PQ,6,False
431,Anonymized_gpt-4o,CQ,2,False
431,Anonymized_NER,PQ,8,False
431,Anonymized_gpt-3.5-turbo,PQ,8,False
431,Anonymized_DeepSeek-V4-Pro,PQ,2,False
431,Anonymized_gpt-3.5-turbo,PQ,5,False
431,Anonymized_NER,PQ,9,False
431,Anonymized_gpt-3.5-turbo,PQ,10,False
431,Anonymized_DeepSeek-V4-Pro,CQ,1,False
431,Anonymized_DeepSeek-V4-Pro,CQ,3,False
431,Anonymized_DeepSeek-V4-Pro,PQ,4,False
431,Anonymized_NER,PQ,6,False
431,Anonymized_DeepSeek-V4-Pro,PQ,6,False
431,Anonymized_DeepSeek-V4-Pro,CQ,5,False
431,Anonymized_DeepSeek-V4-Pro,PQ,8,False
431,Anonymized_NER,CQ,5,False
431,Anonymized_DeepSeek-V4-Pro,CQ,2,False
431,Anonymized_DeepSeek-V4-Pro,CQ,6,False
431,Anonymized_DeepSeek-V4-Pro,CQ,4,False
431,Anonymized_DeepSeek-V4-Pro,PQ,10,False
431,Anonymized_DeepSeek-V4-Pro,CQ,9,False
431,Anonymized_DeepSeek-V4-Pro,PQ,7,False
431,Anonymized_DeepSeek-V4-Pro,CQ,10,True
431,Anonymized_NER,CQ,10,True
431,Anonymized_Llama-4-Maverick-17B-128E-Instruct-FP8,PQ,3,False
431,Anonymized_DeepSeek-V4-Pro,PQ,9,False
431,Anonymized_DeepSeek-V4-Pro,PQ,3,False
431,Anonymized_gpt-3.5-turbo,PQ,1,False
431,Anonymized_Llama-4-Maverick-17B-128E-Instruct-FP8,PQ,5,False
431,Anonymized_Llama-4-Maverick-17B-128E-Instruct-FP8,PQ,2,False
431,Anonymized_Llama-4-Maverick-17B-128E-Instruct-FP8,CQ,2,False
431,Anonymized_Llama-4-Maverick-17B-128E-Instruct-FP8,PQ,7,False
431,Anonymized_gpt-4o,PQ,3,False
431,Anonymized_Llama-4-Maverick-17B-128E-Instruct-FP8,CQ,7,False
431,Anonymized_Llama-4-Maverick-17B-128E-Instruct-FP8,CQ,8,False
431,Anonymized_DeepSeek-V4-Pro,CQ,7,False
431,Anonymized_Llama-4-Maverick-17B-128E-Instruct-FP8,PQ,10,False
431,Anonymized_NER,PQ,7,False
431,Anonymized_Llama-4-Maverick-17B-128E-Instruct-FP8,CQ,5,False
431,Anonymized_Llama-4-Maverick_fewshot,PQ,1,False
431,Anonymized_Llama-4-Maverick-17B-128E-Instruct-FP8,CQ,3,False
431,Anonymized_Llama-4-Maverick_fewshot,CQ,2,False
431,Anonymized_Llama-4-Maverick-17B-128E-Instruct-FP8,PQ,9,False
431,Anonymized_Llama-4-Maverick_fewshot,PQ,4,False
431,Anonymized_Llama-4-Maverick-17B-128E-Instruct-FP8,PQ,6,False
431,Anonymized_Llama-4-Maverick-17B-128E-Instruct-FP8,CQ,9,False
431,Anonymized_Llama-4-Maverick-17B-128E-Instruct-FP8,CQ,10,False
431,Anonymized_Llama-4-Maverick_fewshot,CQ,1,False
431,Anonymized_Llama-4-Maverick_fewshot,CQ,5,False
431,Anonymized_DeepSeek-V4-Pro,PQ,5,False
431,Anonymized_Llama-4-Maverick_fewshot,CQ,3,False
431,Anonymized_Llama-4-Maverick_fewshot,PQ,7,False
431,Anonymized_Llama-4-Maverick_fewshot,CQ,7,True
431,Anonymized_Llama-4-Maverick_fewshot,CQ,8,False
431,Anonymized_Llama-4-Maverick_fewshot,PQ,2,False
431,Anonymized_Llama-4-Maverick_fewshot,CQ,4,False
431,Anonymized_Llama-4-Maverick_fewshot,CQ,9,False
431,Anonymized_Llama-4-Maverick_fewshot,CQ,10,True
431,Anonymized_Llama-4-Maverick_synthetic,PQ,1,False
431,Anonymized_Llama-4-Maverick_fewshot,CQ,6,False
431,Anonymized_Llama-4-Maverick-17B-128E-Instruct-FP8,PQ,1,False
431,Anonymized_NER,PQ,5,False
431,Anonymized_Llama-4-Maverick_synthetic,PQ,2,False
431,Anonymized_Llama-4-Maverick-17B-128E-Instruct-FP8,PQ,4,False
431,Anonymized_Llama-4-Maverick_fewshot,PQ,6,False
431,Anonymized_NER,CQ,6,False
431,Anonymized_Llama-4-Maverick_synthetic,CQ,2,False
431,Anonymized_DeepSeek-V4-Pro,CQ,8,False
431,Anonymized_Llama-4-Maverick_synthetic,PQ,5,False
431,Anonymized_Llama-4-Maverick_synthetic,CQ,3,False
431,Anonymized_Llama-4-Maverick_fewshot,PQ,5,False
431,Anonymized_Llama-4-Maverick_synthetic,PQ,6,False
431,Anonymized_Llama-4-Maverick-17B-128E-Instruct-FP8,CQ,4,False
431,Anonymized_Llama-4-Maverick-17B-128E-Instruct-FP8,PQ,8,False
431,Anonymized_Llama-4-Maverick_fewshot,PQ,8,False
431,Anonymized_Llama-4-Maverick_synthetic,PQ,8,True
431,Anonymized_Llama-4-Maverick-17B-128E-Instruct-FP8,CQ,1,False
431,Anonymized_Llama-4-Maverick_synthetic,CQ,6,False
431,Anonymized_Llama-4-Maverick_fewshot,PQ,3,False
431,Anonymized_Llama-4-Maverick_synthetic,PQ,10,False
431,Anonymized_Llama-4-Maverick_synthetic,CQ,7,False
431,Anonymized_Llama-4-Maverick-17B-128E-Instruct-FP8,CQ,6,True
431,Anonymized_Llama-4-Maverick_synthetic,PQ,3,False
431,Anonymized_Llama-4-Maverick_synthetic,CQ,10,True
431,Anonymized_Llama-4-Maverick_synthetic,PQ,7,False
431,Anonymized_Llama-4-Maverick_fewshot,PQ,10,False
431,Anonymized_Llama-4-Maverick_synthetic,PQ,4,False
431,Anonymized_Llama-4-Maverick_synthetic,PQ,9,False
431,Anonymized_Llama-4-Maverick_synthetic,CQ,1,False
435,Anonymized_gpt-3.5-turbo,PQ,1,False
431,Anonymized_Llama-4-Maverick_synthetic,CQ,5,False
431,Anonymized_Llama-4-Maverick_synthetic,CQ,4,False
431,Anonymized_Llama-4-Maverick_synthetic,CQ,8,False
435,Anonymized_gpt-3.5-turbo,PQ,3,False
435,Anonymized_gpt-3.5-turbo,PQ,2,False
435,Anonymized_gpt-3.5-turbo,CQ,4,True
435,Anonymized_gpt-3.5-turbo,PQ,4,True
435,Anonymized_gpt-3.5-turbo,PQ,6,False
435,Anonymized_gpt-3.5-turbo,CQ,2,False
435,Anonymized_gpt-3.5-turbo,CQ,6,False
435,Anonymized_gpt-3.5-turbo,PQ,8,False
435,Anonymized_gpt-3.5-turbo,CQ,7,False
435,Anonymized_gpt-3.5-turbo,CQ,8,False
435,Anonymized_gpt-3.5-turbo,PQ,9,False
435,Anonymized_gpt-3.5-turbo,CQ,5,True
435,Anonymized_gpt-3.5-turbo,PQ,10,False
435,Anonymized_gpt-4o,PQ,1,True
435,Anonymized_gpt-3.5-turbo,CQ,10,False
435,Anonymized_gpt-3.5-turbo,CQ,3,False
435,Anonymized_gpt-4o,PQ,2,False
435,Anonymized_gpt-4o,CQ,1,False
435,Anonymized_gpt-4o,CQ,2,False
435,Anonymized_gpt-4o,PQ,3,False
435,Anonymized_gpt-4o,PQ,5,False
435,Anonymized_gpt-4o,CQ,4,True
435,Anonymized_gpt-4o,PQ,4,False
435,Anonymized_gpt-4o,PQ,6,False
435,Anonymized_gpt-4o,CQ,6,False
435,Anonymized_gpt-4o,CQ,5,False
435,Anonymized_gpt-4o,CQ,3,False
435,Anonymized_gpt-4o,PQ,7,False
435,Anonymized_gpt-3.5-turbo,CQ,9,True
435,Anonymized_gpt-4o,PQ,8,False
435,Anonymized_gpt-4o,CQ,7,False
435,Anonymized_gpt-4o,CQ,8,False
431,Anonymized_Llama-4-Maverick_fewshot,PQ,9,False
431,Anonymized_Llama-4-Maverick_synthetic,CQ,9,False
435,Anonymized_gpt-4o,PQ,9,False
435,Anonymized_gpt-4o,PQ,10,False
431,Anonymized_NER,CQ,9,False
435,Anonymized_NER,PQ,1,True
435,Anonymized_gpt-3.5-turbo,PQ,5,False
435,Anonymized_gpt-3.5-turbo,CQ,1,False
435,Anonymized_NER,PQ,2,False
435,Anonymized_NER,CQ,1,False
435,Anonymized_NER,CQ,2,False
435,Anonymized_NER,PQ,3,False
435,Anonymized_NER,CQ,3,False
435,Anonymized_NER,PQ,5,False
435,Anonymized_gpt-4o,CQ,9,False
435,Anonymized_NER,PQ,6,False
435,Anonymized_gpt-4o,CQ,10,False
435,Anonymized_NER,PQ,7,False
435,Anonymized_NER,PQ,8,False
435,Anonymized_NER,PQ,4,False
435,Anonymized_NER,CQ,5,False
435,Anonymized_NER,CQ,6,False
435,Anonymized_NER,CQ,4,True
435,Anonymized_NER,CQ,7,False
435,Anonymized_NER,CQ,8,False
435,Anonymized_NER,PQ,9,False
435,Anonymized_NER,PQ,10,False
435,Anonymized_DeepSeek-V4-Pro,PQ,1,True
435,Anonymized_DeepSeek-V4-Pro,PQ,2,False
435,Anonymized_NER,CQ,10,False
435,Anonymized_NER,CQ,9,True
435,Anonymized_DeepSeek-V4-Pro,PQ,3,False
435,Anonymized_DeepSeek-V4-Pro,CQ,1,False
435,Anonymized_DeepSeek-V4-Pro,PQ,4,False
435,Anonymized_DeepSeek-V4-Pro,CQ,4,True
435,Anonymized_DeepSeek-V4-Pro,PQ,6,False
435,Anonymized_DeepSeek-V4-Pro,CQ,5,False
435,Anonymized_DeepSeek-V4-Pro,PQ,8,False
435,Anonymized_DeepSeek-V4-Pro,PQ,7,False
435,Anonymized_DeepSeek-V4-Pro,PQ,10,False
435,Anonymized_DeepSeek-V4-Pro,CQ,7,False
435,Anonymized_DeepSeek-V4-Pro,CQ,8,False
435,Anonymized_DeepSeek-V4-Pro,PQ,9,False
435,Anonymized_DeepSeek-V4-Pro,CQ,9,True
435,Anonymized_DeepSeek-V4-Pro,CQ,10,False
435,Anonymized_Llama-4-Maverick-17B-128E-Instruct-FP8,PQ,1,True
435,Anonymized_Llama-4-Maverick-17B-128E-Instruct-FP8,PQ,2,False
435,Anonymized_Llama-4-Maverick-17B-128E-Instruct-FP8,PQ,3,False
435,Anonymized_Llama-4-Maverick-17B-128E-Instruct-FP8,CQ,3,False
435,Anonymized_Llama-4-Maverick-17B-128E-Instruct-FP8,CQ,2,False
435,Anonymized_Llama-4-Maverick-17B-128E-Instruct-FP8,CQ,1,False
435,Anonymized_Llama-4-Maverick-17B-128E-Instruct-FP8,PQ,4,False
435,Anonymized_Llama-4-Maverick-17B-128E-Instruct-FP8,PQ,5,False
435,Anonymized_Llama-4-Maverick-17B-128E-Instruct-FP8,CQ,4,True
435,Anonymized_Llama-4-Maverick-17B-128E-Instruct-FP8,PQ,7,False
435,Anonymized_Llama-4-Maverick-17B-128E-Instruct-FP8,CQ,5,False
435,Anonymized_Llama-4-Maverick-17B-128E-Instruct-FP8,PQ,8,False
435,Anonymized_Llama-4-Maverick-17B-128E-Instruct-FP8,PQ,9,False
435,Anonymized_Llama-4-Maverick-17B-128E-Instruct-FP8,CQ,6,False
435,Anonymized_Llama-4-Maverick-17B-128E-Instruct-FP8,PQ,6,False
435,Anonymized_Llama-4-Maverick-17B-128E-Instruct-FP8,CQ,9,False
435,Anonymized_Llama-4-Maverick_fewshot,PQ,1,False
435,Anonymized_Llama-4-Maverick-17B-128E-Instruct-FP8,PQ,10,False
435,Anonymized_Llama-4-Maverick-17B-128E-Instruct-FP8,CQ,8,False
435,Anonymized_Llama-4-Maverick_fewshot,PQ,2,False
435,Anonymized_Llama-4-Maverick_fewshot,PQ,3,False
435,Anonymized_Llama-4-Maverick-17B-128E-Instruct-FP8,CQ,10,False
435,Anonymized_Llama-4-Maverick_fewshot,CQ,2,False
435,Anonymized_Llama-4-Maverick_fewshot,CQ,4,False
435,Anonymized_Llama-4-Maverick_fewshot,PQ,4,False
435,Anonymized_Llama-4-Maverick_fewshot,PQ,5,False
435,Anonymized_Llama-4-Maverick-17B-128E-Instruct-FP8,CQ,7,False
435,Anonymized_Llama-4-Maverick_fewshot,CQ,5,False
435,Anonymized_Llama-4-Maverick_fewshot,CQ,1,False
435,Anonymized_Llama-4-Maverick_fewshot,PQ,6,False
435,Anonymized_DeepSeek-V4-Pro,PQ,5,False
435,Anonymized_Llama-4-Maverick_fewshot,CQ,6,False
435,Anonymized_DeepSeek-V4-Pro,CQ,2,False
435,Anonymized_DeepSeek-V4-Pro,CQ,3,False
435,Anonymized_Llama-4-Maverick_fewshot,PQ,7,False
435,Anonymized_Llama-4-Maverick_fewshot,CQ,3,False
435,Anonymized_DeepSeek-V4-Pro,CQ,6,False
435,Anonymized_Llama-4-Maverick_fewshot,PQ,8,False
435,Anonymized_Llama-4-Maverick_fewshot,CQ,7,True
435,Anonymized_Llama-4-Maverick_fewshot,PQ,9,False
435,Anonymized_Llama-4-Maverick_synthetic,PQ,1,True
435,Anonymized_Llama-4-Maverick_fewshot,CQ,8,False
435,Anonymized_Llama-4-Maverick_fewshot,CQ,10,False
435,Anonymized_Llama-4-Maverick_synthetic,PQ,2,False
435,Anonymized_Llama-4-Maverick_fewshot,PQ,10,False
435,Anonymized_Llama-4-Maverick_synthetic,CQ,1,False
435,Anonymized_Llama-4-Maverick_synthetic,PQ,3,False
435,Anonymized_Llama-4-Maverick_synthetic,CQ,3,False
435,Anonymized_Llama-4-Maverick_synthetic,CQ,2,False
435,Anonymized_Llama-4-Maverick_synthetic,PQ,4,False
435,Anonymized_Llama-4-Maverick_fewshot,CQ,9,True
435,Anonymized_Llama-4-Maverick_synthetic,CQ,4,True
435,Anonymized_Llama-4-Maverick_synthetic,CQ,5,False
435,Anonymized_Llama-4-Maverick_synthetic,CQ,7,False
435,Anonymized_Llama-4-Maverick_synthetic,PQ,8,False
435,Anonymized_Llama-4-Maverick_synthetic,CQ,6,False
435,Anonymized_Llama-4-Maverick_synthetic,PQ,7,False
435,Anonymized_Llama-4-Maverick_synthetic,CQ,8,False
435,Anonymized_Llama-4-Maverick_synthetic,CQ,9,False
435,Anonymized_Llama-4-Maverick_synthetic,PQ,10,False
435,Anonymized_Llama-4-Maverick_synthetic,CQ,10,False
437,Anonymized_gpt-3.5-turbo,PQ,2,False
435,Anonymized_gpt-3.5-turbo,PQ,7,False
437,Anonymized_gpt-3.5-turbo,PQ,1,False
437,Anonymized_gpt-3.5-turbo,CQ,2,True
437,Anonymized_gpt-3.5-turbo,PQ,3,False
437,Anonymized_gpt-3.5-turbo,PQ,7,False
437,Anonymized_gpt-3.5-turbo,CQ,4,False
437,Anonymized_gpt-3.5-turbo,PQ,4,False
437,Anonymized_gpt-3.5-turbo,PQ,8,False
437,Anonymized_gpt-3.5-turbo,PQ,9,False
437,Anonymized_gpt-3.5-turbo,PQ,6,False
437,Anonymized_gpt-3.5-turbo,CQ,1,False
437,Anonymized_gpt-3.5-turbo,CQ,10,False
437,Anonymized_gpt-4o,PQ,3,False
437,Anonymized_gpt-3.5-turbo,CQ,3,False
437,Anonymized_gpt-3.5-turbo,CQ,8,False
437,Anonymized_gpt-4o,PQ,1,False
437,Anonymized_gpt-4o,PQ,5,True
437,Anonymized_gpt-4o,CQ,3,False
437,Anonymized_gpt-4o,PQ,2,False
437,Anonymized_gpt-4o,CQ,4,False
437,Anonymized_gpt-4o,CQ,2,True
437,Anonymized_gpt-4o,PQ,7,False
437,Anonymized_gpt-3.5-turbo,PQ,5,False
437,Anonymized_gpt-4o,CQ,6,False
437,Anonymized_gpt-4o,PQ,9,False
437,Anonymized_gpt-4o,PQ,6,False
437,Anonymized_gpt-4o,CQ,8,False
437,Anonymized_gpt-3.5-turbo,CQ,7,False
437,Anonymized_gpt-4o,PQ,10,False
437,Anonymized_NER,PQ,1,False
435,Anonymized_Llama-4-Maverick_synthetic,PQ,5,False
437,Anonymized_gpt-4o,PQ,8,False
435,Anonymized_Llama-4-Maverick_synthetic,PQ,6,False
437,Anonymized_gpt-4o,CQ,10,False
437,Anonymized_NER,CQ,1,False
437,Anonymized_NER,CQ,2,True
437,Anonymized_gpt-3.5-turbo,CQ,5,False
437,Anonymized_NER,PQ,4,True
437,Anonymized_NER,CQ,3,False
437,Anonymized_NER,CQ,4,False
435,Anonymized_Llama-4-Maverick_synthetic,PQ,9,False
437,Anonymized_NER,PQ,3,False
437,Anonymized_NER,CQ,6,False
437,Anonymized_NER,CQ,5,False
437,Anonymized_gpt-3.5-turbo,CQ,9,False
437,Anonymized_NER,PQ,8,False
437,Anonymized_NER,PQ,5,True
437,Anonymized_gpt-3.5-turbo,PQ,10,False
437,Anonymized_NER,CQ,8,False
437,Anonymized_NER,PQ,2,True
437,Anonymized_gpt-4o,CQ,7,False
437,Anonymized_DeepSeek-V4-Pro,PQ,2,False
437,Anonymized_DeepSeek-V4-Pro,CQ,2,True
437,Anonymized_gpt-3.5-turbo,CQ,6,False
437,Anonymized_NER,PQ,9,False
437,Anonymized_gpt-4o,CQ,9,False
437,Anonymized_NER,PQ,6,False
437,Anonymized_DeepSeek-V4-Pro,CQ,3,False
437,Anonymized_DeepSeek-V4-Pro,PQ,5,True
437,Anonymized_NER,CQ,9,False
437,Anonymized_NER,PQ,10,False
437,Anonymized_gpt-4o,PQ,4,True
437,Anonymized_gpt-4o,CQ,1,False
437,Anonymized_gpt-4o,CQ,5,False
437,Anonymized_DeepSeek-V4-Pro,PQ,1,False
437,Anonymized_DeepSeek-V4-Pro,CQ,1,False
437,Anonymized_DeepSeek-V4-Pro,PQ,10,False
437,Anonymized_DeepSeek-V4-Pro,PQ,7,False
437,Anonymized_DeepSeek-V4-Pro,CQ,10,False
437,Anonymized_Llama-4-Maverick-17B-128E-Instruct-FP8,PQ,1,False
437,Anonymized_Llama-4-Maverick-17B-128E-Instruct-FP8,CQ,1,False
437,Anonymized_Llama-4-Maverick-17B-128E-Instruct-FP8,PQ,3,False
437,Anonymized_DeepSeek-V4-Pro,CQ,4,False
437,Anonymized_NER,CQ,7,False
437,Anonymized_Llama-4-Maverick-17B-128E-Instruct-FP8,CQ,4,False
437,Anonymized_DeepSeek-V4-Pro,CQ,9,False
437,Anonymized_Llama-4-Maverick-17B-128E-Instruct-FP8,PQ,2,False
437,Anonymized_Llama-4-Maverick-17B-128E-Instruct-FP8,PQ,5,True
437,Anonymized_DeepSeek-V4-Pro,CQ,7,False
437,Anonymized_Llama-4-Maverick-17B-128E-Instruct-FP8,PQ,6,False
437,Anonymized_DeepSeek-V4-Pro,PQ,9,False
437,Anonymized_NER,PQ,7,False
437,Anonymized_Llama-4-Maverick-17B-128E-Instruct-FP8,CQ,3,False
437,Anonymized_Llama-4-Maverick-17B-128E-Instruct-FP8,CQ,6,False
437,Anonymized_Llama-4-Maverick-17B-128E-Instruct-FP8,CQ,8,False
437,Anonymized_Llama-4-Maverick-17B-128E-Instruct-FP8,CQ,5,False
437,Anonymized_DeepSeek-V4-Pro,PQ,4,True
437,Anonymized_Llama-4-Maverick-17B-128E-Instruct-FP8,CQ,9,False
437,Anonymized_Llama-4-Maverick-17B-128E-Instruct-FP8,CQ,10,False
437,Anonymized_Llama-4-Maverick_fewshot,PQ,2,False
437,Anonymized_Llama-4-Maverick_fewshot,PQ,3,False
437,Anonymized_NER,CQ,10,False
437,Anonymized_DeepSeek-V4-Pro,CQ,5,False
437,Anonymized_Llama-4-Maverick_fewshot,PQ,4,True
437,Anonymized_Llama-4-Maverick-17B-128E-Instruct-FP8,PQ,10,False
437,Anonymized_Llama-4-Maverick_fewshot,PQ,1,False
437,Anonymized_DeepSeek-V4-Pro,CQ,8,False
437,Anonymized_Llama-4-Maverick-17B-128E-Instruct-FP8,CQ,7,False
437,Anonymized_Llama-4-Maverick-17B-128E-Instruct-FP8,PQ,8,False
437,Anonymized_Llama-4-Maverick_fewshot,CQ,5,False
437,Anonymized_Llama-4-Maverick_fewshot,CQ,7,False
437,Anonymized_Llama-4-Maverick_fewshot,PQ,9,False
437,Anonymized_Llama-4-Maverick_fewshot,PQ,8,False
437,Anonymized_Llama-4-Maverick_fewshot,CQ,6,False
437,Anonymized_Llama-4-Maverick-17B-128E-Instruct-FP8,PQ,7,False
437,Anonymized_Llama-4-Maverick_fewshot,PQ,6,False
437,Anonymized_DeepSeek-V4-Pro,PQ,6,False
437,Anonymized_Llama-4-Maverick_fewshot,CQ,8,False
437,Anonymized_Llama-4-Maverick-17B-128E-Instruct-FP8,PQ,9,False
437,Anonymized_Llama-4-Maverick_fewshot,PQ,7,False
437,Anonymized_Llama-4-Maverick_fewshot,CQ,1,False
437,Anonymized_DeepSeek-V4-Pro,PQ,3,False
437,Anonymized_DeepSeek-V4-Pro,CQ,6,False
437,Anonymized_DeepSeek-V4-Pro,PQ,8,False
437,Anonymized_Llama-4-Maverick_synthetic,CQ,1,False
437,Anonymized_Llama-4-Maverick_fewshot,CQ,3,False
437,Anonymized_Llama-4-Maverick_synthetic,CQ,2,True
437,Anonymized_Llama-4-Maverick_synthetic,PQ,3,False
437,Anonymized_Llama-4-Maverick_synthetic,CQ,5,False
437,Anonymized_Llama-4-Maverick_synthetic,PQ,4,True
437,Anonymized_Llama-4-Maverick-17B-128E-Instruct-FP8,PQ,4,False
437,Anonymized_Llama-4-Maverick-17B-128E-Instruct-FP8,CQ,2,True
437,Anonymized_Llama-4-Maverick_synthetic,PQ,8,False
437,Anonymized_Llama-4-Maverick_synthetic,PQ,9,False
437,Anonymized_Llama-4-Maverick_fewshot,PQ,10,False
437,Anonymized_Llama-4-Maverick_synthetic,CQ,3,False
437,Anonymized_Llama-4-Maverick_synthetic,CQ,7,False
437,Anonymized_Llama-4-Maverick_synthetic,CQ,10,False
437,Anonymized_Llama-4-Maverick_synthetic,CQ,9,False
437,Anonymized_Llama-4-Maverick_synthetic,CQ,6,False
437,Anonymized_Llama-4-Maverick_synthetic,PQ,5,True
437,Anonymized_Llama-4-Maverick_fewshot,CQ,2,True
437,Anonymized_Llama-4-Maverick_synthetic,PQ,10,False
437,Anonymized_Llama-4-Maverick_fewshot,CQ,10,False
437,Anonymized_Llama-4-Maverick_fewshot,CQ,4,False
437,Anonymized_Llama-4-Maverick_synthetic,PQ,7,False
437,Anonymized_Llama-4-Maverick_synthetic,PQ,1,False
437,Anonymized_Llama-4-Maverick_synthetic,CQ,8,False
467,Anonymized_gpt-3.5-turbo,PQ,4,False
467,Anonymized_gpt-3.5-turbo,PQ,1,False
437,Anonymized_Llama-4-Maverick_synthetic,PQ,6,False
467,Anonymized_gpt-3.5-turbo,PQ,6,False
467,Anonymized_gpt-3.5-turbo,CQ,1,False
467,Anonymized_gpt-3.5-turbo,PQ,2,False
467,Anonymized_gpt-3.5-turbo,CQ,5,False
467,Anonymized_gpt-3.5-turbo,CQ,7,True
467,Anonymized_gpt-3.5-turbo,CQ,2,False
467,Anonymized_gpt-3.5-turbo,PQ,8,False
467,Anonymized_gpt-3.5-turbo,CQ,4,True
467,Anonymized_gpt-3.5-turbo,PQ,10,False
467,Anonymized_gpt-3.5-turbo,CQ,8,False
467,Anonymized_gpt-3.5-turbo,PQ,3,False
467,Anonymized_gpt-3.5-turbo,CQ,3,True
467,Anonymized_gpt-4o,PQ,2,False
467,Anonymized_gpt-4o,CQ,1,False
467,Anonymized_gpt-4o,PQ,4,True
467,Anonymized_gpt-4o,PQ,3,False
467,Anonymized_gpt-3.5-turbo,PQ,9,False
467,Anonymized_gpt-4o,PQ,6,False
467,Anonymized_gpt-3.5-turbo,PQ,7,False
467,Anonymized_gpt-4o,PQ,5,False
437,Anonymized_Llama-4-Maverick_synthetic,PQ,2,False
437,Anonymized_Llama-4-Maverick_fewshot,PQ,5,False
467,Anonymized_gpt-3.5-turbo,PQ,5,False
437,Anonymized_Llama-4-Maverick_fewshot,CQ,9,False
467,Anonymized_gpt-3.5-turbo,CQ,10,True
467,Anonymized_gpt-4o,CQ,2,False
467,Anonymized_gpt-4o,CQ,7,True
467,Anonymized_gpt-3.5-turbo,CQ,6,False
467,Anonymized_gpt-4o,CQ,10,True
467,Anonymized_NER,PQ,1,False
467,Anonymized_NER,PQ,2,False
467,Anonymized_gpt-4o,CQ,8,False
467,Anonymized_gpt-4o,CQ,6,False
467,Anonymized_NER,PQ,4,True
467,Anonymized_NER,PQ,5,False
467,Anonymized_NER,CQ,2,False
467,Anonymized_NER,CQ,5,False
467,Anonymized_gpt-4o,PQ,8,False
467,Anonymized_NER,CQ,7,True
467,Anonymized_NER,CQ,6,False
467,Anonymized_NER,CQ,4,True
467,Anonymized_gpt-4o,PQ,1,False
467,Anonymized_NER,CQ,9,False
467,Anonymized_NER,CQ,1,False
467,Anonymized_NER,PQ,10,False
467,Anonymized_NER,PQ,9,False
467,Anonymized_NER,PQ,3,False
467,Anonymized_NER,CQ,10,True
467,Anonymized_DeepSeek-V4-Pro,PQ,3,False
467,Anonymized_DeepSeek-V4-Pro,CQ,1,False
467,Anonymized_DeepSeek-V4-Pro,CQ,2,False
467,Anonymized_DeepSeek-V4-Pro,PQ,4,True
467,Anonymized_DeepSeek-V4-Pro,PQ,2,False
467,Anonymized_DeepSeek-V4-Pro,PQ,5,False
467,Anonymized_NER,PQ,7,False
467,Anonymized_gpt-4o,CQ,9,False
467,Anonymized_DeepSeek-V4-Pro,PQ,8,False
467,Anonymized_DeepSeek-V4-Pro,CQ,6,False
467,Anonymized_DeepSeek-V4-Pro,CQ,3,True
467,Anonymized_gpt-4o,PQ,7,False
467,Anonymized_DeepSeek-V4-Pro,CQ,4,True
467,Anonymized_NER,PQ,8,False
467,Anonymized_DeepSeek-V4-Pro,PQ,9,False
467,Anonymized_DeepSeek-V4-Pro,CQ,10,True
467,Anonymized_gpt-4o,CQ,3,True
467,Anonymized_DeepSeek-V4-Pro,CQ,7,True
437,Anonymized_Llama-4-Maverick_synthetic,CQ,4,False
467,Anonymized_NER,CQ,8,False
467,Anonymized_gpt-4o,CQ,4,True
467,Anonymized_Llama-4-Maverick-17B-128E-Instruct-FP8,PQ,3,False
467,Anonymized_DeepSeek-V4-Pro,PQ,6,False
467,Anonymized_gpt-3.5-turbo,CQ,9,False
467,Anonymized_Llama-4-Maverick-17B-128E-Instruct-FP8,CQ,3,True
467,Anonymized_gpt-4o,PQ,9,False
467,Anonymized_Llama-4-Maverick-17B-128E-Instruct-FP8,CQ,1,True
467,Anonymized_Llama-4-Maverick-17B-128E-Instruct-FP8,CQ,2,False
467,Anonymized_Llama-4-Maverick-17B-128E-Instruct-FP8,PQ,5,False
467,Anonymized_DeepSeek-V4-Pro,PQ,7,False
467,Anonymized_Llama-4-Maverick-17B-128E-Instruct-FP8,PQ,6,False
467,Anonymized_Llama-4-Maverick-17B-128E-Instruct-FP8,CQ,7,True
467,Anonymized_Llama-4-Maverick-17B-128E-Instruct-FP8,PQ,7,False
467,Anonymized_NER,PQ,6,False
467,Anonymized_DeepSeek-V4-Pro,CQ,8,False
467,Anonymized_Llama-4-Maverick-17B-128E-Instruct-FP8,PQ,4,True
467,Anonymized_Llama-4-Maverick-17B-128E-Instruct-FP8,PQ,10,False
467,Anonymized_DeepSeek-V4-Pro,PQ,10,False
467,Anonymized_Llama-4-Maverick-17B-128E-Instruct-FP8,PQ,2,False
467,Anonymized_DeepSeek-V4-Pro,CQ,9,False
467,Anonymized_Llama-4-Maverick-17B-128E-Instruct-FP8,CQ,5,False
467,Anonymized_Llama-4-Maverick-17B-128E-Instruct-FP8,CQ,4,True
467,Anonymized_Llama-4-Maverick_fewshot,PQ,4,False
467,Anonymized_Llama-4-Maverick_fewshot,PQ,5,False
467,Anonymized_Llama-4-Maverick-17B-128E-Instruct-FP8,CQ,6,False
467,Anonymized_gpt-4o,CQ,5,False
467,Anonymized_Llama-4-Maverick-17B-128E-Instruct-FP8,PQ,1,False
467,Anonymized_Llama-4-Maverick_fewshot,CQ,1,False
467,Anonymized_Llama-4-Maverick-17B-128E-Instruct-FP8,CQ,9,False
467,Anonymized_Llama-4-Maverick_fewshot,CQ,7,True
467,Anonymized_Llama-4-Maverick_fewshot,CQ,6,False
467,Anonymized_Llama-4-Maverick-17B-128E-Instruct-FP8,CQ,10,True
467,Anonymized_Llama-4-Maverick_fewshot,PQ,8,False
467,Anonymized_Llama-4-Maverick_fewshot,CQ,9,False
467,Anonymized_Llama-4-Maverick_fewshot,PQ,1,False
467,Anonymized_Llama-4-Maverick_fewshot,CQ,8,False
467,Anonymized_Llama-4-Maverick-17B-128E-Instruct-FP8,PQ,8,False
467,Anonymized_Llama-4-Maverick_fewshot,PQ,7,False
467,Anonymized_Llama-4-Maverick_fewshot,CQ,4,True
467,Anonymized_DeepSeek-V4-Pro,CQ,5,False
467,Anonymized_Llama-4-Maverick_synthetic,PQ,3,False
467,Anonymized_Llama-4-Maverick_synthetic,CQ,2,False
467,Anonymized_Llama-4-Maverick_fewshot,PQ,6,False
467,Anonymized_Llama-4-Maverick_synthetic,PQ,4,True
467,Anonymized_Llama-4-Maverick_fewshot,CQ,5,False
467,Anonymized_Llama-4-Maverick_synthetic,PQ,5,False
467,Anonymized_Llama-4-Maverick_synthetic,CQ,4,True
467,Anonymized_Llama-4-Maverick_synthetic,CQ,6,False
467,Anonymized_Llama-4-Maverick_fewshot,PQ,9,False
467,Anonymized_Llama-4-Maverick_synthetic,CQ,5,False
467,Anonymized_gpt-4o,PQ,10,False
467,Anonymized_Llama-4-Maverick_synthetic,CQ,7,True
467,Anonymized_Llama-4-Maverick_fewshot,PQ,10,False
467,Anonymized_DeepSeek-V4-Pro,PQ,1,False
467,Anonymized_Llama-4-Maverick_synthetic,PQ,7,False
467,Anonymized_Llama-4-Maverick_synthetic,PQ,1,False
467,Anonymized_Llama-4-Maverick_fewshot,CQ,10,True
467,Anonymized_Llama-4-Maverick_synthetic,PQ,8,False
467,Anonymized_Llama-4-Maverick_synthetic,CQ,9,False
467,Anonymized_Llama-4-Maverick_fewshot,CQ,2,False
467,Anonymized_Llama-4-Maverick_synthetic,CQ,3,True
467,Anonymized_Llama-4-Maverick_synthetic,PQ,9,False
467,Anonymized_Llama-4-Maverick_synthetic,PQ,10,False
467,Anonymized_Llama-4-Maverick_synthetic,CQ,1,False
467,Anonymized_Llama-4-Maverick_fewshot,PQ,2,False
467,Anonymized_Llama-4-Maverick-17B-128E-Instruct-FP8,CQ,8,False
467,Anonymized_Llama-4-Maverick_fewshot,CQ,3,True
467,Anonymized_NER,CQ,3,True
467,Anonymized_Llama-4-Maverick_synthetic,CQ,10,False
467,Anonymized_Llama-4-Maverick-17B-128E-Instruct-FP8,PQ,9,False
467,Anonymized_Llama-4-Maverick_synthetic,PQ,2,False
467,Anonymized_Llama-4-Maverick_fewshot,PQ,3,False
506,Anonymized_gpt-3.5-turbo,PQ,1,True
506,Anonymized_gpt-3.5-turbo,CQ,2,True
506,Anonymized_gpt-3.5-turbo,PQ,5,False
506,Anonymized_gpt-3.5-turbo,CQ,6,True
506,Anonymized_gpt-3.5-turbo,PQ,2,False
506,Anonymized_gpt-3.5-turbo,PQ,8,False
506,Anonymized_gpt-3.5-turbo,CQ,7,False
506,Anonymized_gpt-3.5-turbo,CQ,3,False
506,Anonymized_gpt-3.5-turbo,PQ,7,False
506,Anonymized_gpt-3.5-turbo,PQ,4,False
506,Anonymized_gpt-4o,PQ,2,False
506,Anonymized_gpt-4o,CQ,1,False
506,Anonymized_gpt-4o,PQ,3,False
506,Anonymized_gpt-3.5-turbo,CQ,8,False
506,Anonymized_gpt-4o,PQ,5,False
506,Anonymized_gpt-4o,CQ,4,False
506,Anonymized_gpt-3.5-turbo,PQ,10,False
506,Anonymized_gpt-4o,PQ,6,False
506,Anonymized_gpt-4o,PQ,7,False
506,Anonymized_gpt-3.5-turbo,PQ,9,False
506,Anonymized_gpt-4o,PQ,4,False
506,Anonymized_gpt-4o,CQ,6,False
506,Anonymized_gpt-4o,PQ,9,False
506,Anonymized_gpt-4o,PQ,10,False
506,Anonymized_gpt-4o,CQ,2,True
506,Anonymized_gpt-3.5-turbo,PQ,6,False
506,Anonymized_gpt-3.5-turbo,CQ,4,False
506,Anonymized_NER,CQ,1,False
506,Anonymized_NER,CQ,2,True
506,Anonymized_gpt-4o,PQ,8,False
467,Anonymized_Llama-4-Maverick_synthetic,PQ,6,False
506,Anonymized_gpt-4o,CQ,5,True
506,Anonymized_NER,PQ,4,False
506,Anonymized_NER,CQ,4,False
506,Anonymized_NER,CQ,5,True
506,Anonymized_gpt-4o,CQ,7,False
506,Anonymized_gpt-3.5-turbo,CQ,1,False
506,Anonymized_NER,PQ,3,False
467,Anonymized_Llama-4-Maverick_synthetic,CQ,8,False
506,Anonymized_NER,PQ,8,True
506,Anonymized_gpt-4o,CQ,8,False
506,Anonymized_NER,CQ,8,False
506,Anonymized_gpt-4o,CQ,10,True
506,Anonymized_NER,PQ,10,False
506,Anonymized_NER,PQ,2,False
506,Anonymized_NER,PQ,7,False
506,Anonymized_NER,CQ,9,False
506,Anonymized_DeepSeek-V4-Pro,CQ,2,True
506,Anonymized_NER,CQ,7,False
506,Anonymized_gpt-3.5-turbo,CQ,5,True
506,Anonymized_DeepSeek-V4-Pro,CQ,1,False
506,Anonymized_NER,PQ,6,False
506,Anonymized_DeepSeek-V4-Pro,CQ,3,True
506,Anonymized_DeepSeek-V4-Pro,PQ,6,False
506,Anonymized_NER,CQ,6,False
506,Anonymized_gpt-3.5-turbo,CQ,9,False
506,Anonymized_NER,PQ,9,False
506,Anonymized_gpt-4o,PQ,1,True
506,Anonymized_NER,CQ,3,False
506,Anonymized_NER,PQ,1,True
506,Anonymized_DeepSeek-V4-Pro,CQ,5,True
506,Anonymized_NER,CQ,10,False
506,Anonymized_DeepSeek-V4-Pro,PQ,7,False
506,Anonymized_DeepSeek-V4-Pro,PQ,9,False
506,Anonymized_Llama-4-Maverick-17B-128E-Instruct-FP8,PQ,1,False
506,Anonymized_Llama-4-Maverick-17B-128E-Instruct-FP8,PQ,2,False
506,Anonymized_DeepSeek-V4-Pro,PQ,3,False
506,Anonymized_gpt-4o,CQ,3,False
506,Anonymized_Llama-4-Maverick-17B-128E-Instruct-FP8,CQ,2,True
506,Anonymized_NER,PQ,5,False
506,Anonymized_Llama-4-Maverick-17B-128E-Instruct-FP8,PQ,3,False
506,Anonymized_gpt-3.5-turbo,CQ,10,True
506,Anonymized_DeepSeek-V4-Pro,CQ,7,False
506,Anonymized_Llama-4-Maverick-17B-128E-Instruct-FP8,PQ,6,False
506,Anonymized_DeepSeek-V4-Pro,CQ,4,False
506,Anonymized_DeepSeek-V4-Pro,CQ,9,False
506,Anonymized_Llama-4-Maverick-17B-128E-Instruct-FP8,CQ,3,False
506,Anonymized_DeepSeek-V4-Pro,PQ,8,False
506,Anonymized_Llama-4-Maverick-17B-128E-Instruct-FP8,CQ,6,False
506,Anonymized_Llama-4-Maverick-17B-128E-Instruct-FP8,PQ,5,False
506,Anonymized_gpt-4o,CQ,9,False
506,Anonymized_Llama-4-Maverick-17B-128E-Instruct-FP8,PQ,10,False
506,Anonymized_Llama-4-Maverick-17B-128E-Instruct-FP8,CQ,9,False
506,Anonymized_DeepSeek-V4-Pro,PQ,4,False
506,Anonymized_Llama-4-Maverick_fewshot,PQ,1,True
506,Anonymized_Llama-4-Maverick-17B-128E-Instruct-FP8,CQ,10,False
506,Anonymized_gpt-3.5-turbo,PQ,3,False
506,Anonymized_Llama-4-Maverick_fewshot,CQ,2,True
506,Anonymized_Llama-4-Maverick-17B-128E-Instruct-FP8,CQ,8,False
506,Anonymized_Llama-4-Maverick-17B-128E-Instruct-FP8,CQ,1,False
506,Anonymized_Llama-4-Maverick_fewshot,PQ,4,False
506,Anonymized_Llama-4-Maverick_fewshot,CQ,4,False
506,Anonymized_Llama-4-Maverick-17B-128E-Instruct-FP8,PQ,7,False
506,Anonymized_Llama-4-Maverick-17B-128E-Instruct-FP8,PQ,8,False
506,Anonymized_Llama-4-Maverick_fewshot,PQ,5,False
506,Anonymized_Llama-4-Maverick_fewshot,CQ,5,True
506,Anonymized_Llama-4-Maverick_fewshot,PQ,6,False
506,Anonymized_Llama-4-Maverick_fewshot,PQ,3,False
506,Anonymized_DeepSeek-V4-Pro,PQ,10,False
506,Anonymized_Llama-4-Maverick_fewshot,CQ,9,False
506,Anonymized_DeepSeek-V4-Pro,PQ,5,False
506,Anonymized_Llama-4-Maverick_fewshot,CQ,8,False
506,Anonymized_Llama-4-Maverick-17B-128E-Instruct-FP8,CQ,7,False
506,Anonymized_DeepSeek-V4-Pro,CQ,6,True
506,Anonymized_Llama-4-Maverick_fewshot,PQ,2,False
506,Anonymized_Llama-4-Maverick_fewshot,PQ,10,False
506,Anonymized_DeepSeek-V4-Pro,PQ,1,True
506,Anonymized_Llama-4-Maverick_fewshot,PQ,7,False
506,Anonymized_Llama-4-Maverick-17B-128E-Instruct-FP8,PQ,4,False
506,Anonymized_Llama-4-Maverick_fewshot,CQ,3,False
506,Anonymized_Llama-4-Maverick_fewshot,PQ,9,False
506,Anonymized_Llama-4-Maverick_fewshot,CQ,1,False
506,Anonymized_DeepSeek-V4-Pro,CQ,10,False
506,Anonymized_Llama-4-Maverick_synthetic,CQ,2,True
506,Anonymized_Llama-4-Maverick_synthetic,PQ,2,False
506,Anonymized_Llama-4-Maverick_synthetic,PQ,4,False
506,Anonymized_Llama-4-Maverick-17B-128E-Instruct-FP8,PQ,9,False
506,Anonymized_Llama-4-Maverick_synthetic,CQ,1,False
506,Anonymized_DeepSeek-V4-Pro,CQ,8,False
506,Anonymized_Llama-4-Maverick_fewshot,CQ,6,False
506,Anonymized_Llama-4-Maverick-17B-128E-Instruct-FP8,CQ,5,True
506,Anonymized_Llama-4-Maverick_synthetic,PQ,8,False
506,Anonymized_Llama-4-Maverick_synthetic,PQ,9,False
506,Anonymized_Llama-4-Maverick-17B-128E-Instruct-FP8,CQ,4,False
506,Anonymized_Llama-4-Maverick_fewshot,PQ,8,False
506,Anonymized_Llama-4-Maverick_fewshot,CQ,7,False
506,Anonymized_DeepSeek-V4-Pro,PQ,2,False
506,Anonymized_Llama-4-Maverick_synthetic,CQ,8,False
506,Anonymized_Llama-4-Maverick_fewshot,CQ,10,False
506,Anonymized_Llama-4-Maverick_synthetic,CQ,5,True
506,Anonymized_Llama-4-Maverick_synthetic,CQ,7,False
506,Anonymized_Llama-4-Maverick_synthetic,PQ,10,False
506,Anonymized_Llama-4-Maverick_synthetic,PQ,7,False
506,Anonymized_Llama-4-Maverick_synthetic,PQ,6,True
506,Anonymized_Llama-4-Maverick_synthetic,PQ,1,True
506,Anonymized_Llama-4-Maverick_synthetic,CQ,4,False
518,Anonymized_gpt-3.5-turbo,PQ,1,False
518,Anonymized_gpt-3.5-turbo,PQ,3,False
506,Anonymized_Llama-4-Maverick_synthetic,CQ,3,False
518,Anonymized_gpt-3.5-turbo,PQ,5,False
518,Anonymized_gpt-3.5-turbo,PQ,6,False
518,Anonymized_gpt-3.5-turbo,CQ,1,False
518,Anonymized_gpt-3.5-turbo,CQ,2,False
518,Anonymized_gpt-3.5-turbo,PQ,2,False
518,Anonymized_gpt-3.5-turbo,PQ,8,False
518,Anonymized_gpt-3.5-turbo,CQ,7,False
518,Anonymized_gpt-3.5-turbo,PQ,10,False
518,Anonymized_gpt-3.5-turbo,CQ,6,True
518,Anonymized_gpt-3.5-turbo,CQ,5,False
518,Anonymized_gpt-3.5-turbo,PQ,7,False
518,Anonymized_gpt-3.5-turbo,PQ,4,False
518,Anonymized_gpt-4o,PQ,2,False
518,Anonymized_gpt-4o,PQ,4,True
518,Anonymized_gpt-3.5-turbo,PQ,9,False
518,Anonymized_gpt-3.5-turbo,CQ,10,False
518,Anonymized_gpt-4o,CQ,4,False
518,Anonymized_gpt-4o,CQ,6,True
518,Anonymized_gpt-3.5-turbo,CQ,3,False
518,Anonymized_gpt-4o,CQ,5,False
518,Anonymized_gpt-4o,PQ,8,False
518,Anonymized_gpt-4o,PQ,5,False
518,Anonymized_gpt-3.5-turbo,CQ,9,False
518,Anonymized_gpt-4o,CQ,8,False
518,Anonymized_NER,PQ,1,False
506,Anonymized_Llama-4-Maverick_synthetic,PQ,5,False
518,Anonymized_gpt-4o,PQ,9,False
518,Anonymized_gpt-4o,PQ,10,False
518,Anonymized_gpt-4o,PQ,6,False
506,Anonymized_Llama-4-Maverick_synthetic,CQ,9,False
506,Anonymized_Llama-4-Maverick_synthetic,PQ,3,False
506,Anonymized_Llama-4-Maverick_synthetic,CQ,10,False
518,Anonymized_gpt-4o,CQ,7,False
518,Anonymized_NER,CQ,1,False
518,Anonymized_gpt-3.5-turbo,CQ,4,False
518,Anonymized_gpt-4o,PQ,3,False
518,Anonymized_NER,PQ,3,False
518,Anonymized_gpt-4o,CQ,1,False
506,Anonymized_Llama-4-Maverick_synthetic,CQ,6,False
518,Anonymized_gpt-4o,PQ,1,False
518,Anonymized_gpt-4o,CQ,9,False
518,Anonymized_gpt-4o,CQ,3,False
518,Anonymized_NER,PQ,4,False
518,Anonymized_NER,PQ,2,False
518,Anonymized_NER,PQ,6,False
518,Anonymized_NER,CQ,5,False
518,Anonymized_gpt-4o,PQ,7,False
518,Anonymized_NER,CQ,8,False
518,Anonymized_NER,CQ,9,False
518,Anonymized_NER,CQ,2,False
518,Anonymized_gpt-4o,CQ,10,False
518,Anonymized_NER,CQ,3,False
518,Anonymized_NER,PQ,10,False
518,Anonymized_NER,PQ,9,False
518,Anonymized_NER,PQ,5,False
518,Anonymized_DeepSeek-V4-Pro,PQ,5,False
518,Anonymized_DeepSeek-V4-Pro,PQ,2,False
518,Anonymized_DeepSeek-V4-Pro,CQ,4,False
518,Anonymized_DeepSeek-V4-Pro,PQ,7,False
518,Anonymized_DeepSeek-V4-Pro,PQ,6,False
518,Anonymized_DeepSeek-V4-Pro,CQ,7,False
518,Anonymized_NER,PQ,8,False
518,Anonymized_DeepSeek-V4-Pro,PQ,1,False
518,Anonymized_DeepSeek-V4-Pro,PQ,9,True
518,Anonymized_DeepSeek-V4-Pro,CQ,8,False
518,Anonymized_DeepSeek-V4-Pro,PQ,10,False
518,Anonymized_NER,CQ,10,False
518,Anonymized_DeepSeek-V4-Pro,CQ,2,False
518,Anonymized_NER,PQ,7,False
518,Anonymized_Llama-4-Maverick-17B-128E-Instruct-FP8,PQ,1,False
518,Anonymized_NER,CQ,7,False
518,Anonymized_Llama-4-Maverick-17B-128E-Instruct-FP8,CQ,3,False
518,Anonymized_Llama-4-Maverick-17B-128E-Instruct-FP8,CQ,4,False
518,Anonymized_DeepSeek-V4-Pro,CQ,9,False
518,Anonymized_DeepSeek-V4-Pro,CQ,6,True
518,Anonymized_Llama-4-Maverick-17B-128E-Instruct-FP8,CQ,6,True
518,Anonymized_Llama-4-Maverick-17B-128E-Instruct-FP8,CQ,5,False
518,Anonymized_DeepSeek-V4-Pro,CQ,3,False
518,Anonymized_Llama-4-Maverick-17B-128E-Instruct-FP8,PQ,7,False
518,Anonymized_Llama-4-Maverick-17B-128E-Instruct-FP8,CQ,8,False
518,Anonymized_Llama-4-Maverick-17B-128E-Instruct-FP8,PQ,9,False
518,Anonymized_gpt-3.5-turbo,CQ,8,False
518,Anonymized_Llama-4-Maverick-17B-128E-Instruct-FP8,CQ,9,False
518,Anonymized_Llama-4-Maverick-17B-128E-Instruct-FP8,PQ,6,False
518,Anonymized_Llama-4-Maverick-17B-128E-Instruct-FP8,PQ,2,False
518,Anonymized_Llama-4-Maverick_fewshot,PQ,1,False
518,Anonymized_Llama-4-Maverick_fewshot,CQ,1,False
518,Anonymized_gpt-4o,CQ,2,False
518,Anonymized_Llama-4-Maverick-17B-128E-Instruct-FP8,PQ,4,False
518,Anonymized_DeepSeek-V4-Pro,CQ,1,False
518,Anonymized_Llama-4-Maverick-17B-128E-Instruct-FP8,PQ,5,False
518,Anonymized_Llama-4-Maverick_fewshot,PQ,4,False
518,Anonymized_DeepSeek-V4-Pro,CQ,10,False
518,Anonymized_Llama-4-Maverick-17B-128E-Instruct-FP8,CQ,1,False
518,Anonymized_DeepSeek-V4-Pro,PQ,8,False
518,Anonymized_NER,CQ,6,True
518,Anonymized_Llama-4-Maverick-17B-128E-Instruct-FP8,PQ,8,False
518,Anonymized_Llama-4-Maverick-17B-128E-Instruct-FP8,CQ,10,False
518,Anonymized_DeepSeek-V4-Pro,CQ,5,False
518,Anonymized_Llama-4-Maverick_fewshot,PQ,8,False
518,Anonymized_Llama-4-Maverick_fewshot,CQ,2,False
518,Anonymized_Llama-4-Maverick_fewshot,CQ,6,True
518,Anonymized_Llama-4-Maverick_fewshot,CQ,3,False
518,Anonymized_Llama-4-Maverick_fewshot,PQ,2,False
518,Anonymized_Llama-4-Maverick_fewshot,CQ,8,False
518,Anonymized_Llama-4-Maverick_fewshot,PQ,10,False
518,Anonymized_Llama-4-Maverick_fewshot,PQ,9,False
518,Anonymized_Llama-4-Maverick_fewshot,CQ,5,False
518,Anonymized_DeepSeek-V4-Pro,PQ,4,False
518,Anonymized_Llama-4-Maverick_synthetic,CQ,1,False
518,Anonymized_Llama-4-Maverick_fewshot,CQ,10,False
518,Anonymized_Llama-4-Maverick_synthetic,PQ,2,False
518,Anonymized_NER,CQ,4,False
518,Anonymized_Llama-4-Maverick-17B-128E-Instruct-FP8,PQ,3,False
518,Anonymized_Llama-4-Maverick_synthetic,PQ,3,False
518,Anonymized_Llama-4-Maverick_synthetic,PQ,4,True
518,Anonymized_Llama-4-Maverick_fewshot,PQ,6,False
518,Anonymized_Llama-4-Maverick_synthetic,PQ,5,False
518,Anonymized_Llama-4-Maverick-17B-128E-Instruct-FP8,PQ,10,False
518,Anonymized_Llama-4-Maverick_synthetic,CQ,6,True
518,Anonymized_Llama-4-Maverick_synthetic,PQ,6,False
518,Anonymized_Llama-4-Maverick_synthetic,CQ,7,False
518,Anonymized_Llama-4-Maverick-17B-128E-Instruct-FP8,CQ,2,False
518,Anonymized_DeepSeek-V4-Pro,PQ,3,False
518,Anonymized_Llama-4-Maverick_synthetic,PQ,9,False
518,Anonymized_Llama-4-Maverick_synthetic,CQ,3,False
518,Anonymized_Llama-4-Maverick_fewshot,CQ,9,False
518,Anonymized_Llama-4-Maverick_synthetic,PQ,10,False
518,Anonymized_Llama-4-Maverick_synthetic,CQ,5,False
518,Anonymized_Llama-4-Maverick_fewshot,PQ,7,False
518,Anonymized_Llama-4-Maverick_synthetic,PQ,8,False
518,Anonymized_Llama-4-Maverick_fewshot,PQ,3,False
518,Anonymized_Llama-4-Maverick_synthetic,CQ,2,False
518,Anonymized_Llama-4-Maverick_synthetic,CQ,8,False
518,Anonymized_Llama-4-Maverick_fewshot,CQ,4,False
518,Anonymized_Llama-4-Maverick_synthetic,PQ,7,False
518,Anonymized_Llama-4-Maverick_synthetic,CQ,9,False
518,Anonymized_Llama-4-Maverick_synthetic,PQ,1,False
528,Anonymized_gpt-3.5-turbo,CQ,2,True
528,Anonymized_gpt-3.5-turbo,PQ,5,False
528,Anonymized_gpt-3.5-turbo,CQ,4,False
528,Anonymized_gpt-3.5-turbo,PQ,4,False
528,Anonymized_gpt-3.5-turbo,PQ,1,False
528,Anonymized_gpt-3.5-turbo,PQ,3,False
528,Anonymized_gpt-3.5-turbo,CQ,3,False
528,Anonymized_gpt-3.5-turbo,CQ,7,False
528,Anonymized_gpt-3.5-turbo,PQ,8,False
528,Anonymized_gpt-3.5-turbo,PQ,2,False
528,Anonymized_gpt-3.5-turbo,CQ,1,False
528,Anonymized_gpt-3.5-turbo,PQ,7,False
528,Anonymized_gpt-3.5-turbo,CQ,5,False
528,Anonymized_gpt-3.5-turbo,CQ,10,False
528,Anonymized_gpt-4o,PQ,2,False
528,Anonymized_gpt-4o,PQ,3,False
528,Anonymized_gpt-4o,CQ,1,False
528,Anonymized_gpt-4o,CQ,3,False
528,Anonymized_gpt-3.5-turbo,CQ,6,False
528,Anonymized_gpt-4o,CQ,2,False
528,Anonymized_gpt-3.5-turbo,PQ,9,False
528,Anonymized_gpt-4o,PQ,6,False
528,Anonymized_gpt-4o,CQ,5,False
528,Anonymized_gpt-3.5-turbo,PQ,10,False
528,Anonymized_gpt-4o,CQ,6,False
528,Anonymized_gpt-4o,PQ,8,True
528,Anonymized_gpt-4o,PQ,1,False
528,Anonymized_gpt-4o,PQ,10,False
518,Anonymized_Llama-4-Maverick_fewshot,PQ,5,False
528,Anonymized_gpt-4o,CQ,9,False
528,Anonymized_NER,PQ,1,False
518,Anonymized_Llama-4-Maverick_synthetic,CQ,4,False
528,Anonymized_gpt-4o,CQ,10,False
528,Anonymized_gpt-4o,PQ,4,False
518,Anonymized_Llama-4-Maverick_synthetic,CQ,10,False
528,Anonymized_gpt-4o,PQ,9,False
528,Anonymized_NER,PQ,4,False
518,Anonymized_Llama-4-Maverick_fewshot,CQ,7,False
528,Anonymized_NER,CQ,1,False
528,Anonymized_NER,CQ,3,False
528,Anonymized_gpt-3.5-turbo,PQ,6,False
528,Anonymized_gpt-3.5-turbo,CQ,8,False
528,Anonymized_NER,PQ,5,False
528,Anonymized_NER,PQ,6,False
528,Anonymized_NER,CQ,4,False
528,Anonymized_NER,PQ,9,False
528,Anonymized_NER,CQ,6,False
528,Anonymized_NER,PQ,8,True
528,Anonymized_NER,CQ,8,False
528,Anonymized_gpt-4o,PQ,7,False
528,Anonymized_NER,PQ,10,False
528,Anonymized_NER,PQ,7,False
528,Anonymized_gpt-4o,CQ,7,False
528,Anonymized_DeepSeek-V4-Pro,PQ,3,False
528,Anonymized_gpt-4o,PQ,5,False
528,Anonymized_NER,CQ,5,False
528,Anonymized_gpt-3.5-turbo,CQ,9,False
528,Anonymized_DeepSeek-V4-Pro,CQ,4,False
528,Anonymized_DeepSeek-V4-Pro,PQ,7,False
528,Anonymized_DeepSeek-V4-Pro,CQ,6,False
528,Anonymized_DeepSeek-V4-Pro,CQ,5,False
528,Anonymized_NER,CQ,9,False
528,Anonymized_DeepSeek-V4-Pro,PQ,8,True
528,Anonymized_DeepSeek-V4-Pro,PQ,1,False
528,Anonymized_DeepSeek-V4-Pro,CQ,3,False
528,Anonymized_NER,CQ,2,True
528,Anonymized_Llama-4-Maverick-17B-128E-Instruct-FP8,PQ,1,False
528,Anonymized_DeepSeek-V4-Pro,CQ,2,True
528,Anonymized_DeepSeek-V4-Pro,PQ,10,False
528,Anonymized_Llama-4-Maverick-17B-128E-Instruct-FP8,PQ,2,False
528,Anonymized_Llama-4-Maverick-17B-128E-Instruct-FP8,CQ,1,False
528,Anonymized_Llama-4-Maverick-17B-128E-Instruct-FP8,CQ,2,True
528,Anonymized_DeepSeek-V4-Pro,CQ,9,False
528,Anonymized_Llama-4-Maverick-17B-128E-Instruct-FP8,CQ,3,False
528,Anonymized_DeepSeek-V4-Pro,PQ,6,False
528,Anonymized_DeepSeek-V4-Pro,CQ,10,False
528,Anonymized_Llama-4-Maverick-17B-128E-Instruct-FP8,PQ,6,False
528,Anonymized_DeepSeek-V4-Pro,CQ,7,False
528,Anonymized_Llama-4-Maverick-17B-128E-Instruct-FP8,PQ,3,False
528,Anonymized_Llama-4-Maverick-17B-128E-Instruct-FP8,CQ,6,False
528,Anonymized_gpt-4o,CQ,8,False
528,Anonymized_DeepSeek-V4-Pro,PQ,5,False
528,Anonymized_Llama-4-Maverick-17B-128E-Instruct-FP8,PQ,9,False
528,Anonymized_Llama-4-Maverick-17B-128E-Instruct-FP8,PQ,4,False
528,Anonymized_DeepSeek-V4-Pro,CQ,1,False
528,Anonymized_DeepSeek-V4-Pro,CQ,8,False
528,Anonymized_Llama-4-Maverick-17B-128E-Instruct-FP8,CQ,10,False
528,Anonymized_Llama-4-Maverick-17B-128E-Instruct-FP8,CQ,9,False
528,Anonymized_gpt-4o,CQ,4,False
528,Anonymized_NER,CQ,10,False
528,Anonymized_DeepSeek-V4-Pro,PQ,2,False
528,Anonymized_Llama-4-Maverick_fewshot,PQ,1,False
528,Anonymized_Llama-4-Maverick_fewshot,PQ,4,False
528,Anonymized_NER,CQ,7,False
528,Anonymized_NER,PQ,2,False
528,Anonymized_Llama-4-Maverick-17B-128E-Instruct-FP8,PQ,7,False
528,Anonymized_NER,PQ,3,False
528,Anonymized_Llama-4-Maverick-17B-128E-Instruct-FP8,CQ,5,False
528,Anonymized_Llama-4-Maverick_fewshot,PQ,2,False
528,Anonymized_Llama-4-Maverick-17B-128E-Instruct-FP8,PQ,5,False
528,Anonymized_Llama-4-Maverick-17B-128E-Instruct-FP8,CQ,7,False
528,Anonymized_Llama-4-Maverick-17B-128E-Instruct-FP8,PQ,10,False
528,Anonymized_Llama-4-Maverick_fewshot,PQ,7,False
528,Anonymized_Llama-4-Maverick_fewshot,CQ,5,False
528,Anonymized_DeepSeek-V4-Pro,PQ,4,False
528,Anonymized_Llama-4-Maverick_fewshot,PQ,5,False
528,Anonymized_Llama-4-Maverick_fewshot,CQ,4,False
528,Anonymized_Llama-4-Maverick_fewshot,CQ,3,False
528,Anonymized_Llama-4-Maverick-17B-128E-Instruct-FP8,PQ,8,False
528,Anonymized_Llama-4-Maverick_fewshot,PQ,3,False
528,Anonymized_Llama-4-Maverick_synthetic,PQ,2,False
528,Anonymized_Llama-4-Maverick_synthetic,PQ,1,False
528,Anonymized_Llama-4-Maverick_fewshot,CQ,1,False
528,Anonymized_Llama-4-Maverick_fewshot,CQ,8,False
528,Anonymized_Llama-4-Maverick_synthetic,CQ,1,False
528,Anonymized_Llama-4-Maverick_fewshot,CQ,2,True
528,Anonymized_DeepSeek-V4-Pro,PQ,9,False
528,Anonymized_Llama-4-Maverick_fewshot,PQ,6,False
528,Anonymized_Llama-4-Maverick_synthetic,CQ,5,False
528,Anonymized_Llama-4-Maverick_fewshot,PQ,8,False
528,Anonymized_Llama-4-Maverick_synthetic,CQ,6,False
528,Anonymized_Llama-4-Maverick_synthetic,PQ,3,False
528,Anonymized_Llama-4-Maverick_synthetic,PQ,8,True
528,Anonymized_Llama-4-Maverick_fewshot,CQ,6,False
528,Anonymized_Llama-4-Maverick_fewshot,CQ,10,False
528,Anonymized_Llama-4-Maverick_fewshot,CQ,7,False
528,Anonymized_Llama-4-Maverick_synthetic,CQ,4,False
528,Anonymized_Llama-4-Maverick_synthetic,PQ,4,False
528,Anonymized_Llama-4-Maverick_synthetic,CQ,9,False
528,Anonymized_Llama-4-Maverick_synthetic,CQ,8,False
528,Anonymized_Llama-4-Maverick_fewshot,PQ,9,False
528,Anonymized_Llama-4-Maverick_synthetic,CQ,3,False
528,Anonymized_Llama-4-Maverick_synthetic,CQ,7,False
528,Anonymized_Llama-4-Maverick_fewshot,CQ,9,False
528,Anonymized_Llama-4-Maverick_synthetic,PQ,5,False
528,Anonymized_Llama-4-Maverick_synthetic,PQ,10,False
528,Anonymized_Llama-4-Maverick_synthetic,PQ,6,False
528,Anonymized_Llama-4-Maverick-17B-128E-Instruct-FP8,CQ,4,False
528,Anonymized_Llama-4-Maverick_fewshot,PQ,10,False
528,Anonymized_Llama-4-Maverick_synthetic,CQ,10,False
535,Anonymized_gpt-3.5-turbo,PQ,1,False
528,Anonymized_Llama-4-Maverick_synthetic,PQ,9,False
535,Anonymized_gpt-3.5-turbo,PQ,4,False
535,Anonymized_gpt-3.5-turbo,CQ,2,False
535,Anonymized_gpt-3.5-turbo,CQ,1,False
535,Anonymized_gpt-3.5-turbo,PQ,3,False
535,Anonymized_gpt-3.5-turbo,PQ,8,False
535,Anonymized_gpt-3.5-turbo,PQ,7,False
535,Anonymized_gpt-3.5-turbo,CQ,4,False
535,Anonymized_gpt-3.5-turbo,PQ,6,False
535,Anonymized_gpt-3.5-turbo,PQ,5,False
535,Anonymized_gpt-3.5-turbo,PQ,2,False
535,Anonymized_gpt-4o,PQ,1,False
535,Anonymized_gpt-3.5-turbo,CQ,7,False
535,Anonymized_gpt-4o,PQ,3,False
518,Anonymized_Llama-4-Maverick-17B-128E-Instruct-FP8,CQ,7,False
535,Anonymized_gpt-3.5-turbo,CQ,8,False
535,Anonymized_gpt-4o,CQ,2,False
535,Anonymized_gpt-4o,PQ,4,False
535,Anonymized_gpt-3.5-turbo,CQ,9,False
535,Anonymized_gpt-3.5-turbo,CQ,6,False
535,Anonymized_gpt-3.5-turbo,CQ,3,False
535,Anonymized_gpt-4o,CQ,6,False
535,Anonymized_gpt-3.5-turbo,PQ,9,False
535,Anonymized_gpt-3.5-turbo,PQ,10,False
535,Anonymized_gpt-3.5-turbo,CQ,10,True
535,Anonymized_gpt-4o,CQ,7,False
535,Anonymized_gpt-4o,PQ,9,False
535,Anonymized_gpt-4o,PQ,7,False
535,Anonymized_gpt-4o,CQ,1,False
528,Anonymized_Llama-4-Maverick_synthetic,PQ,7,False
535,Anonymized_gpt-4o,CQ,9,False
535,Anonymized_NER,PQ,2,False
535,Anonymized_gpt-4o,CQ,3,False
535,Anonymized_gpt-4o,PQ,2,False
535,Anonymized_NER,PQ,3,False
535,Anonymized_NER,PQ,1,False
535,Anonymized_NER,PQ,4,False
535,Anonymized_NER,PQ,5,False
535,Anonymized_gpt-4o,PQ,6,False
535,Anonymized_gpt-4o,PQ,8,False
535,Anonymized_gpt-4o,PQ,5,False
535,Anonymized_NER,PQ,8,False
535,Anonymized_NER,CQ,9,False
535,Anonymized_NER,CQ,5,False
535,Anonymized_NER,PQ,6,False
528,Anonymized_Llama-4-Maverick-17B-128E-Instruct-FP8,CQ,8,False
528,Anonymized_Llama-4-Maverick_synthetic,CQ,2,False
535,Anonymized_DeepSeek-V4-Pro,PQ,2,False
535,Anonymized_gpt-4o,CQ,5,False
535,Anonymized_gpt-4o,PQ,10,False
535,Anonymized_NER,PQ,10,False
535,Anonymized_NER,CQ,2,False
535,Anonymized_gpt-3.5-turbo,CQ,5,False
535,Anonymized_NER,CQ,10,True
535,Anonymized_NER,CQ,1,False
535,Anonymized_DeepSeek-V4-Pro,CQ,3,False
535,Anonymized_DeepSeek-V4-Pro,CQ,2,False
535,Anonymized_DeepSeek-V4-Pro,PQ,7,False
535,Anonymized_DeepSeek-V4-Pro,PQ,6,False
535,Anonymized_NER,CQ,3,False
535,Anonymized_gpt-4o,CQ,10,True
535,Anonymized_gpt-4o,CQ,4,False
535,Anonymized_DeepSeek-V4-Pro,PQ,4,False
535,Anonymized_DeepSeek-V4-Pro,CQ,7,False
535,Anonymized_DeepSeek-V4-Pro,PQ,1,False
535,Anonymized_DeepSeek-V4-Pro,PQ,5,False
535,Anonymized_DeepSeek-V4-Pro,CQ,1,False
535,Anonymized_DeepSeek-V4-Pro,PQ,8,False
535,Anonymized_NER,PQ,9,False
535,Anonymized_Llama-4-Maverick-17B-128E-Instruct-FP8,PQ,1,False
535,Anonymized_Llama-4-Maverick-17B-128E-Instruct-FP8,PQ,3,False
535,Anonymized_DeepSeek-V4-Pro,PQ,10,False
535,Anonymized_Llama-4-Maverick-17B-128E-Instruct-FP8,CQ,2,False
535,Anonymized_NER,PQ,7,False
535,Anonymized_Llama-4-Maverick-17B-128E-Instruct-FP8,PQ,4,False
535,Anonymized_Llama-4-Maverick-17B-128E-Instruct-FP8,PQ,2,False
535,Anonymized_Llama-4-Maverick-17B-128E-Instruct-FP8,CQ,5,False
535,Anonymized_Llama-4-Maverick-17B-128E-Instruct-FP8,PQ,6,False
535,Anonymized_Llama-4-Maverick-17B-128E-Instruct-FP8,PQ,7,False
535,Anonymized_DeepSeek-V4-Pro,PQ,9,False
535,Anonymized_DeepSeek-V4-Pro,CQ,5,False
535,Anonymized_Llama-4-Maverick-17B-128E-Instruct-FP8,PQ,9,False
535,Anonymized_Llama-4-Maverick-17B-128E-Instruct-FP8,CQ,8,False
535,Anonymized_Llama-4-Maverick-17B-128E-Instruct-FP8,CQ,6,False
535,Anonymized_NER,CQ,4,False
535,Anonymized_Llama-4-Maverick-17B-128E-Instruct-FP8,PQ,10,False
535,Anonymized_DeepSeek-V4-Pro,PQ,3,False
535,Anonymized_Llama-4-Maverick_fewshot,PQ,1,False
535,Anonymized_gpt-4o,CQ,8,False
535,Anonymized_NER,CQ,6,False
535,Anonymized_Llama-4-Maverick_fewshot,CQ,1,False
535,Anonymized_Llama-4-Maverick_fewshot,CQ,2,False
535,Anonymized_NER,CQ,8,False
535,Anonymized_Llama-4-Maverick-17B-128E-Instruct-FP8,CQ,4,False
535,Anonymized_DeepSeek-V4-Pro,CQ,6,False
535,Anonymized_Llama-4-Maverick-17B-128E-Instruct-FP8,CQ,10,True
535,Anonymized_Llama-4-Maverick_fewshot,PQ,4,False
535,Anonymized_Llama-4-Maverick_fewshot,CQ,4,False
535,Anonymized_DeepSeek-V4-Pro,CQ,8,False
535,Anonymized_Llama-4-Maverick_fewshot,PQ,7,False
535,Anonymized_Llama-4-Maverick-17B-128E-Instruct-FP8,CQ,3,False
535,Anonymized_Llama-4-Maverick_fewshot,PQ,2,False
535,Anonymized_Llama-4-Maverick_fewshot,PQ,8,False
535,Anonymized_Llama-4-Maverick_fewshot,CQ,8,False
535,Anonymized_Llama-4-Maverick-17B-128E-Instruct-FP8,CQ,7,False
535,Anonymized_Llama-4-Maverick_fewshot,CQ,10,True
535,Anonymized_Llama-4-Maverick_synthetic,PQ,2,False
535,Anonymized_Llama-4-Maverick_fewshot,CQ,6,False
535,Anonymized_Llama-4-Maverick_synthetic,CQ,1,False
535,Anonymized_NER,CQ,7,False
535,Anonymized_DeepSeek-V4-Pro,CQ,4,False
535,Anonymized_Llama-4-Maverick-17B-128E-Instruct-FP8,CQ,9,False
535,Anonymized_DeepSeek-V4-Pro,CQ,10,True
535,Anonymized_Llama-4-Maverick_fewshot,CQ,5,False
535,Anonymized_Llama-4-Maverick_synthetic,PQ,4,False
535,Anonymized_Llama-4-Maverick-17B-128E-Instruct-FP8,CQ,1,False
535,Anonymized_Llama-4-Maverick_synthetic,CQ,4,False
535,Anonymized_Llama-4-Maverick_synthetic,PQ,6,False
535,Anonymized_Llama-4-Maverick_fewshot,CQ,3,False
535,Anonymized_Llama-4-Maverick_synthetic,PQ,7,False
535,Anonymized_Llama-4-Maverick_synthetic,CQ,6,False
535,Anonymized_Llama-4-Maverick_fewshot,CQ,9,False
535,Anonymized_Llama-4-Maverick_fewshot,PQ,5,False
535,Anonymized_Llama-4-Maverick_fewshot,PQ,10,False
535,Anonymized_Llama-4-Maverick_synthetic,PQ,10,False
535,Anonymized_Llama-4-Maverick_synthetic,PQ,5,False
535,Anonymized_Llama-4-Maverick_synthetic,CQ,10,True
535,Anonymized_Llama-4-Maverick_synthetic,CQ,9,False
535,Anonymized_Llama-4-Maverick_synthetic,CQ,2,False
535,Anonymized_Llama-4-Maverick_synthetic,PQ,3,False
535,Anonymized_Llama-4-Maverick-17B-128E-Instruct-FP8,PQ,8,False
535,Anonymized_Llama-4-Maverick_synthetic,PQ,8,False
535,Anonymized_Llama-4-Maverick_synthetic,CQ,5,False
535,Anonymized_Llama-4-Maverick_synthetic,PQ,1,False
535,Anonymized_Llama-4-Maverick_synthetic,CQ,7,False
535,Anonymized_Llama-4-Maverick_fewshot,PQ,3,False
535,Anonymized_Llama-4-Maverick_synthetic,PQ,9,False
535,Anonymized_DeepSeek-V4-Pro,CQ,9,False
535,Anonymized_Llama-4-Maverick_fewshot,CQ,7,False
535,Anonymized_Llama-4-Maverick_synthetic,CQ,8,False
575,Anonymized_gpt-3.5-turbo,PQ,1,False
575,Anonymized_gpt-3.5-turbo,CQ,5,False
575,Anonymized_gpt-3.5-turbo,CQ,1,False
575,Anonymized_gpt-3.5-turbo,PQ,2,False
575,Anonymized_gpt-3.5-turbo,CQ,2,True
575,Anonymized_gpt-3.5-turbo,PQ,6,False
535,Anonymized_Llama-4-Maverick_fewshot,PQ,6,False
535,Anonymized_Llama-4-Maverick-17B-128E-Instruct-FP8,PQ,5,False
575,Anonymized_gpt-3.5-turbo,PQ,3,True
575,Anonymized_gpt-3.5-turbo,PQ,7,False
575,Anonymized_gpt-3.5-turbo,CQ,9,True
575,Anonymized_gpt-4o,PQ,1,False
575,Anonymized_gpt-3.5-turbo,CQ,3,False
575,Anonymized_gpt-4o,CQ,1,False
575,Anonymized_gpt-3.5-turbo,CQ,6,True
575,Anonymized_gpt-3.5-turbo,PQ,10,False
575,Anonymized_gpt-3.5-turbo,CQ,8,False
575,Anonymized_gpt-4o,PQ,4,False
575,Anonymized_gpt-4o,CQ,5,False
575,Anonymized_gpt-3.5-turbo,CQ,7,False
575,Anonymized_gpt-3.5-turbo,PQ,5,False
575,Anonymized_gpt-4o,CQ,3,False
575,Anonymized_gpt-4o,CQ,8,False
575,Anonymized_gpt-4o,CQ,4,False
575,Anonymized_gpt-4o,PQ,9,False
575,Anonymized_gpt-4o,PQ,5,True
575,Anonymized_gpt-4o,CQ,2,True
575,Anonymized_gpt-3.5-turbo,PQ,8,True
575,Anonymized_gpt-4o,CQ,6,False
575,Anonymized_gpt-4o,PQ,10,False
575,Anonymized_NER,CQ,1,False
575,Anonymized_NER,PQ,3,True
575,Anonymized_gpt-4o,PQ,8,True
575,Anonymized_NER,CQ,4,False
575,Anonymized_NER,PQ,2,False
535,Anonymized_Llama-4-Maverick_fewshot,PQ,9,False
575,Anonymized_NER,PQ,6,True
575,Anonymized_NER,CQ,5,False
575,Anonymized_gpt-4o,PQ,6,True
535,Anonymized_Llama-4-Maverick_synthetic,CQ,3,False
575,Anonymized_NER,CQ,2,True
575,Anonymized_NER,CQ,3,False
575,Anonymized_NER,CQ,6,True
575,Anonymized_gpt-3.5-turbo,PQ,4,False
575,Anonymized_NER,CQ,7,False
575,Anonymized_gpt-4o,CQ,10,False
575,Anonymized_gpt-4o,PQ,2,False
575,Anonymized_NER,CQ,9,True
575,Anonymized_DeepSeek-V4-Pro,PQ,1,False
575,Anonymized_gpt-4o,PQ,3,True
575,Anonymized_gpt-4o,CQ,9,True
575,Anonymized_NER,PQ,9,False
575,Anonymized_DeepSeek-V4-Pro,CQ,1,False
575,Anonymized_NER,CQ,10,False
575,Anonymized_NER,PQ,7,False
575,Anonymized_gpt-4o,CQ,7,False
575,Anonymized_DeepSeek-V4-Pro,CQ,5,False
575,Anonymized_DeepSeek-V4-Pro,PQ,6,True
575,Anonymized_DeepSeek-V4-Pro,CQ,7,False
575,Anonymized_DeepSeek-V4-Pro,CQ,2,True
575,Anonymized_DeepSeek-V4-Pro,CQ,6,False
575,Anonymized_DeepSeek-V4-Pro,PQ,8,True
575,Anonymized_DeepSeek-V4-Pro,PQ,3,True
575,Anonymized_gpt-3.5-turbo,PQ,9,False
575,Anonymized_DeepSeek-V4-Pro,PQ,9,False
575,Anonymized_DeepSeek-V4-Pro,PQ,5,True
575,Anonymized_DeepSeek-V4-Pro,PQ,2,False
575,Anonymized_Llama-4-Maverick-17B-128E-Instruct-FP8,PQ,1,False
575,Anonymized_gpt-3.5-turbo,CQ,10,False
575,Anonymized_DeepSeek-V4-Pro,PQ,4,False
575,Anonymized_Llama-4-Maverick-17B-128E-Instruct-FP8,PQ,3,False
575,Anonymized_gpt-3.5-turbo,CQ,4,False
575,Anonymized_Llama-4-Maverick-17B-128E-Instruct-FP8,CQ,2,True
575,Anonymized_DeepSeek-V4-Pro,PQ,7,False
575,Anonymized_Llama-4-Maverick-17B-128E-Instruct-FP8,CQ,3,False
575,Anonymized_Llama-4-Maverick-17B-128E-Instruct-FP8,PQ,6,False
575,Anonymized_Llama-4-Maverick-17B-128E-Instruct-FP8,CQ,5,False
575,Anonymized_NER,PQ,5,True
575,Anonymized_NER,PQ,1,False
575,Anonymized_NER,PQ,10,False
575,Anonymized_Llama-4-Maverick-17B-128E-Instruct-FP8,PQ,7,False
575,Anonymized_Llama-4-Maverick-17B-128E-Instruct-FP8,CQ,6,False
575,Anonymized_Llama-4-Maverick-17B-128E-Instruct-FP8,PQ,9,False
575,Anonymized_Llama-4-Maverick-17B-128E-Instruct-FP8,CQ,4,False
575,Anonymized_Llama-4-Maverick-17B-128E-Instruct-FP8,CQ,9,True
575,Anonymized_Llama-4-Maverick-17B-128E-Instruct-FP8,CQ,8,False
575,Anonymized_Llama-4-Maverick_fewshot,PQ,1,False
575,Anonymized_Llama-4-Maverick-17B-128E-Instruct-FP8,PQ,2,False
575,Anonymized_Llama-4-Maverick_fewshot,CQ,1,False
575,Anonymized_Llama-4-Maverick-17B-128E-Instruct-FP8,PQ,8,False
575,Anonymized_DeepSeek-V4-Pro,CQ,3,False
575,Anonymized_Llama-4-Maverick_fewshot,CQ,3,False
575,Anonymized_DeepSeek-V4-Pro,CQ,9,True
575,Anonymized_Llama-4-Maverick-17B-128E-Instruct-FP8,PQ,10,False
575,Anonymized_NER,PQ,8,True
575,Anonymized_Llama-4-Maverick_fewshot,PQ,4,False
575,Anonymized_Llama-4-Maverick-17B-128E-Instruct-FP8,CQ,10,False
575,Anonymized_Llama-4-Maverick_fewshot,CQ,5,False
575,Anonymized_Llama-4-Maverick_fewshot,PQ,5,False
575,Anonymized_Llama-4-Maverick-17B-128E-Instruct-FP8,PQ,5,True
575,Anonymized_DeepSeek-V4-Pro,CQ,8,False
575,Anonymized_gpt-4o,PQ,7,False
575,Anonymized_Llama-4-Maverick_fewshot,PQ,7,False
575,Anonymized_Llama-4-Maverick_fewshot,PQ,9,False
575,Anonymized_NER,PQ,4,False
575,Anonymized_Llama-4-Maverick_fewshot,CQ,9,True
575,Anonymized_Llama-4-Maverick_fewshot,CQ,6,True
575,Anonymized_Llama-4-Maverick_synthetic,CQ,1,False
575,Anonymized_Llama-4-Maverick_synthetic,PQ,3,True
575,Anonymized_Llama-4-Maverick_fewshot,CQ,8,False
575,Anonymized_DeepSeek-V4-Pro,PQ,10,False
575,Anonymized_Llama-4-Maverick-17B-128E-Instruct-FP8,CQ,1,False
575,Anonymized_Llama-4-Maverick_synthetic,CQ,2,True
575,Anonymized_Llama-4-Maverick_fewshot,PQ,2,False
575,Anonymized_Llama-4-Maverick_synthetic,PQ,5,True
575,Anonymized_Llama-4-Maverick-17B-128E-Instruct-FP8,CQ,7,False
575,Anonymized_Llama-4-Maverick_fewshot,CQ,2,True
575,Anonymized_Llama-4-Maverick_synthetic,PQ,6,True
575,Anonymized_Llama-4-Maverick_synthetic,PQ,7,False
575,Anonymized_Llama-4-Maverick_synthetic,CQ,6,True
575,Anonymized_Llama-4-Maverick_fewshot,CQ,4,False
575,Anonymized_Llama-4-Maverick_fewshot,PQ,6,False
575,Anonymized_Llama-4-Maverick_synthetic,PQ,8,True
575,Anonymized_Llama-4-Maverick_synthetic,CQ,8,False
575,Anonymized_Llama-4-Maverick_synthetic,PQ,4,False
575,Anonymized_NER,CQ,8,False
575,Anonymized_Llama-4-Maverick_fewshot,CQ,10,False
575,Anonymized_DeepSeek-V4-Pro,CQ,4,False
575,Anonymized_Llama-4-Maverick_synthetic,CQ,4,False
575,Anonymized_Llama-4-Maverick_synthetic,CQ,9,True
575,Anonymized_Llama-4-Maverick_synthetic,CQ,7,False
575,Anonymized_Llama-4-Maverick_synthetic,CQ,5,False
575,Anonymized_Llama-4-Maverick_synthetic,PQ,9,False
575,Anonymized_DeepSeek-V4-Pro,CQ,10,False
575,Anonymized_Llama-4-Maverick_synthetic,CQ,3,False
575,Anonymized_Llama-4-Maverick_synthetic,PQ,10,False
575,Anonymized_Llama-4-Maverick_synthetic,PQ,1,False
575,Anonymized_Llama-4-Maverick_synthetic,PQ,2,False
575,Anonymized_Llama-4-Maverick_fewshot,PQ,3,True
575,Anonymized_Llama-4-Maverick_fewshot,PQ,8,False
590,Anonymized_gpt-3.5-turbo,CQ,1,True
575,Anonymized_Llama-4-Maverick_synthetic,CQ,10,False
575,Anonymized_Llama-4-Maverick_fewshot,CQ,7,False
590,Anonymized_gpt-3.5-turbo,PQ,1,False
575,Anonymized_Llama-4-Maverick_fewshot,PQ,10,False
590,Anonymized_gpt-3.5-turbo,PQ,2,False
575,Anonymized_Llama-4-Maverick-17B-128E-Instruct-FP8,PQ,4,False
590,Anonymized_gpt-3.5-turbo,PQ,6,False
590,Anonymized_gpt-3.5-turbo,CQ,3,False
590,Anonymized_gpt-3.5-turbo,PQ,7,True
590,Anonymized_gpt-3.5-turbo,CQ,5,False
590,Anonymized_gpt-3.5-turbo,PQ,8,False
590,Anonymized_gpt-3.5-turbo,PQ,5,False
590,Anonymized_gpt-3.5-turbo,CQ,7,True
590,Anonymized_gpt-3.5-turbo,PQ,9,False
590,Anonymized_gpt-3.5-turbo,PQ,10,False
590,Anonymized_gpt-3.5-turbo,CQ,2,False
590,Anonymized_gpt-3.5-turbo,PQ,3,False
590,Anonymized_gpt-3.5-turbo,CQ,4,False
590,Anonymized_gpt-3.5-turbo,CQ,8,False
590,Anonymized_NER,PQ,3,False
590,Anonymized_NER,CQ,4,False
590,Anonymized_gpt-3.5-turbo,CQ,9,False
590,Anonymized_NER,CQ,3,False
590,Anonymized_NER,PQ,7,True
590,Anonymized_NER,PQ,8,False
590,Anonymized_NER,PQ,1,True
590,Anonymized_NER,CQ,5,False
590,Anonymized_NER,PQ,2,False
590,Anonymized_gpt-3.5-turbo,PQ,4,False
590,Anonymized_NER,PQ,10,False
590,Anonymized_NER,PQ,4,False
590,Anonymized_NER,CQ,8,False
590,Anonymized_gpt-3.5-turbo,CQ,6,True
590,Anonymized_DeepSeek-V4-Pro,CQ,3,False
590,Anonymized_DeepSeek-V4-Pro,CQ,4,False
590,Anonymized_DeepSeek-V4-Pro,PQ,5,False
590,Anonymized_DeepSeek-V4-Pro,CQ,5,False
590,Anonymized_DeepSeek-V4-Pro,PQ,6,False
590,Anonymized_DeepSeek-V4-Pro,PQ,3,False
590,Anonymized_DeepSeek-V4-Pro,PQ,2,False
590,Anonymized_DeepSeek-V4-Pro,CQ,2,False
590,Anonymized_NER,CQ,1,True
590,Anonymized_NER,CQ,10,True
590,Anonymized_NER,PQ,5,False
590,Anonymized_NER,CQ,2,False
590,Anonymized_DeepSeek-V4-Pro,PQ,10,False
590,Anonymized_Llama-4-Maverick-17B-128E-Instruct-FP8,PQ,1,False
590,Anonymized_DeepSeek-V4-Pro,CQ,10,True
590,Anonymized_Llama-4-Maverick-17B-128E-Instruct-FP8,CQ,1,True
590,Anonymized_DeepSeek-V4-Pro,CQ,7,True
590,Anonymized_Llama-4-Maverick-17B-128E-Instruct-FP8,CQ,2,False
590,Anonymized_Llama-4-Maverick-17B-128E-Instruct-FP8,PQ,3,False
590,Anonymized_Llama-4-Maverick-17B-128E-Instruct-FP8,PQ,4,False
590,Anonymized_DeepSeek-V4-Pro,CQ,6,True
590,Anonymized_NER,CQ,9,False
590,Anonymized_Llama-4-Maverick-17B-128E-Instruct-FP8,PQ,5,False
590,Anonymized_DeepSeek-V4-Pro,PQ,8,False
590,Anonymized_Llama-4-Maverick-17B-128E-Instruct-FP8,PQ,8,False
590,Anonymized_Llama-4-Maverick-17B-128E-Instruct-FP8,CQ,6,True
590,Anonymized_Llama-4-Maverick-17B-128E-Instruct-FP8,CQ,4,False
590,Anonymized_NER,CQ,6,True
590,Anonymized_Llama-4-Maverick-17B-128E-Instruct-FP8,CQ,8,False
590,Anonymized_NER,CQ,7,False
590,Anonymized_gpt-3.5-turbo,CQ,10,True
590,Anonymized_Llama-4-Maverick-17B-128E-Instruct-FP8,PQ,6,False
590,Anonymized_DeepSeek-V4-Pro,PQ,1,False
590,Anonymized_DeepSeek-V4-Pro,PQ,4,False
590,Anonymized_DeepSeek-V4-Pro,PQ,7,True
590,Anonymized_Llama-4-Maverick-17B-128E-Instruct-FP8,CQ,5,False
590,Anonymized_DeepSeek-V4-Pro,CQ,1,True
590,Anonymized_Llama-4-Maverick_fewshot,CQ,2,False
590,Anonymized_Llama-4-Maverick_fewshot,PQ,1,False
590,Anonymized_Llama-4-Maverick_fewshot,PQ,3,False
590,Anonymized_Llama-4-Maverick-17B-128E-Instruct-FP8,PQ,9,False
590,Anonymized_DeepSeek-V4-Pro,CQ,8,False
590,Anonymized_Llama-4-Maverick-17B-128E-Instruct-FP8,PQ,2,False
590,Anonymized_Llama-4-Maverick-17B-128E-Instruct-FP8,CQ,9,False
590,Anonymized_NER,PQ,9,False
590,Anonymized_NER,PQ,6,False
590,Anonymized_Llama-4-Maverick_fewshot,PQ,7,True
590,Anonymized_DeepSeek-V4-Pro,PQ,9,False
590,Anonymized_Llama-4-Maverick_fewshot,CQ,6,True
590,Anonymized_Llama-4-Maverick_fewshot,CQ,4,False
590,Anonymized_Llama-4-Maverick_fewshot,PQ,9,False
590,Anonymized_Llama-4-Maverick_fewshot,PQ,4,False
590,Anonymized_Llama-4-Maverick-17B-128E-Instruct-FP8,CQ,10,True
590,Anonymized_Llama-4-Maverick_fewshot,PQ,6,False
590,Anonymized_Llama-4-Maverick_fewshot,CQ,5,False
590,Anonymized_Llama-4-Maverick_fewshot,CQ,10,True
590,Anonymized_Llama-4-Maverick_fewshot,CQ,7,True
590,Anonymized_Llama-4-Maverick-17B-128E-Instruct-FP8,PQ,10,False
590,Anonymized_Llama-4-Maverick_synthetic,PQ,3,False
590,Anonymized_Llama-4-Maverick_fewshot,PQ,10,False
590,Anonymized_Llama-4-Maverick_fewshot,CQ,3,False
590,Anonymized_Llama-4-Maverick_synthetic,CQ,5,False
590,Anonymized_Llama-4-Maverick_synthetic,PQ,5,False
590,Anonymized_Llama-4-Maverick_fewshot,PQ,5,False
590,Anonymized_DeepSeek-V4-Pro,CQ,9,False
590,Anonymized_Llama-4-Maverick_synthetic,PQ,4,False
590,Anonymized_Llama-4-Maverick_fewshot,PQ,2,False
590,Anonymized_Llama-4-Maverick_synthetic,CQ,8,False
590,Anonymized_Llama-4-Maverick_fewshot,CQ,1,True
590,Anonymized_Llama-4-Maverick_synthetic,CQ,9,False
590,Anonymized_Llama-4-Maverick_synthetic,PQ,2,False
590,Anonymized_Llama-4-Maverick_synthetic,CQ,2,False
590,Anonymized_Llama-4-Maverick_synthetic,CQ,10,False
590,Anonymized_Llama-4-Maverick_synthetic,PQ,9,False
590,Anonymized_Llama-4-Maverick_synthetic,PQ,10,False
590,Anonymized_Llama-4-Maverick_fewshot,CQ,9,False
590,Anonymized_Llama-4-Maverick_synthetic,CQ,3,False
590,Anonymized_Llama-4-Maverick_fewshot,CQ,8,False
590,Anonymized_Llama-4-Maverick_synthetic,PQ,7,True
590,Anonymized_Llama-4-Maverick_synthetic,PQ,6,False
590,Anonymized_Llama-4-Maverick-17B-128E-Instruct-FP8,PQ,7,True
590,Anonymized_Llama-4-Maverick_synthetic,CQ,6,True
590,Anonymized_Llama-4-Maverick_synthetic,PQ,8,False
590,Anonymized_Llama-4-Maverick_synthetic,CQ,7,True
616,Anonymized_gpt-3.5-turbo,PQ,1,False
616,Anonymized_gpt-3.5-turbo,CQ,3,False
590,Anonymized_Llama-4-Maverick_synthetic,PQ,1,False
616,Anonymized_gpt-3.5-turbo,CQ,4,True
616,Anonymized_gpt-3.5-turbo,PQ,4,False
590,Anonymized_Llama-4-Maverick-17B-128E-Instruct-FP8,CQ,7,True
616,Anonymized_gpt-3.5-turbo,PQ,5,False
616,Anonymized_gpt-3.5-turbo,PQ,7,False
590,Anonymized_Llama-4-Maverick-17B-128E-Instruct-FP8,CQ,3,False
590,Anonymized_Llama-4-Maverick_synthetic,CQ,1,True
616,Anonymized_gpt-3.5-turbo,CQ,5,False
616,Anonymized_gpt-3.5-turbo,CQ,2,False
590,Anonymized_Llama-4-Maverick_synthetic,CQ,4,False
616,Anonymized_gpt-3.5-turbo,PQ,8,False
616,Anonymized_gpt-3.5-turbo,PQ,9,False
616,Anonymized_gpt-3.5-turbo,PQ,10,False
616,Anonymized_gpt-3.5-turbo,CQ,7,False
616,Anonymized_gpt-3.5-turbo,PQ,6,True
590,Anonymized_Llama-4-Maverick_fewshot,PQ,8,False
616,Anonymized_gpt-3.5-turbo,CQ,9,False
616,Anonymized_gpt-3.5-turbo,CQ,8,False
616,Anonymized_NER,PQ,3,False
616,Anonymized_NER,PQ,5,False
616,Anonymized_NER,CQ,2,False
616,Anonymized_gpt-3.5-turbo,CQ,10,False
616,Anonymized_gpt-3.5-turbo,CQ,6,False
616,Anonymized_NER,PQ,6,True
616,Anonymized_gpt-3.5-turbo,PQ,3,False
616,Anonymized_NER,PQ,7,False
616,Anonymized_gpt-3.5-turbo,CQ,1,False
616,Anonymized_DeepSeek-V4-Pro,PQ,1,False
616,Anonymized_gpt-3.5-turbo,PQ,2,False
616,Anonymized_NER,PQ,10,True
616,Anonymized_NER,CQ,4,True
616,Anonymized_NER,CQ,7,False
616,Anonymized_NER,PQ,8,False
616,Anonymized_NER,PQ,1,False
616,Anonymized_NER,CQ,9,False
616,Anonymized_NER,PQ,4,False
616,Anonymized_DeepSeek-V4-Pro,PQ,6,True
616,Anonymized_DeepSeek-V4-Pro,PQ,4,False
616,Anonymized_DeepSeek-V4-Pro,PQ,5,False
616,Anonymized_NER,PQ,9,False
616,Anonymized_DeepSeek-V4-Pro,CQ,3,False
616,Anonymized_DeepSeek-V4-Pro,CQ,6,False
616,Anonymized_NER,CQ,10,False
616,Anonymized_DeepSeek-V4-Pro,CQ,1,False
616,Anonymized_DeepSeek-V4-Pro,PQ,3,False
616,Anonymized_DeepSeek-V4-Pro,PQ,10,True
616,Anonymized_DeepSeek-V4-Pro,CQ,9,False
616,Anonymized_DeepSeek-V4-Pro,PQ,7,False
616,Anonymized_DeepSeek-V4-Pro,CQ,4,True
616,Anonymized_Llama-4-Maverick-17B-128E-Instruct-FP8,CQ,2,False
616,Anonymized_NER,CQ,5,False
616,Anonymized_Llama-4-Maverick-17B-128E-Instruct-FP8,CQ,4,False
616,Anonymized_DeepSeek-V4-Pro,CQ,5,False
616,Anonymized_DeepSeek-V4-Pro,CQ,2,False
616,Anonymized_Llama-4-Maverick-17B-128E-Instruct-FP8,CQ,5,False
616,Anonymized_Llama-4-Maverick-17B-128E-Instruct-FP8,CQ,6,False
616,Anonymized_Llama-4-Maverick-17B-128E-Instruct-FP8,PQ,6,True
616,Anonymized_Llama-4-Maverick-17B-128E-Instruct-FP8,PQ,7,False
616,Anonymized_Llama-4-Maverick-17B-128E-Instruct-FP8,CQ,1,False
616,Anonymized_Llama-4-Maverick-17B-128E-Instruct-FP8,PQ,4,False
616,Anonymized_NER,CQ,6,False
616,Anonymized_NER,CQ,3,False
616,Anonymized_Llama-4-Maverick-17B-128E-Instruct-FP8,PQ,9,False
616,Anonymized_Llama-4-Maverick-17B-128E-Instruct-FP8,CQ,9,False
616,Anonymized_Llama-4-Maverick-17B-128E-Instruct-FP8,CQ,10,False
616,Anonymized_NER,CQ,1,False
616,Anonymized_Llama-4-Maverick_fewshot,PQ,2,False
616,Anonymized_Llama-4-Maverick-17B-128E-Instruct-FP8,CQ,7,False
616,Anonymized_Llama-4-Maverick-17B-128E-Instruct-FP8,PQ,1,False
616,Anonymized_DeepSeek-V4-Pro,CQ,10,False
616,Anonymized_Llama-4-Maverick-17B-128E-Instruct-FP8,PQ,3,False
616,Anonymized_Llama-4-Maverick-17B-128E-Instruct-FP8,PQ,10,False
616,Anonymized_NER,CQ,8,False
616,Anonymized_Llama-4-Maverick_fewshot,PQ,1,False
616,Anonymized_Llama-4-Maverick_fewshot,CQ,1,False
616,Anonymized_DeepSeek-V4-Pro,PQ,8,False
616,Anonymized_Llama-4-Maverick_fewshot,PQ,7,False
616,Anonymized_Llama-4-Maverick_fewshot,PQ,3,False
616,Anonymized_Llama-4-Maverick-17B-128E-Instruct-FP8,CQ,3,False
616,Anonymized_DeepSeek-V4-Pro,PQ,9,False
616,Anonymized_Llama-4-Maverick_fewshot,PQ,9,False
616,Anonymized_Llama-4-Maverick_fewshot,PQ,4,False
616,Anonymized_Llama-4-Maverick_fewshot,CQ,8,False
616,Anonymized_DeepSeek-V4-Pro,CQ,7,False
616,Anonymized_DeepSeek-V4-Pro,CQ,8,False
616,Anonymized_Llama-4-Maverick_fewshot,PQ,6,True
616,Anonymized_DeepSeek-V4-Pro,PQ,2,False
616,Anonymized_Llama-4-Maverick-17B-128E-Instruct-FP8,PQ,2,False
616,Anonymized_Llama-4-Maverick_fewshot,PQ,5,False
616,Anonymized_Llama-4-Maverick-17B-128E-Instruct-FP8,CQ,8,False
616,Anonymized_Llama-4-Maverick_fewshot,CQ,2,False
616,Anonymized_Llama-4-Maverick_synthetic,PQ,3,False
616,Anonymized_Llama-4-Maverick_fewshot,CQ,7,False
616,Anonymized_Llama-4-Maverick_fewshot,CQ,4,True
616,Anonymized_Llama-4-Maverick_fewshot,CQ,3,False
616,Anonymized_Llama-4-Maverick_fewshot,CQ,5,False
616,Anonymized_Llama-4-Maverick_synthetic,PQ,4,True
616,Anonymized_Llama-4-Maverick-17B-128E-Instruct-FP8,PQ,8,False
616,Anonymized_Llama-4-Maverick_fewshot,CQ,9,False
616,Anonymized_Llama-4-Maverick_synthetic,CQ,6,False
616,Anonymized_Llama-4-Maverick_synthetic,CQ,4,True
616,Anonymized_Llama-4-Maverick_synthetic,CQ,5,False
616,Anonymized_Llama-4-Maverick_fewshot,PQ,10,True
616,Anonymized_NER,PQ,2,False
616,Anonymized_Llama-4-Maverick_synthetic,CQ,7,False
616,Anonymized_Llama-4-Maverick_synthetic,CQ,3,False
616,Anonymized_Llama-4-Maverick_synthetic,PQ,5,False
616,Anonymized_Llama-4-Maverick_synthetic,PQ,1,False
616,Anonymized_Llama-4-Maverick_synthetic,PQ,6,True
616,Anonymized_Llama-4-Maverick_synthetic,CQ,9,False
616,Anonymized_Llama-4-Maverick_fewshot,CQ,10,False
616,Anonymized_Llama-4-Maverick_fewshot,PQ,8,False
616,Anonymized_Llama-4-Maverick_synthetic,PQ,8,False
616,Anonymized_Llama-4-Maverick_synthetic,CQ,2,False
616,Anonymized_Llama-4-Maverick-17B-128E-Instruct-FP8,PQ,5,False
616,Anonymized_Llama-4-Maverick_synthetic,PQ,7,False
628,Anonymized_gpt-3.5-turbo,CQ,1,False
616,Anonymized_Llama-4-Maverick_synthetic,CQ,8,False
628,Anonymized_gpt-3.5-turbo,PQ,2,False
628,Anonymized_gpt-3.5-turbo,PQ,3,False
628,Anonymized_gpt-3.5-turbo,CQ,6,False
628,Anonymized_gpt-3.5-turbo,CQ,2,False
628,Anonymized_gpt-3.5-turbo,PQ,7,False
628,Anonymized_gpt-3.5-turbo,PQ,8,False
628,Anonymized_gpt-3.5-turbo,CQ,3,False
628,Anonymized_gpt-3.5-turbo,CQ,8,False
628,Anonymized_gpt-3.5-turbo,CQ,4,False
628,Anonymized_gpt-3.5-turbo,CQ,7,False
628,Anonymized_NER,PQ,1,False
628,Anonymized_NER,PQ,2,False
628,Anonymized_gpt-3.5-turbo,CQ,10,False
628,Anonymized_NER,CQ,2,False
628,Anonymized_NER,PQ,3,True
628,Anonymized_gpt-3.5-turbo,PQ,10,False
628,Anonymized_gpt-3.5-turbo,PQ,5,False
628,Anonymized_NER,PQ,5,False
616,Anonymized_Llama-4-Maverick_synthetic,PQ,2,False
616,Anonymized_Llama-4-Maverick_synthetic,PQ,9,False
628,Anonymized_NER,CQ,1,False
616,Anonymized_Llama-4-Maverick_synthetic,CQ,10,False
628,Anonymized_NER,PQ,6,False
628,Anonymized_gpt-3.5-turbo,PQ,9,False
628,Anonymized_NER,CQ,3,False
616,Anonymized_Llama-4-Maverick_synthetic,PQ,10,True
628,Anonymized_NER,PQ,9,False
628,Anonymized_NER,PQ,7,False
628,Anonymized_gpt-3.5-turbo,CQ,9,False
616,Anonymized_Llama-4-Maverick_fewshot,CQ,6,False
628,Anonymized_NER,CQ,6,False
628,Anonymized_gpt-3.5-turbo,PQ,1,False
616,Anonymized_Llama-4-Maverick_synthetic,CQ,1,False
628,Anonymized_NER,CQ,7,False
628,Anonymized_NER,PQ,10,False
628,Anonymized_NER,PQ,8,False
628,Anonymized_NER,PQ,4,True
628,Anonymized_gpt-3.5-turbo,PQ,6,False
628,Anonymized_DeepSeek-V4-Pro,PQ,6,False
628,Anonymized_DeepSeek-V4-Pro,CQ,4,False
628,Anonymized_gpt-3.5-turbo,PQ,4,False
628,Anonymized_DeepSeek-V4-Pro,CQ,1,False
628,Anonymized_NER,CQ,8,False
628,Anonymized_DeepSeek-V4-Pro,PQ,5,False
628,Anonymized_NER,CQ,4,False
628,Anonymized_DeepSeek-V4-Pro,PQ,7,False
628,Anonymized_DeepSeek-V4-Pro,PQ,9,False
628,Anonymized_DeepSeek-V4-Pro,PQ,8,False
628,Anonymized_NER,CQ,5,False
628,Anonymized_DeepSeek-V4-Pro,CQ,5,False
628,Anonymized_DeepSeek-V4-Pro,PQ,10,False
628,Anonymized_DeepSeek-V4-Pro,CQ,9,False
628,Anonymized_Llama-4-Maverick-17B-128E-Instruct-FP8,PQ,2,False
628,Anonymized_Llama-4-Maverick-17B-128E-Instruct-FP8,PQ,3,False
628,Anonymized_Llama-4-Maverick-17B-128E-Instruct-FP8,CQ,2,False
628,Anonymized_NER,CQ,9,False
628,Anonymized_DeepSeek-V4-Pro,CQ,10,False
628,Anonymized_DeepSeek-V4-Pro,PQ,4,False
628,Anonymized_DeepSeek-V4-Pro,PQ,1,False
628,Anonymized_Llama-4-Maverick-17B-128E-Instruct-FP8,CQ,1,False
628,Anonymized_DeepSeek-V4-Pro,CQ,8,False
628,Anonymized_gpt-3.5-turbo,CQ,5,False
628,Anonymized_Llama-4-Maverick-17B-128E-Instruct-FP8,PQ,7,False
628,Anonymized_Llama-4-Maverick-17B-128E-Instruct-FP8,CQ,7,False
628,Anonymized_Llama-4-Maverick-17B-128E-Instruct-FP8,CQ,5,False
628,Anonymized_Llama-4-Maverick-17B-128E-Instruct-FP8,CQ,4,False
628,Anonymized_Llama-4-Maverick-17B-128E-Instruct-FP8,CQ,3,False
628,Anonymized_Llama-4-Maverick-17B-128E-Instruct-FP8,CQ,8,True
628,Anonymized_Llama-4-Maverick_fewshot,PQ,1,False
628,Anonymized_DeepSeek-V4-Pro,CQ,2,False
628,Anonymized_DeepSeek-V4-Pro,CQ,3,False
628,Anonymized_Llama-4-Maverick_fewshot,PQ,3,False
628,Anonymized_Llama-4-Maverick_fewshot,CQ,1,False
628,Anonymized_Llama-4-Maverick_fewshot,CQ,3,False
628,Anonymized_DeepSeek-V4-Pro,PQ,3,True
628,Anonymized_Llama-4-Maverick-17B-128E-Instruct-FP8,PQ,10,False
628,Anonymized_Llama-4-Maverick_fewshot,PQ,5,False
628,Anonymized_Llama-4-Maverick_fewshot,PQ,4,False
628,Anonymized_Llama-4-Maverick-17B-128E-Instruct-FP8,PQ,4,False
628,Anonymized_DeepSeek-V4-Pro,CQ,7,False
628,Anonymized_Llama-4-Maverick_fewshot,CQ,2,False
628,Anonymized_Llama-4-Maverick-17B-128E-Instruct-FP8,PQ,9,False
628,Anonymized_Llama-4-Maverick_fewshot,CQ,7,False
628,Anonymized_Llama-4-Maverick-17B-128E-Instruct-FP8,CQ,10,False
628,Anonymized_Llama-4-Maverick_fewshot,PQ,10,False
628,Anonymized_Llama-4-Maverick_fewshot,CQ,10,False
628,Anonymized_Llama-4-Maverick_fewshot,CQ,5,False
628,Anonymized_Llama-4-Maverick_synthetic,PQ,2,False
628,Anonymized_Llama-4-Maverick_fewshot,CQ,6,False
628,Anonymized_Llama-4-Maverick_fewshot,PQ,6,False
628,Anonymized_Llama-4-Maverick-17B-128E-Instruct-FP8,PQ,5,False
628,Anonymized_Llama-4-Maverick-17B-128E-Instruct-FP8,CQ,9,False
628,Anonymized_Llama-4-Maverick_fewshot,CQ,8,False
628,Anonymized_Llama-4-Maverick_synthetic,CQ,3,False
628,Anonymized_Llama-4-Maverick_fewshot,PQ,7,False
628,Anonymized_Llama-4-Maverick_synthetic,CQ,4,False
628,Anonymized_Llama-4-Maverick_synthetic,CQ,1,False
628,Anonymized_Llama-4-Maverick_fewshot,PQ,8,False
628,Anonymized_Llama-4-Maverick_fewshot,CQ,4,False
628,Anonymized_Llama-4-Maverick_fewshot,PQ,9,False
628,Anonymized_Llama-4-Maverick_synthetic,PQ,4,False
628,Anonymized_Llama-4-Maverick_synthetic,PQ,5,False
628,Anonymized_Llama-4-Maverick_synthetic,PQ,1,False
628,Anonymized_Llama-4-Maverick_synthetic,CQ,7,False
628,Anonymized_NER,CQ,10,False
628,Anonymized_Llama-4-Maverick-17B-128E-Instruct-FP8,PQ,1,False
628,Anonymized_Llama-4-Maverick_synthetic,CQ,5,False
628,Anonymized_DeepSeek-V4-Pro,PQ,2,False
628,Anonymized_Llama-4-Maverick-17B-128E-Instruct-FP8,PQ,6,False
628,Anonymized_Llama-4-Maverick_synthetic,CQ,2,False
628,Anonymized_Llama-4-Maverick_synthetic,PQ,6,False
628,Anonymized_Llama-4-Maverick_synthetic,CQ,8,False
628,Anonymized_DeepSeek-V4-Pro,CQ,6,False
628,Anonymized_Llama-4-Maverick_synthetic,PQ,9,False
628,Anonymized_Llama-4-Maverick_synthetic,PQ,10,False
628,Anonymized_Llama-4-Maverick_synthetic,PQ,7,False
628,Anonymized_Llama-4-Maverick_synthetic,PQ,3,True
628,Anonymized_Llama-4-Maverick_fewshot,CQ,9,False
628,Anonymized_Llama-4-Maverick-17B-128E-Instruct-FP8,PQ,8,False
628,Anonymized_Llama-4-Maverick_synthetic,CQ,10,False
628,Anonymized_Llama-4-Maverick_synthetic,PQ,8,False
678,Anonymized_gpt-3.5-turbo,PQ,4,False
678,Anonymized_gpt-3.5-turbo,PQ,1,False
628,Anonymized_Llama-4-Maverick-17B-128E-Instruct-FP8,CQ,6,False
628,Anonymized_Llama-4-Maverick_synthetic,CQ,6,False
678,Anonymized_gpt-3.5-turbo,PQ,8,False
628,Anonymized_Llama-4-Maverick_synthetic,CQ,9,False
628,Anonymized_Llama-4-Maverick_fewshot,PQ,2,False
678,Anonymized_gpt-3.5-turbo,CQ,8,False
678,Anonymized_gpt-3.5-turbo,PQ,2,False
678,Anonymized_gpt-3.5-turbo,CQ,5,True
678,Anonymized_NER,PQ,1,False
678,Anonymized_gpt-3.5-turbo,CQ,10,False
678,Anonymized_gpt-3.5-turbo,PQ,9,False
678,Anonymized_gpt-3.5-turbo,CQ,6,False
678,Anonymized_gpt-3.5-turbo,PQ,5,False
678,Anonymized_NER,PQ,5,False
678,Anonymized_gpt-3.5-turbo,CQ,2,False
678,Anonymized_NER,CQ,1,False
678,Anonymized_NER,PQ,2,False
678,Anonymized_gpt-3.5-turbo,CQ,3,False
678,Anonymized_NER,PQ,7,True
678,Anonymized_gpt-3.5-turbo,PQ,3,True
678,Anonymized_NER,CQ,6,False
678,Anonymized_NER,CQ,7,False
678,Anonymized_gpt-3.5-turbo,PQ,10,False
678,Anonymized_gpt-3.5-turbo,CQ,7,False
678,Anonymized_NER,CQ,9,False
678,Anonymized_NER,CQ,10,False
678,Anonymized_NER,PQ,10,False
678,Anonymized_NER,PQ,8,False
678,Anonymized_gpt-3.5-turbo,CQ,1,False
678,Anonymized_DeepSeek-V4-Pro,CQ,1,False
678,Anonymized_NER,PQ,9,False
678,Anonymized_NER,CQ,5,True
678,Anonymized_NER,PQ,3,True
678,Anonymized_DeepSeek-V4-Pro,PQ,5,False
678,Anonymized_DeepSeek-V4-Pro,PQ,6,False
678,Anonymized_NER,CQ,2,False
678,Anonymized_DeepSeek-V4-Pro,PQ,7,False
678,Anonymized_NER,CQ,4,False
678,Anonymized_DeepSeek-V4-Pro,PQ,3,True
678,Anonymized_DeepSeek-V4-Pro,PQ,8,False
678,Anonymized_DeepSeek-V4-Pro,CQ,7,False
678,Anonymized_DeepSeek-V4-Pro,CQ,8,False
678,Anonymized_DeepSeek-V4-Pro,PQ,2,False
678,Anonymized_DeepSeek-V4-Pro,CQ,5,False
678,Anonymized_DeepSeek-V4-Pro,CQ,6,False
678,Anonymized_Llama-4-Maverick-17B-128E-Instruct-FP8,PQ,1,False
678,Anonymized_DeepSeek-V4-Pro,PQ,4,False
678,Anonymized_NER,PQ,6,False
678,Anonymized_Llama-4-Maverick-17B-128E-Instruct-FP8,CQ,1,False
678,Anonymized_Llama-4-Maverick-17B-128E-Instruct-FP8,PQ,2,False
678,Anonymized_NER,CQ,8,False
678,Anonymized_Llama-4-Maverick-17B-128E-Instruct-FP8,PQ,4,False
678,Anonymized_Llama-4-Maverick-17B-128E-Instruct-FP8,CQ,2,False
678,Anonymized_Llama-4-Maverick-17B-128E-Instruct-FP8,CQ,3,False
678,Anonymized_gpt-3.5-turbo,PQ,7,False
678,Anonymized_DeepSeek-V4-Pro,CQ,3,False
678,Anonymized_Llama-4-Maverick-17B-128E-Instruct-FP8,CQ,6,False
678,Anonymized_gpt-3.5-turbo,CQ,9,False
678,Anonymized_DeepSeek-V4-Pro,PQ,1,False
678,Anonymized_DeepSeek-V4-Pro,PQ,10,False
678,Anonymized_Llama-4-Maverick-17B-128E-Instruct-FP8,CQ,8,False
678,Anonymized_Llama-4-Maverick-17B-128E-Instruct-FP8,CQ,9,False
678,Anonymized_Llama-4-Maverick-17B-128E-Instruct-FP8,CQ,4,False
678,Anonymized_DeepSeek-V4-Pro,PQ,9,False
678,Anonymized_Llama-4-Maverick_fewshot,PQ,1,False
678,Anonymized_Llama-4-Maverick-17B-128E-Instruct-FP8,CQ,5,True
678,Anonymized_DeepSeek-V4-Pro,CQ,10,False
678,Anonymized_DeepSeek-V4-Pro,CQ,9,False
678,Anonymized_Llama-4-Maverick-17B-128E-Instruct-FP8,PQ,5,False
678,Anonymized_Llama-4-Maverick_fewshot,PQ,4,False
678,Anonymized_Llama-4-Maverick_fewshot,CQ,3,True
678,Anonymized_Llama-4-Maverick_fewshot,CQ,4,False
678,Anonymized_Llama-4-Maverick_fewshot,PQ,5,False
678,Anonymized_Llama-4-Maverick-17B-128E-Instruct-FP8,CQ,10,False
678,Anonymized_Llama-4-Maverick_fewshot,CQ,2,False
678,Anonymized_Llama-4-Maverick_fewshot,CQ,1,False
678,Anonymized_Llama-4-Maverick-17B-128E-Instruct-FP8,PQ,8,False
678,Anonymized_Llama-4-Maverick_fewshot,PQ,7,False
678,Anonymized_Llama-4-Maverick_fewshot,CQ,8,False
678,Anonymized_Llama-4-Maverick_fewshot,PQ,9,False
678,Anonymized_Llama-4-Maverick_fewshot,CQ,7,False
678,Anonymized_Llama-4-Maverick-17B-128E-Instruct-FP8,PQ,7,False
678,Anonymized_Llama-4-Maverick_fewshot,PQ,6,False
678,Anonymized_Llama-4-Maverick_fewshot,PQ,3,False
678,Anonymized_Llama-4-Maverick_synthetic,PQ,1,False
678,Anonymized_Llama-4-Maverick_fewshot,PQ,2,False
678,Anonymized_Llama-4-Maverick_synthetic,PQ,2,False
678,Anonymized_Llama-4-Maverick_fewshot,PQ,8,False
678,Anonymized_Llama-4-Maverick_synthetic,PQ,3,True
678,Anonymized_Llama-4-Maverick_synthetic,CQ,2,False
678,Anonymized_Llama-4-Maverick_synthetic,PQ,4,False
678,Anonymized_Llama-4-Maverick_fewshot,CQ,9,False
678,Anonymized_Llama-4-Maverick-17B-128E-Instruct-FP8,PQ,3,False
678,Anonymized_gpt-3.5-turbo,PQ,6,False
678,Anonymized_Llama-4-Maverick-17B-128E-Instruct-FP8,PQ,9,False
678,Anonymized_Llama-4-Maverick_synthetic,PQ,7,False
678,Anonymized_Llama-4-Maverick_fewshot,CQ,10,False
678,Anonymized_Llama-4-Maverick-17B-128E-Instruct-FP8,PQ,6,False
678,Anonymized_Llama-4-Maverick_synthetic,CQ,5,True
678,Anonymized_NER,CQ,3,False
678,Anonymized_Llama-4-Maverick_synthetic,PQ,6,False
678,Anonymized_NER,PQ,4,False
678,Anonymized_gpt-3.5-turbo,CQ,4,False
678,Anonymized_Llama-4-Maverick_fewshot,PQ,10,False
678,Anonymized_Llama-4-Maverick_synthetic,PQ,9,False
678,Anonymized_Llama-4-Maverick-17B-128E-Instruct-FP8,CQ,7,False
678,Anonymized_Llama-4-Maverick_fewshot,CQ,6,False
678,Anonymized_Llama-4-Maverick_synthetic,PQ,8,False
678,Anonymized_Llama-4-Maverick-17B-128E-Instruct-FP8,PQ,10,False
678,Anonymized_Llama-4-Maverick_synthetic,CQ,9,False
678,Anonymized_Llama-4-Maverick_synthetic,CQ,10,False
678,Anonymized_Llama-4-Maverick_synthetic,PQ,10,False
678,Anonymized_Llama-4-Maverick_synthetic,CQ,7,False
678,Anonymized_Llama-4-Maverick_synthetic,CQ,3,False
678,Anonymized_Llama-4-Maverick_synthetic,PQ,5,False
678,Anonymized_Llama-4-Maverick_synthetic,CQ,4,False
683,Anonymized_gpt-3.5-turbo,PQ,1,False
678,Anonymized_DeepSeek-V4-Pro,CQ,2,False
678,Anonymized_Llama-4-Maverick_fewshot,CQ,5,True
678,Anonymized_Llama-4-Maverick_synthetic,CQ,6,False
678,Anonymized_Llama-4-Maverick_synthetic,CQ,1,False
683,Anonymized_gpt-3.5-turbo,PQ,2,False
683,Anonymized_gpt-3.5-turbo,PQ,3,False
683,Anonymized_gpt-3.5-turbo,PQ,7,False
683,Anonymized_gpt-3.5-turbo,CQ,3,False
683,Anonymized_gpt-3.5-turbo,CQ,7,False
683,Anonymized_gpt-3.5-turbo,CQ,4,False
683,Anonymized_gpt-3.5-turbo,PQ,6,False
683,Anonymized_gpt-3.5-turbo,PQ,5,False
683,Anonymized_gpt-3.5-turbo,CQ,10,False
683,Anonymized_NER,PQ,2,False
683,Anonymized_NER,CQ,1,False
683,Anonymized_NER,PQ,3,False
683,Anonymized_gpt-3.5-turbo,CQ,9,True
683,Anonymized_NER,PQ,4,False
683,Anonymized_gpt-3.5-turbo,CQ,1,False
683,Anonymized_gpt-3.5-turbo,PQ,10,False
683,Anonymized_NER,CQ,4,False
683,Anonymized_NER,PQ,7,False
683,Anonymized_NER,CQ,5,False
683,Anonymized_NER,CQ,2,False
683,Anonymized_NER,CQ,7,False
683,Anonymized_NER,CQ,8,False
683,Anonymized_NER,CQ,9,False
683,Anonymized_NER,PQ,10,False
683,Anonymized_DeepSeek-V4-Pro,PQ,1,False
683,Anonymized_gpt-3.5-turbo,CQ,8,False
683,Anonymized_DeepSeek-V4-Pro,PQ,2,False
683,Anonymized_NER,PQ,8,True
683,Anonymized_NER,CQ,3,False
683,Anonymized_DeepSeek-V4-Pro,PQ,3,False
683,Anonymized_NER,PQ,5,False
683,Anonymized_NER,CQ,10,False
683,Anonymized_DeepSeek-V4-Pro,CQ,3,False
683,Anonymized_DeepSeek-V4-Pro,CQ,1,False
683,Anonymized_DeepSeek-V4-Pro,CQ,5,False
683,Anonymized_gpt-3.5-turbo,CQ,2,False
683,Anonymized_gpt-3.5-turbo,CQ,5,False
683,Anonymized_DeepSeek-V4-Pro,PQ,4,False
683,Anonymized_NER,CQ,6,False
678,Anonymized_DeepSeek-V4-Pro,CQ,4,False
678,Anonymized_Llama-4-Maverick_synthetic,CQ,8,False
683,Anonymized_DeepSeek-V4-Pro,PQ,9,False
683,Anonymized_DeepSeek-V4-Pro,CQ,6,False
683,Anonymized_gpt-3.5-turbo,CQ,6,True
683,Anonymized_NER,PQ,1,False
683,Anonymized_gpt-3.5-turbo,PQ,8,True
683,Anonymized_Llama-4-Maverick-17B-128E-Instruct-FP8,PQ,1,False
683,Anonymized_DeepSeek-V4-Pro,CQ,8,False
683,Anonymized_DeepSeek-V4-Pro,CQ,10,False
683,Anonymized_Llama-4-Maverick-17B-128E-Instruct-FP8,PQ,2,False
683,Anonymized_gpt-3.5-turbo,PQ,9,False
683,Anonymized_NER,PQ,6,True
683,Anonymized_DeepSeek-V4-Pro,CQ,4,False
683,Anonymized_NER,PQ,9,False
683,Anonymized_DeepSeek-V4-Pro,CQ,7,False
683,Anonymized_Llama-4-Maverick-17B-128E-Instruct-FP8,CQ,3,False
683,Anonymized_Llama-4-Maverick-17B-128E-Instruct-FP8,CQ,4,False
683,Anonymized_Llama-4-Maverick-17B-128E-Instruct-FP8,PQ,5,False
683,Anonymized_DeepSeek-V4-Pro,CQ,2,False
683,Anonymized_Llama-4-Maverick-17B-128E-Instruct-FP8,CQ,1,False
683,Anonymized_DeepSeek-V4-Pro,PQ,10,False
683,Anonymized_Llama-4-Maverick-17B-128E-Instruct-FP8,PQ,9,False
683,Anonymized_Llama-4-Maverick-17B-128E-Instruct-FP8,CQ,2,False
683,Anonymized_gpt-3.5-turbo,PQ,4,False
683,Anonymized_Llama-4-Maverick-17B-128E-Instruct-FP8,CQ,8,False
683,Anonymized_Llama-4-Maverick-17B-128E-Instruct-FP8,CQ,5,False
683,Anonymized_Llama-4-Maverick_fewshot,PQ,1,False
683,Anonymized_Llama-4-Maverick-17B-128E-Instruct-FP8,CQ,10,False
683,Anonymized_Llama-4-Maverick_fewshot,PQ,4,False
683,Anonymized_Llama-4-Maverick_fewshot,CQ,3,False
683,Anonymized_Llama-4-Maverick-17B-128E-Instruct-FP8,PQ,3,False
683,Anonymized_Llama-4-Maverick_fewshot,CQ,4,False
683,Anonymized_Llama-4-Maverick-17B-128E-Instruct-FP8,PQ,7,False
683,Anonymized_DeepSeek-V4-Pro,PQ,8,True
683,Anonymized_Llama-4-Maverick_fewshot,PQ,7,False
683,Anonymized_Llama-4-Maverick_fewshot,CQ,2,False
683,Anonymized_DeepSeek-V4-Pro,CQ,9,True
683,Anonymized_Llama-4-Maverick_fewshot,PQ,8,True
683,Anonymized_Llama-4-Maverick_fewshot,CQ,5,False
683,Anonymized_Llama-4-Maverick-17B-128E-Instruct-FP8,CQ,6,False
683,Anonymized_Llama-4-Maverick-17B-128E-Instruct-FP8,PQ,10,False
683,Anonymized_Llama-4-Maverick_fewshot,PQ,2,False
683,Anonymized_Llama-4-Maverick_fewshot,CQ,9,True
683,Anonymized_Llama-4-Maverick_fewshot,CQ,6,False
683,Anonymized_Llama-4-Maverick_synthetic,PQ,2,False
683,Anonymized_Llama-4-Maverick_fewshot,CQ,1,False
683,Anonymized_Llama-4-Maverick_synthetic,PQ,3,False
683,Anonymized_Llama-4-Maverick_fewshot,PQ,5,False
683,Anonymized_Llama-4-Maverick_synthetic,CQ,2,False
683,Anonymized_Llama-4-Maverick_fewshot,PQ,6,False
683,Anonymized_DeepSeek-V4-Pro,PQ,6,True
683,Anonymized_Llama-4-Maverick_synthetic,CQ,4,False
683,Anonymized_Llama-4-Maverick_synthetic,PQ,6,True
683,Anonymized_Llama-4-Maverick_synthetic,CQ,1,False
683,Anonymized_Llama-4-Maverick-17B-128E-Instruct-FP8,PQ,6,False
683,Anonymized_Llama-4-Maverick_fewshot,CQ,8,False
683,Anonymized_Llama-4-Maverick_synthetic,CQ,6,False
683,Anonymized_Llama-4-Maverick_synthetic,PQ,4,False
683,Anonymized_Llama-4-Maverick_synthetic,PQ,5,False
683,Anonymized_Llama-4-Maverick-17B-128E-Instruct-FP8,PQ,8,False
683,Anonymized_Llama-4-Maverick_fewshot,CQ,7,False
683,Anonymized_Llama-4-Maverick_synthetic,PQ,10,False
683,Anonymized_Llama-4-Maverick_synthetic,PQ,7,False
683,Anonymized_Llama-4-Maverick_synthetic,CQ,10,False
683,Anonymized_Llama-4-Maverick-17B-128E-Instruct-FP8,CQ,7,False
683,Anonymized_Llama-4-Maverick_synthetic,PQ,8,True
683,Anonymized_Llama-4-Maverick-17B-128E-Instruct-FP8,CQ,9,True
683,Anonymized_Llama-4-Maverick_synthetic,CQ,3,False
683,Anonymized_DeepSeek-V4-Pro,PQ,7,False
683,Anonymized_Llama-4-Maverick_fewshot,PQ,9,False
683,Anonymized_Llama-4-Maverick_synthetic,CQ,8,False
683,Anonymized_Llama-4-Maverick_fewshot,PQ,10,False
683,Anonymized_DeepSeek-V4-Pro,PQ,5,False
683,Anonymized_Llama-4-Maverick_synthetic,CQ,7,False
683,Anonymized_Llama-4-Maverick_synthetic,PQ,9,False
683,Anonymized_Llama-4-Maverick_synthetic,PQ,1,False
683,Anonymized_Llama-4-Maverick-17B-128E-Instruct-FP8,PQ,4,False
683,Anonymized_Llama-4-Maverick_fewshot,PQ,3,False
683,Anonymized_Llama-4-Maverick_synthetic,CQ,9,True
683,Anonymized_Llama-4-Maverick_synthetic,CQ,5,False
685,Anonymized_gpt-3.5-turbo,CQ,1,False
685,Anonymized_gpt-3.5-turbo,CQ,4,False
685,Anonymized_gpt-3.5-turbo,CQ,3,False
685,Anonymized_gpt-3.5-turbo,CQ,7,True
685,Anonymized_gpt-3.5-turbo,PQ,9,False
685,Anonymized_gpt-3.5-turbo,CQ,6,False
685,Anonymized_gpt-3.5-turbo,PQ,10,False
685,Anonymized_gpt-3.5-turbo,PQ,8,True
685,Anonymized_NER,PQ,1,False
685,Anonymized_gpt-3.5-turbo,CQ,2,False
685,Anonymized_NER,CQ,1,False
685,Anonymized_NER,CQ,3,False
685,Anonymized_gpt-3.5-turbo,CQ,9,False
685,Anonymized_NER,CQ,4,False
685,Anonymized_NER,CQ,2,False
685,Anonymized_gpt-3.5-turbo,CQ,10,False
685,Anonymized_gpt-3.5-turbo,PQ,4,False
685,Anonymized_NER,PQ,3,True
685,Anonymized_NER,PQ,6,False
685,Anonymized_NER,PQ,7,False
685,Anonymized_NER,PQ,8,True
685,Anonymized_gpt-3.5-turbo,CQ,5,False
685,Anonymized_NER,PQ,5,False
685,Anonymized_DeepSeek-V4-Pro,PQ,1,False
685,Anonymized_NER,PQ,4,False
685,Anonymized_NER,CQ,10,False
685,Anonymized_NER,CQ,7,True
685,Anonymized_gpt-3.5-turbo,PQ,1,False
685,Anonymized_DeepSeek-V4-Pro,PQ,3,False
685,Anonymized_DeepSeek-V4-Pro,PQ,2,False
685,Anonymized_DeepSeek-V4-Pro,PQ,5,False
685,Anonymized_DeepSeek-V4-Pro,CQ,4,False
685,Anonymized_NER,CQ,5,False
685,Anonymized_DeepSeek-V4-Pro,CQ,5,False
685,Anonymized_DeepSeek-V4-Pro,CQ,1,False
685,Anonymized_DeepSeek-V4-Pro,CQ,2,False
685,Anonymized_NER,CQ,8,False
685,Anonymized_gpt-3.5-turbo,PQ,6,False
685,Anonymized_NER,PQ,10,False
685,Anonymized_NER,PQ,2,True
685,Anonymized_DeepSeek-V4-Pro,PQ,8,True
683,Anonymized_Llama-4-Maverick_fewshot,CQ,10,False
685,Anonymized_gpt-3.5-turbo,PQ,2,False
685,Anonymized_DeepSeek-V4-Pro,PQ,4,False
685,Anonymized_NER,CQ,6,False
685,Anonymized_gpt-3.5-turbo,PQ,5,False
685,Anonymized_DeepSeek-V4-Pro,PQ,9,False
685,Anonymized_gpt-3.5-turbo,PQ,3,False
685,Anonymized_DeepSeek-V4-Pro,PQ,6,False
685,Anonymized_DeepSeek-V4-Pro,CQ,10,False
685,Anonymized_DeepSeek-V4-Pro,PQ,7,False
685,Anonymized_DeepSeek-V4-Pro,CQ,9,False
685,Anonymized_Llama-4-Maverick-17B-128E-Instruct-FP8,PQ,1,False
685,Anonymized_gpt-3.5-turbo,CQ,8,False
685,Anonymized_Llama-4-Maverick-17B-128E-Instruct-FP8,PQ,2,False
685,Anonymized_DeepSeek-V4-Pro,PQ,10,False
685,Anonymized_Llama-4-Maverick-17B-128E-Instruct-FP8,PQ,4,False
685,Anonymized_DeepSeek-V4-Pro,CQ,3,False
685,Anonymized_NER,CQ,9,False
685,Anonymized_Llama-4-Maverick-17B-128E-Instruct-FP8,PQ,6,False
685,Anonymized_Llama-4-Maverick-17B-128E-Instruct-FP8,PQ,7,False
685,Anonymized_gpt-3.5-turbo,PQ,7,False
685,Anonymized_Llama-4-Maverick_fewshot,PQ,1,False
685,Anonymized_Llama-4-Maverick-17B-128E-Instruct-FP8,PQ,5,False
685,Anonymized_Llama-4-Maverick-17B-128E-Instruct-FP8,CQ,5,False
685,Anonymized_Llama-4-Maverick_fewshot,PQ,2,False
685,Anonymized_Llama-4-Maverick-17B-128E-Instruct-FP8,CQ,8,False
685,Anonymized_Llama-4-Maverick_fewshot,CQ,1,False
685,Anonymized_Llama-4-Maverick-17B-128E-Instruct-FP8,PQ,9,False
685,Anonymized_Llama-4-Maverick_fewshot,PQ,3,False
685,Anonymized_Llama-4-Maverick-17B-128E-Instruct-FP8,CQ,4,False
685,Anonymized_Llama-4-Maverick-17B-128E-Instruct-FP8,CQ,6,False
685,Anonymized_Llama-4-Maverick_fewshot,CQ,4,False
685,Anonymized_Llama-4-Maverick_fewshot,CQ,5,False
685,Anonymized_Llama-4-Maverick_fewshot,PQ,6,False
685,Anonymized_Llama-4-Maverick_fewshot,PQ,7,False
685,Anonymized_Llama-4-Maverick_fewshot,CQ,7,True
685,Anonymized_Llama-4-Maverick_fewshot,PQ,8,True
685,Anonymized_DeepSeek-V4-Pro,CQ,7,True
685,Anonymized_Llama-4-Maverick-17B-128E-Instruct-FP8,CQ,10,False
685,Anonymized_Llama-4-Maverick_synthetic,PQ,1,False
685,Anonymized_Llama-4-Maverick_fewshot,PQ,5,False
685,Anonymized_Llama-4-Maverick_fewshot,PQ,10,False
685,Anonymized_Llama-4-Maverick_fewshot,CQ,10,True
685,Anonymized_Llama-4-Maverick-17B-128E-Instruct-FP8,CQ,3,False
685,Anonymized_Llama-4-Maverick-17B-128E-Instruct-FP8,CQ,9,False
685,Anonymized_Llama-4-Maverick_synthetic,CQ,2,False
685,Anonymized_Llama-4-Maverick_synthetic,PQ,3,False
685,Anonymized_Llama-4-Maverick_synthetic,PQ,4,False
685,Anonymized_Llama-4-Maverick_fewshot,CQ,9,False
685,Anonymized_Llama-4-Maverick_synthetic,CQ,3,False
685,Anonymized_NER,PQ,9,False
685,Anonymized_Llama-4-Maverick_synthetic,CQ,4,False
685,Anonymized_Llama-4-Maverick_fewshot,PQ,4,False
685,Anonymized_Llama-4-Maverick_synthetic,CQ,7,True
685,Anonymized_Llama-4-Maverick_synthetic,CQ,6,False
685,Anonymized_Llama-4-Maverick_synthetic,PQ,7,False
685,Anonymized_Llama-4-Maverick_synthetic,PQ,8,True
685,Anonymized_Llama-4-Maverick-17B-128E-Instruct-FP8,CQ,7,True
685,Anonymized_Llama-4-Maverick-17B-128E-Instruct-FP8,PQ,8,True
685,Anonymized_Llama-4-Maverick_synthetic,PQ,10,False
685,Anonymized_Llama-4-Maverick-17B-128E-Instruct-FP8,CQ,2,False
685,Anonymized_Llama-4-Maverick-17B-128E-Instruct-FP8,CQ,1,False
685,Anonymized_Llama-4-Maverick_synthetic,PQ,6,False
685,Anonymized_Llama-4-Maverick_fewshot,PQ,9,False
685,Anonymized_Llama-4-Maverick_fewshot,CQ,8,False
685,Anonymized_Llama-4-Maverick_synthetic,PQ,9,False
685,Anonymized_Llama-4-Maverick-17B-128E-Instruct-FP8,PQ,10,False
685,Anonymized_DeepSeek-V4-Pro,CQ,6,False
685,Anonymized_Llama-4-Maverick_synthetic,CQ,5,False
685,Anonymized_Llama-4-Maverick_synthetic,CQ,8,False
685,Anonymized_Llama-4-Maverick_synthetic,PQ,5,True
685,Anonymized_Llama-4-Maverick_synthetic,PQ,2,False
685,Anonymized_Llama-4-Maverick_synthetic,CQ,10,False
685,Anonymized_Llama-4-Maverick_synthetic,CQ,1,False
685,Anonymized_Llama-4-Maverick_fewshot,CQ,6,False
685,Anonymized_Llama-4-Maverick-17B-128E-Instruct-FP8,PQ,3,False
685,Anonymized_Llama-4-Maverick_synthetic,CQ,9,False
689,Anonymized_gpt-3.5-turbo,PQ,1,False
689,Anonymized_gpt-3.5-turbo,PQ,3,False
685,Anonymized_Llama-4-Maverick_fewshot,CQ,3,False
685,Anonymized_DeepSeek-V4-Pro,CQ,8,False
689,Anonymized_gpt-3.5-turbo,PQ,5,False
689,Anonymized_gpt-3.5-turbo,PQ,6,False
689,Anonymized_gpt-3.5-turbo,PQ,7,False
685,Anonymized_Llama-4-Maverick_fewshot,CQ,2,False
689,Anonymized_gpt-3.5-turbo,CQ,5,False
689,Anonymized_gpt-3.5-turbo,PQ,9,False
689,Anonymized_gpt-3.5-turbo,CQ,6,False
689,Anonymized_gpt-3.5-turbo,PQ,2,False
689,Anonymized_gpt-3.5-turbo,CQ,4,False
689,Anonymized_gpt-3.5-turbo,CQ,10,False
689,Anonymized_gpt-3.5-turbo,CQ,9,True
689,Anonymized_gpt-3.5-turbo,PQ,10,False
689,Anonymized_NER,PQ,5,False
689,Anonymized_NER,PQ,7,False
689,Anonymized_gpt-3.5-turbo,CQ,8,False
689,Anonymized_NER,CQ,5,False
689,Anonymized_NER,CQ,7,True
689,Anonymized_NER,PQ,4,False
689,Anonymized_NER,PQ,8,False
689,Anonymized_NER,PQ,1,False
689,Anonymized_NER,CQ,2,False
689,Anonymized_NER,PQ,3,False
689,Anonymized_NER,CQ,8,False
689,Anonymized_NER,CQ,4,False
689,Anonymized_NER,PQ,2,False
689,Anonymized_DeepSeek-V4-Pro,PQ,1,False
689,Anonymized_DeepSeek-V4-Pro,PQ,3,False
689,Anonymized_NER,PQ,9,False
689,Anonymized_DeepSeek-V4-Pro,CQ,3,False
689,Anonymized_NER,CQ,6,False
689,Anonymized_NER,CQ,10,False
689,Anonymized_DeepSeek-V4-Pro,CQ,5,False
689,Anonymized_DeepSeek-V4-Pro,CQ,6,False
689,Anonymized_NER,CQ,9,False
689,Anonymized_DeepSeek-V4-Pro,PQ,5,False
689,Anonymized_DeepSeek-V4-Pro,CQ,1,False
689,Anonymized_DeepSeek-V4-Pro,CQ,4,False
689,Anonymized_NER,PQ,6,False
689,Anonymized_DeepSeek-V4-Pro,PQ,6,False
689,Anonymized_DeepSeek-V4-Pro,PQ,2,False
689,Anonymized_DeepSeek-V4-Pro,PQ,10,False
689,Anonymized_DeepSeek-V4-Pro,CQ,9,True
689,Anonymized_DeepSeek-V4-Pro,PQ,4,False
689,Anonymized_gpt-3.5-turbo,PQ,4,False
689,Anonymized_DeepSeek-V4-Pro,CQ,7,True
689,Anonymized_gpt-3.5-turbo,CQ,3,False
689,Anonymized_gpt-3.5-turbo,CQ,2,False
689,Anonymized_DeepSeek-V4-Pro,PQ,8,False
689,Anonymized_DeepSeek-V4-Pro,PQ,9,False
689,Anonymized_Llama-4-Maverick-17B-128E-Instruct-FP8,PQ,4,False
689,Anonymized_Llama-4-Maverick-17B-128E-Instruct-FP8,CQ,1,False
689,Anonymized_DeepSeek-V4-Pro,PQ,7,False
689,Anonymized_NER,PQ,10,False
689,Anonymized_gpt-3.5-turbo,CQ,7,True
689,Anonymized_Llama-4-Maverick-17B-128E-Instruct-FP8,CQ,4,False
689,Anonymized_Llama-4-Maverick-17B-128E-Instruct-FP8,PQ,3,False
689,Anonymized_NER,CQ,3,False
689,Anonymized_Llama-4-Maverick-17B-128E-Instruct-FP8,PQ,6,False
689,Anonymized_NER,CQ,1,False
689,Anonymized_Llama-4-Maverick-17B-128E-Instruct-FP8,CQ,5,False
689,Anonymized_Llama-4-Maverick-17B-128E-Instruct-FP8,PQ,1,False
689,Anonymized_DeepSeek-V4-Pro,CQ,8,False
689,Anonymized_DeepSeek-V4-Pro,CQ,10,False
689,Anonymized_Llama-4-Maverick-17B-128E-Instruct-FP8,PQ,10,False
689,Anonymized_gpt-3.5-turbo,CQ,1,False
689,Anonymized_Llama-4-Maverick-17B-128E-Instruct-FP8,CQ,9,True
689,Anonymized_Llama-4-Maverick-17B-128E-Instruct-FP8,PQ,5,False
689,Anonymized_Llama-4-Maverick-17B-128E-Instruct-FP8,CQ,3,False
689,Anonymized_Llama-4-Maverick_fewshot,CQ,1,False
689,Anonymized_Llama-4-Maverick_fewshot,PQ,1,False
689,Anonymized_Llama-4-Maverick-17B-128E-Instruct-FP8,CQ,6,False
689,Anonymized_Llama-4-Maverick_fewshot,CQ,3,False
689,Anonymized_Llama-4-Maverick-17B-128E-Instruct-FP8,PQ,9,False
689,Anonymized_Llama-4-Maverick_fewshot,PQ,5,False
689,Anonymized_DeepSeek-V4-Pro,CQ,2,False
689,Anonymized_Llama-4-Maverick_fewshot,PQ,7,False
689,Anonymized_Llama-4-Maverick_fewshot,CQ,4,False
689,Anonymized_Llama-4-Maverick_fewshot,CQ,7,True
689,Anonymized_gpt-3.5-turbo,PQ,8,False
689,Anonymized_Llama-4-Maverick_fewshot,PQ,2,False
689,Anonymized_Llama-4-Maverick_fewshot,PQ,9,False
689,Anonymized_Llama-4-Maverick_fewshot,CQ,8,False
689,Anonymized_Llama-4-Maverick_synthetic,PQ,1,False
689,Anonymized_Llama-4-Maverick_fewshot,PQ,10,False
689,Anonymized_Llama-4-Maverick_synthetic,CQ,1,False
689,Anonymized_Llama-4-Maverick_fewshot,PQ,8,False
689,Anonymized_Llama-4-Maverick_synthetic,PQ,4,False
689,Anonymized_Llama-4-Maverick_synthetic,PQ,3,False
689,Anonymized_Llama-4-Maverick_synthetic,CQ,2,False
689,Anonymized_Llama-4-Maverick_fewshot,CQ,5,False
689,Anonymized_Llama-4-Maverick-17B-128E-Instruct-FP8,PQ,8,False
689,Anonymized_Llama-4-Maverick_fewshot,CQ,9,True
689,Anonymized_Llama-4-Maverick_synthetic,PQ,2,False
689,Anonymized_Llama-4-Maverick_synthetic,PQ,5,False
689,Anonymized_Llama-4-Maverick-17B-128E-Instruct-FP8,CQ,7,True
689,Anonymized_Llama-4-Maverick_synthetic,PQ,7,False
689,Anonymized_Llama-4-Maverick_synthetic,CQ,7,True
689,Anonymized_Llama-4-Maverick_synthetic,PQ,8,False
689,Anonymized_Llama-4-Maverick_synthetic,PQ,9,True
689,Anonymized_Llama-4-Maverick-17B-128E-Instruct-FP8,CQ,10,False
689,Anonymized_Llama-4-Maverick_synthetic,CQ,9,True
689,Anonymized_Llama-4-Maverick_fewshot,PQ,4,False
689,Anonymized_Llama-4-Maverick-17B-128E-Instruct-FP8,CQ,8,False
689,Anonymized_Llama-4-Maverick-17B-128E-Instruct-FP8,PQ,2,False
689,Anonymized_Llama-4-Maverick_synthetic,CQ,5,False
689,Anonymized_Llama-4-Maverick_synthetic,CQ,6,False
689,Anonymized_Llama-4-Maverick_synthetic,PQ,6,False
689,Anonymized_Llama-4-Maverick_fewshot,CQ,2,False
689,Anonymized_Llama-4-Maverick_synthetic,CQ,8,False
689,Anonymized_Llama-4-Maverick_synthetic,PQ,10,False
689,Anonymized_Llama-4-Maverick_fewshot,CQ,6,False
689,Anonymized_Llama-4-Maverick_fewshot,PQ,6,False
689,Anonymized_Llama-4-Maverick_fewshot,PQ,3,False
689,Anonymized_Llama-4-Maverick_synthetic,CQ,3,False
689,Anonymized_Llama-4-Maverick_synthetic,CQ,10,False
689,Anonymized_Llama-4-Maverick_synthetic,CQ,4,False
689,Anonymized_Llama-4-Maverick-17B-128E-Instruct-FP8,PQ,7,False
689,Anonymized_Llama-4-Maverick_fewshot,CQ,10,False
701,Anonymized_gpt-3.5-turbo,PQ,3,False
701,Anonymized_gpt-3.5-turbo,CQ,1,True
701,Anonymized_gpt-3.5-turbo,PQ,2,False
701,Anonymized_gpt-3.5-turbo,CQ,5,True
701,Anonymized_gpt-3.5-turbo,PQ,7,False
701,Anonymized_gpt-3.5-turbo,CQ,6,False
701,Anonymized_gpt-3.5-turbo,CQ,2,False
701,Anonymized_gpt-3.5-turbo,CQ,3,False
701,Anonymized_gpt-3.5-turbo,PQ,5,False
701,Anonymized_gpt-3.5-turbo,PQ,8,True
701,Anonymized_gpt-3.5-turbo,CQ,10,False
701,Anonymized_gpt-4o,CQ,1,True
701,Anonymized_gpt-4o,PQ,2,False
701,Anonymized_gpt-4o,PQ,4,False
701,Anonymized_gpt-3.5-turbo,CQ,7,False
701,Anonymized_gpt-4o,PQ,1,False
701,Anonymized_gpt-3.5-turbo,PQ,10,False
701,Anonymized_gpt-3.5-turbo,CQ,4,False
701,Anonymized_gpt-4o,CQ,4,False
701,Anonymized_gpt-3.5-turbo,CQ,8,False
701,Anonymized_gpt-4o,CQ,2,False
689,Anonymized_Llama-4-Maverick-17B-128E-Instruct-FP8,CQ,2,False
701,Anonymized_gpt-3.5-turbo,CQ,9,False
701,Anonymized_gpt-4o,PQ,9,True
701,Anonymized_gpt-4o,CQ,8,False
701,Anonymized_gpt-4o,CQ,7,False
701,Anonymized_gpt-4o,CQ,5,True
701,Anonymized_gpt-4o,PQ,6,False
701,Anonymized_gpt-3.5-turbo,PQ,1,False
701,Anonymized_gpt-4o,PQ,5,False
701,Anonymized_gpt-4o,CQ,10,False
701,Anonymized_gpt-3.5-turbo,PQ,9,True
701,Anonymized_NER,CQ,2,False
701,Anonymized_NER,PQ,4,False
701,Anonymized_gpt-4o,CQ,6,False
701,Anonymized_gpt-4o,PQ,10,False
701,Anonymized_NER,PQ,2,False
701,Anonymized_NER,PQ,7,False
701,Anonymized_gpt-4o,CQ,3,False
701,Anonymized_NER,PQ,3,False
701,Anonymized_NER,PQ,8,True
701,Anonymized_NER,CQ,5,True
701,Anonymized_gpt-3.5-turbo,PQ,4,False
701,Anonymized_gpt-3.5-turbo,PQ,6,False
701,Anonymized_NER,CQ,8,False
701,Anonymized_gpt-4o,PQ,8,True
701,Anonymized_gpt-4o,PQ,3,False
701,Anonymized_DeepSeek-V4-Pro,PQ,1,False
701,Anonymized_NER,CQ,4,False
701,Anonymized_DeepSeek-V4-Pro,PQ,2,False
701,Anonymized_DeepSeek-V4-Pro,PQ,5,False
701,Anonymized_NER,PQ,9,True
701,Anonymized_DeepSeek-V4-Pro,CQ,2,False
701,Anonymized_DeepSeek-V4-Pro,CQ,3,False
701,Anonymized_NER,PQ,10,False
701,Anonymized_gpt-4o,PQ,7,False
701,Anonymized_NER,CQ,10,False
701,Anonymized_NER,PQ,5,False
701,Anonymized_DeepSeek-V4-Pro,CQ,4,False
701,Anonymized_DeepSeek-V4-Pro,PQ,7,False
701,Anonymized_DeepSeek-V4-Pro,PQ,4,False
701,Anonymized_gpt-4o,CQ,9,False
701,Anonymized_DeepSeek-V4-Pro,CQ,5,True
701,Anonymized_NER,CQ,6,False
701,Anonymized_DeepSeek-V4-Pro,CQ,8,False
701,Anonymized_DeepSeek-V4-Pro,PQ,10,False
701,Anonymized_DeepSeek-V4-Pro,PQ,6,False
701,Anonymized_DeepSeek-V4-Pro,CQ,9,False
701,Anonymized_Llama-4-Maverick-17B-128E-Instruct-FP8,PQ,2,False
701,Anonymized_DeepSeek-V4-Pro,CQ,10,False
701,Anonymized_Llama-4-Maverick-17B-128E-Instruct-FP8,CQ,1,True
701,Anonymized_NER,PQ,6,False
701,Anonymized_Llama-4-Maverick-17B-128E-Instruct-FP8,CQ,2,False
701,Anonymized_Llama-4-Maverick-17B-128E-Instruct-FP8,PQ,4,False
701,Anonymized_NER,CQ,7,False
701,Anonymized_DeepSeek-V4-Pro,CQ,1,True
701,Anonymized_Llama-4-Maverick-17B-128E-Instruct-FP8,PQ,1,False
701,Anonymized_Llama-4-Maverick-17B-128E-Instruct-FP8,PQ,6,False
701,Anonymized_NER,CQ,1,False
701,Anonymized_NER,PQ,1,False
701,Anonymized_DeepSeek-V4-Pro,CQ,6,False
701,Anonymized_NER,CQ,9,False
701,Anonymized_Llama-4-Maverick-17B-128E-Instruct-FP8,PQ,8,False
701,Anonymized_NER,CQ,3,False
701,Anonymized_Llama-4-Maverick-17B-128E-Instruct-FP8,CQ,7,False
701,Anonymized_DeepSeek-V4-Pro,CQ,7,False
701,Anonymized_Llama-4-Maverick-17B-128E-Instruct-FP8,PQ,7,False
701,Anonymized_Llama-4-Maverick-17B-128E-Instruct-FP8,PQ,5,False
701,Anonymized_DeepSeek-V4-Pro,PQ,8,True
701,Anonymized_Llama-4-Maverick-17B-128E-Instruct-FP8,CQ,3,False
701,Anonymized_DeepSeek-V4-Pro,PQ,3,False
701,Anonymized_Llama-4-Maverick-17B-128E-Instruct-FP8,CQ,8,False
701,Anonymized_Llama-4-Maverick_fewshot,CQ,1,False
701,Anonymized_Llama-4-Maverick_fewshot,PQ,5,False
701,Anonymized_Llama-4-Maverick_fewshot,PQ,4,False
701,Anonymized_Llama-4-Maverick_fewshot,PQ,1,False
701,Anonymized_DeepSeek-V4-Pro,PQ,9,True
701,Anonymized_Llama-4-Maverick_fewshot,CQ,3,False
701,Anonymized_Llama-4-Maverick-17B-128E-Instruct-FP8,CQ,9,False
701,Anonymized_Llama-4-Maverick_fewshot,PQ,7,False
701,Anonymized_Llama-4-Maverick_fewshot,PQ,8,True
701,Anonymized_Llama-4-Maverick_fewshot,PQ,9,False
701,Anonymized_Llama-4-Maverick_fewshot,PQ,3,False
701,Anonymized_Llama-4-Maverick_fewshot,PQ,10,False
701,Anonymized_Llama-4-Maverick-17B-128E-Instruct-FP8,PQ,3,False
701,Anonymized_Llama-4-Maverick-17B-128E-Instruct-FP8,CQ,4,False
701,Anonymized_Llama-4-Maverick_fewshot,CQ,2,False
701,Anonymized_Llama-4-Maverick_fewshot,CQ,7,False
701,Anonymized_Llama-4-Maverick_synthetic,CQ,1,True
701,Anonymized_Llama-4-Maverick_synthetic,PQ,2,False
701,Anonymized_Llama-4-Maverick_fewshot,CQ,10,False
701,Anonymized_Llama-4-Maverick_fewshot,PQ,6,False
701,Anonymized_Llama-4-Maverick_synthetic,PQ,5,False
701,Anonymized_Llama-4-Maverick-17B-128E-Instruct-FP8,PQ,9,False
701,Anonymized_Llama-4-Maverick-17B-128E-Instruct-FP8,CQ,10,False
701,Anonymized_Llama-4-Maverick-17B-128E-Instruct-FP8,CQ,6,False
701,Anonymized_Llama-4-Maverick_synthetic,PQ,6,False
701,Anonymized_Llama-4-Maverick_fewshot,CQ,5,True
701,Anonymized_Llama-4-Maverick_fewshot,CQ,6,False
701,Anonymized_Llama-4-Maverick-17B-128E-Instruct-FP8,PQ,10,False
701,Anonymized_Llama-4-Maverick_synthetic,PQ,7,False
701,Anonymized_Llama-4-Maverick_synthetic,PQ,8,True
701,Anonymized_Llama-4-Maverick_fewshot,CQ,8,False
701,Anonymized_Llama-4-Maverick_synthetic,CQ,5,True
701,Anonymized_Llama-4-Maverick_synthetic,CQ,8,False
701,Anonymized_Llama-4-Maverick_fewshot,CQ,9,False
701,Anonymized_Llama-4-Maverick_synthetic,CQ,6,False
701,Anonymized_Llama-4-Maverick_synthetic,PQ,1,False
701,Anonymized_Llama-4-Maverick_synthetic,CQ,9,False
701,Anonymized_Llama-4-Maverick_synthetic,CQ,7,False
701,Anonymized_Llama-4-Maverick_fewshot,CQ,4,False
701,Anonymized_Llama-4-Maverick_synthetic,PQ,10,False
701,Anonymized_Llama-4-Maverick_fewshot,PQ,2,False
701,Anonymized_Llama-4-Maverick_synthetic,CQ,4,False
701,Anonymized_Llama-4-Maverick_synthetic,PQ,4,False
701,Anonymized_Llama-4-Maverick_synthetic,PQ,3,False
701,Anonymized_Llama-4-Maverick_synthetic,CQ,2,False
701,Anonymized_Llama-4-Maverick_synthetic,CQ,10,False
733,Anonymized_gpt-3.5-turbo,PQ,1,False
701,Anonymized_Llama-4-Maverick-17B-128E-Instruct-FP8,CQ,5,True
701,Anonymized_Llama-4-Maverick_synthetic,PQ,9,True
733,Anonymized_gpt-3.5-turbo,PQ,3,False
733,Anonymized_gpt-3.5-turbo,PQ,6,False
733,Anonymized_gpt-3.5-turbo,CQ,2,True
701,Anonymized_Llama-4-Maverick_synthetic,CQ,3,False
733,Anonymized_gpt-3.5-turbo,PQ,7,False
733,Anonymized_gpt-3.5-turbo,PQ,8,False
733,Anonymized_gpt-3.5-turbo,CQ,7,False
733,Anonymized_gpt-3.5-turbo,CQ,3,False
733,Anonymized_gpt-3.5-turbo,PQ,10,False
733,Anonymized_gpt-3.5-turbo,PQ,2,False
733,Anonymized_gpt-4o,CQ,1,False
733,Anonymized_gpt-3.5-turbo,CQ,9,False
733,Anonymized_gpt-3.5-turbo,PQ,4,False
733,Anonymized_gpt-3.5-turbo,PQ,5,False
733,Anonymized_gpt-3.5-turbo,CQ,10,False
733,Anonymized_gpt-4o,PQ,4,False
733,Anonymized_gpt-3.5-turbo,CQ,8,False
733,Anonymized_gpt-3.5-turbo,CQ,6,False
733,Anonymized_gpt-4o,PQ,6,True
733,Anonymized_gpt-4o,PQ,2,False
733,Anonymized_gpt-3.5-turbo,CQ,1,False
733,Anonymized_gpt-4o,CQ,5,False
733,Anonymized_gpt-4o,CQ,4,False
733,Anonymized_gpt-4o,PQ,1,False
733,Anonymized_gpt-3.5-turbo,CQ,4,False
733,Anonymized_gpt-4o,CQ,3,False
733,Anonymized_gpt-4o,PQ,10,False
733,Anonymized_gpt-4o,CQ,8,False
733,Anonymized_gpt-4o,CQ,7,False
733,Anonymized_NER,PQ,1,False
733,Anonymized_NER,CQ,1,False
733,Anonymized_gpt-4o,PQ,9,False
733,Anonymized_gpt-4o,CQ,9,False
733,Anonymized_gpt-4o,PQ,8,True
733,Anonymized_gpt-3.5-turbo,PQ,9,False
733,Anonymized_NER,PQ,2,True
733,Anonymized_gpt-4o,PQ,3,False
733,Anonymized_NER,PQ,7,False
733,Anonymized_NER,PQ,4,False
733,Anonymized_NER,PQ,6,True
733,Anonymized_NER,CQ,3,False
733,Anonymized_gpt-4o,CQ,6,False
733,Anonymized_gpt-4o,PQ,7,False
733,Anonymized_NER,CQ,7,False
733,Anonymized_DeepSeek-V4-Pro,CQ,1,False
733,Anonymized_NER,PQ,9,False
733,Anonymized_NER,CQ,8,False
733,Anonymized_NER,PQ,8,True
733,Anonymized_NER,CQ,4,False
733,Anonymized_gpt-4o,CQ,2,False
733,Anonymized_DeepSeek-V4-Pro,PQ,3,False
733,Anonymized_DeepSeek-V4-Pro,PQ,1,False
733,Anonymized_gpt-4o,CQ,10,False
733,Anonymized_DeepSeek-V4-Pro,CQ,3,False
733,Anonymized_NER,CQ,5,False
733,Anonymized_DeepSeek-V4-Pro,PQ,2,False
733,Anonymized_NER,CQ,9,False
733,Anonymized_DeepSeek-V4-Pro,CQ,5,False
733,Anonymized_DeepSeek-V4-Pro,CQ,6,True
733,Anonymized_gpt-4o,PQ,5,False
733,Anonymized_NER,PQ,5,False
733,Anonymized_DeepSeek-V4-Pro,CQ,4,False
733,Anonymized_DeepSeek-V4-Pro,CQ,9,False
733,Anonymized_Llama-4-Maverick-17B-128E-Instruct-FP8,PQ,1,False
733,Anonymized_DeepSeek-V4-Pro,CQ,10,False
733,Anonymized_Llama-4-Maverick-17B-128E-Instruct-FP8,PQ,2,False
733,Anonymized_NER,PQ,10,False
733,Anonymized_Llama-4-Maverick-17B-128E-Instruct-FP8,PQ,4,False
733,Anonymized_Llama-4-Maverick-17B-128E-Instruct-FP8,CQ,2,False
733,Anonymized_Llama-4-Maverick-17B-128E-Instruct-FP8,PQ,6,False
733,Anonymized_DeepSeek-V4-Pro,CQ,2,False
733,Anonymized_Llama-4-Maverick-17B-128E-Instruct-FP8,CQ,1,False
733,Anonymized_Llama-4-Maverick-17B-128E-Instruct-FP8,PQ,5,False
733,Anonymized_Llama-4-Maverick-17B-128E-Instruct-FP8,CQ,5,False
733,Anonymized_NER,PQ,3,False
733,Anonymized_NER,CQ,6,False
733,Anonymized_NER,CQ,10,False
733,Anonymized_Llama-4-Maverick-17B-128E-Instruct-FP8,CQ,8,False
733,Anonymized_Llama-4-Maverick-17B-128E-Instruct-FP8,CQ,4,False
733,Anonymized_Llama-4-Maverick-17B-128E-Instruct-FP8,CQ,9,False
733,Anonymized_DeepSeek-V4-Pro,PQ,7,False
733,Anonymized_Llama-4-Maverick-17B-128E-Instruct-FP8,PQ,10,False
733,Anonymized_Llama-4-Maverick_fewshot,PQ,1,False
733,Anonymized_Llama-4-Maverick-17B-128E-Instruct-FP8,CQ,6,False
733,Anonymized_Llama-4-Maverick_fewshot,CQ,2,False
733,Anonymized_Llama-4-Maverick-17B-128E-Instruct-FP8,CQ,7,False
733,Anonymized_Llama-4-Maverick_fewshot,PQ,3,False
733,Anonymized_gpt-3.5-turbo,CQ,5,False
733,Anonymized_Llama-4-Maverick_fewshot,CQ,3,False
733,Anonymized_Llama-4-Maverick_fewshot,CQ,4,False
733,Anonymized_Llama-4-Maverick-17B-128E-Instruct-FP8,CQ,10,False
733,Anonymized_Llama-4-Maverick_fewshot,PQ,2,False
733,Anonymized_DeepSeek-V4-Pro,PQ,9,False
733,Anonymized_Llama-4-Maverick-17B-128E-Instruct-FP8,PQ,9,False
733,Anonymized_Llama-4-Maverick_fewshot,PQ,8,True
733,Anonymized_DeepSeek-V4-Pro,PQ,4,False
733,Anonymized_DeepSeek-V4-Pro,PQ,8,True
733,Anonymized_Llama-4-Maverick_fewshot,PQ,9,False
733,Anonymized_Llama-4-Maverick-17B-128E-Instruct-FP8,PQ,7,False
733,Anonymized_Llama-4-Maverick_fewshot,CQ,7,False
733,Anonymized_NER,CQ,2,True
733,Anonymized_Llama-4-Maverick_fewshot,CQ,8,False
733,Anonymized_DeepSeek-V4-Pro,CQ,7,False
733,Anonymized_Llama-4-Maverick_synthetic,PQ,1,False
733,Anonymized_Llama-4-Maverick_fewshot,PQ,10,False
733,Anonymized_Llama-4-Maverick-17B-128E-Instruct-FP8,PQ,8,False
733,Anonymized_Llama-4-Maverick_synthetic,PQ,2,False
733,Anonymized_DeepSeek-V4-Pro,PQ,10,False
733,Anonymized_Llama-4-Maverick-17B-128E-Instruct-FP8,PQ,3,False
733,Anonymized_Llama-4-Maverick_synthetic,PQ,3,False
733,Anonymized_Llama-4-Maverick-17B-128E-Instruct-FP8,CQ,3,False
733,Anonymized_DeepSeek-V4-Pro,PQ,5,False
733,Anonymized_DeepSeek-V4-Pro,PQ,6,True
733,Anonymized_Llama-4-Maverick_synthetic,CQ,3,False
733,Anonymized_Llama-4-Maverick_synthetic,CQ,2,False
733,Anonymized_Llama-4-Maverick_synthetic,CQ,1,False
733,Anonymized_Llama-4-Maverick_synthetic,CQ,5,False
733,Anonymized_Llama-4-Maverick_fewshot,CQ,10,False
733,Anonymized_DeepSeek-V4-Pro,CQ,8,False
733,Anonymized_Llama-4-Maverick_synthetic,PQ,7,False
733,Anonymized_Llama-4-Maverick_fewshot,PQ,6,False
733,Anonymized_Llama-4-Maverick_synthetic,PQ,8,True
733,Anonymized_Llama-4-Maverick_synthetic,PQ,9,False
733,Anonymized_Llama-4-Maverick_synthetic,PQ,5,False
733,Anonymized_Llama-4-Maverick_synthetic,PQ,4,False
733,Anonymized_Llama-4-Maverick_fewshot,PQ,4,False
733,Anonymized_Llama-4-Maverick_synthetic,CQ,10,False
733,Anonymized_Llama-4-Maverick_synthetic,CQ,4,False
733,Anonymized_Llama-4-Maverick_synthetic,PQ,10,False
733,Anonymized_Llama-4-Maverick_synthetic,CQ,9,False
733,Anonymized_Llama-4-Maverick_fewshot,CQ,6,True
733,Anonymized_Llama-4-Maverick_fewshot,CQ,9,False
733,Anonymized_Llama-4-Maverick_fewshot,CQ,5,False
733,Anonymized_Llama-4-Maverick_fewshot,PQ,7,False
779,Anonymized_gpt-3.5-turbo,CQ,1,False
779,Anonymized_gpt-3.5-turbo,PQ,3,False
733,Anonymized_Llama-4-Maverick_synthetic,CQ,8,False
733,Anonymized_Llama-4-Maverick_synthetic,CQ,6,False
779,Anonymized_gpt-3.5-turbo,CQ,7,True
779,Anonymized_gpt-3.5-turbo,CQ,4,False
779,Anonymized_gpt-3.5-turbo,CQ,5,False
779,Anonymized_gpt-3.5-turbo,PQ,7,False
779,Anonymized_gpt-3.5-turbo,PQ,8,False
779,Anonymized_gpt-3.5-turbo,PQ,4,False
779,Anonymized_gpt-3.5-turbo,CQ,8,False
779,Anonymized_gpt-4o,PQ,1,False
779,Anonymized_gpt-3.5-turbo,PQ,1,False
779,Anonymized_gpt-3.5-turbo,PQ,6,False
779,Anonymized_gpt-3.5-turbo,CQ,10,False
779,Anonymized_gpt-4o,CQ,3,False
779,Anonymized_gpt-4o,CQ,1,False
779,Anonymized_gpt-3.5-turbo,PQ,5,False
779,Anonymized_gpt-3.5-turbo,CQ,9,False
779,Anonymized_gpt-4o,CQ,5,False
779,Anonymized_gpt-4o,PQ,6,False
779,Anonymized_gpt-4o,PQ,2,False
779,Anonymized_gpt-4o,CQ,4,False
779,Anonymized_gpt-3.5-turbo,PQ,9,False
779,Anonymized_gpt-4o,CQ,7,True
779,Anonymized_gpt-4o,CQ,6,False
779,Anonymized_gpt-4o,PQ,4,False
779,Anonymized_gpt-4o,PQ,5,False
779,Anonymized_gpt-4o,PQ,10,False
779,Anonymized_gpt-4o,PQ,3,False
779,Anonymized_gpt-4o,CQ,9,False
779,Anonymized_gpt-4o,PQ,9,False
779,Anonymized_gpt-4o,CQ,10,False
779,Anonymized_NER,CQ,1,False
779,Anonymized_NER,CQ,3,False
779,Anonymized_gpt-3.5-turbo,CQ,3,False
779,Anonymized_NER,PQ,1,False
733,Anonymized_Llama-4-Maverick_fewshot,CQ,1,False
779,Anonymized_gpt-4o,CQ,2,False
733,Anonymized_Llama-4-Maverick_synthetic,PQ,6,True
733,Anonymized_Llama-4-Maverick_synthetic,CQ,7,False
779,Anonymized_NER,CQ,4,False
733,Anonymized_Llama-4-Maverick_fewshot,PQ,5,False
779,Anonymized_NER,PQ,2,False
779,Anonymized_NER,PQ,3,False
779,Anonymized_NER,PQ,5,False
779,Anonymized_gpt-3.5-turbo,CQ,6,False
779,Anonymized_gpt-4o,PQ,8,False
779,Anonymized_NER,CQ,9,False
779,Anonymized_DeepSeek-V4-Pro,CQ,1,False
779,Anonymized_gpt-4o,CQ,8,False
779,Anonymized_DeepSeek-V4-Pro,PQ,3,False
779,Anonymized_NER,CQ,7,True
779,Anonymized_NER,CQ,10,False
779,Anonymized_NER,PQ,9,False
779,Anonymized_DeepSeek-V4-Pro,PQ,4,False
779,Anonymized_DeepSeek-V4-Pro,CQ,2,False
779,Anonymized_DeepSeek-V4-Pro,PQ,2,False
779,Anonymized_DeepSeek-V4-Pro,PQ,7,False
779,Anonymized_DeepSeek-V4-Pro,CQ,5,False
779,Anonymized_DeepSeek-V4-Pro,CQ,7,True
779,Anonymized_DeepSeek-V4-Pro,PQ,8,False
779,Anonymized_DeepSeek-V4-Pro,CQ,3,False
779,Anonymized_DeepSeek-V4-Pro,PQ,1,False
779,Anonymized_gpt-3.5-turbo,PQ,2,False
779,Anonymized_NER,CQ,6,False
779,Anonymized_DeepSeek-V4-Pro,PQ,6,False
779,Anonymized_Llama-4-Maverick-17B-128E-Instruct-FP8,PQ,1,False
779,Anonymized_DeepSeek-V4-Pro,CQ,10,False
779,Anonymized_Llama-4-Maverick-17B-128E-Instruct-FP8,CQ,1,False
779,Anonymized_Llama-4-Maverick-17B-128E-Instruct-FP8,PQ,2,False
779,Anonymized_DeepSeek-V4-Pro,PQ,9,False
779,Anonymized_Llama-4-Maverick-17B-128E-Instruct-FP8,CQ,2,False
779,Anonymized_DeepSeek-V4-Pro,CQ,8,False
779,Anonymized_NER,PQ,8,False
779,Anonymized_Llama-4-Maverick-17B-128E-Instruct-FP8,PQ,5,False
779,Anonymized_Llama-4-Maverick-17B-128E-Instruct-FP8,CQ,4,False
779,Anonymized_Llama-4-Maverick-17B-128E-Instruct-FP8,PQ,6,False
779,Anonymized_Llama-4-Maverick-17B-128E-Instruct-FP8,CQ,5,False
779,Anonymized_Llama-4-Maverick-17B-128E-Instruct-FP8,PQ,3,False
779,Anonymized_gpt-3.5-turbo,CQ,2,False
779,Anonymized_DeepSeek-V4-Pro,CQ,4,False
779,Anonymized_Llama-4-Maverick-17B-128E-Instruct-FP8,PQ,7,False
779,Anonymized_Llama-4-Maverick-17B-128E-Instruct-FP8,PQ,9,False
779,Anonymized_gpt-3.5-turbo,PQ,10,False
779,Anonymized_Llama-4-Maverick-17B-128E-Instruct-FP8,PQ,8,False
779,Anonymized_gpt-4o,PQ,7,False
779,Anonymized_Llama-4-Maverick-17B-128E-Instruct-FP8,CQ,9,False
779,Anonymized_Llama-4-Maverick-17B-128E-Instruct-FP8,PQ,10,False
779,Anonymized_NER,CQ,8,False
779,Anonymized_NER,PQ,4,False
779,Anonymized_Llama-4-Maverick-17B-128E-Instruct-FP8,CQ,6,False
779,Anonymized_Llama-4-Maverick-17B-128E-Instruct-FP8,CQ,10,False
779,Anonymized_DeepSeek-V4-Pro,CQ,9,False
779,Anonymized_Llama-4-Maverick-17B-128E-Instruct-FP8,PQ,4,False
779,Anonymized_Llama-4-Maverick_fewshot,PQ,3,False
779,Anonymized_Llama-4-Maverick_fewshot,CQ,3,False
779,Anonymized_Llama-4-Maverick-17B-128E-Instruct-FP8,CQ,8,False
779,Anonymized_NER,PQ,7,False
779,Anonymized_Llama-4-Maverick_fewshot,PQ,1,False
779,Anonymized_NER,PQ,10,False
779,Anonymized_Llama-4-Maverick_fewshot,PQ,6,False
779,Anonymized_Llama-4-Maverick_fewshot,CQ,4,False
779,Anonymized_NER,CQ,5,False
779,Anonymized_Llama-4-Maverick_fewshot,CQ,1,False
779,Anonymized_Llama-4-Maverick_fewshot,CQ,7,True
779,Anonymized_NER,PQ,6,False
779,Anonymized_DeepSeek-V4-Pro,CQ,6,False
779,Anonymized_Llama-4-Maverick_fewshot,PQ,9,False
779,Anonymized_Llama-4-Maverick_fewshot,PQ,4,False
779,Anonymized_Llama-4-Maverick_synthetic,PQ,1,False
779,Anonymized_Llama-4-Maverick_fewshot,PQ,10,False
779,Anonymized_Llama-4-Maverick_fewshot,PQ,2,False
779,Anonymized_Llama-4-Maverick_synthetic,CQ,1,False
779,Anonymized_Llama-4-Maverick_fewshot,CQ,8,False
779,Anonymized_Llama-4-Maverick_synthetic,PQ,4,False
779,Anonymized_Llama-4-Maverick_fewshot,CQ,9,False
779,Anonymized_Llama-4-Maverick_synthetic,PQ,2,False
779,Anonymized_Llama-4-Maverick_synthetic,PQ,6,False
779,Anonymized_Llama-4-Maverick_synthetic,PQ,7,False
779,Anonymized_Llama-4-Maverick_fewshot,CQ,10,False
779,Anonymized_Llama-4-Maverick_synthetic,PQ,8,False
779,Anonymized_DeepSeek-V4-Pro,PQ,10,False
779,Anonymized_Llama-4-Maverick_synthetic,CQ,3,False
779,Anonymized_Llama-4-Maverick_synthetic,PQ,9,False
779,Anonymized_Llama-4-Maverick_fewshot,PQ,8,False
779,Anonymized_Llama-4-Maverick_synthetic,CQ,9,False
779,Anonymized_Llama-4-Maverick_synthetic,PQ,10,False
779,Anonymized_Llama-4-Maverick_synthetic,CQ,7,True
779,Anonymized_Llama-4-Maverick_synthetic,PQ,5,False
779,Anonymized_Llama-4-Maverick_fewshot,PQ,7,False
779,Anonymized_Llama-4-Maverick_fewshot,PQ,5,False
779,Anonymized_Llama-4-Maverick_synthetic,CQ,2,False
779,Anonymized_Llama-4-Maverick_synthetic,CQ,10,False
779,Anonymized_Llama-4-Maverick_synthetic,CQ,4,False
779,Anonymized_Llama-4-Maverick_synthetic,CQ,5,False
779,Anonymized_Llama-4-Maverick-17B-128E-Instruct-FP8,CQ,7,True
779,Anonymized_Llama-4-Maverick_fewshot,CQ,5,False
779,Anonymized_Llama-4-Maverick_synthetic,CQ,8,False
779,Anonymized_Llama-4-Maverick_fewshot,CQ,2,False
779,Anonymized_Llama-4-Maverick_synthetic,CQ,6,False
790,Anonymized_gpt-3.5-turbo,CQ,1,False
790,Anonymized_gpt-3.5-turbo,PQ,3,False
790,Anonymized_gpt-3.5-turbo,CQ,4,False
790,Anonymized_gpt-3.5-turbo,PQ,7,False
790,Anonymized_gpt-3.5-turbo,CQ,2,False
779,Anonymized_Llama-4-Maverick-17B-128E-Instruct-FP8,CQ,3,False
790,Anonymized_gpt-3.5-turbo,CQ,6,False
790,Anonymized_gpt-3.5-turbo,PQ,4,False
779,Anonymized_DeepSeek-V4-Pro,PQ,5,False
790,Anonymized_gpt-3.5-turbo,PQ,2,False
779,Anonymized_NER,CQ,2,False
779,Anonymized_Llama-4-Maverick_synthetic,PQ,3,False
790,Anonymized_gpt-4o,PQ,1,False
779,Anonymized_Llama-4-Maverick_fewshot,CQ,6,False
790,Anonymized_gpt-3.5-turbo,PQ,10,False
790,Anonymized_gpt-4o,PQ,2,False
790,Anonymized_gpt-3.5-turbo,CQ,3,True
790,Anonymized_gpt-4o,PQ,3,False
790,Anonymized_gpt-3.5-turbo,PQ,9,True
790,Anonymized_gpt-3.5-turbo,PQ,6,False
790,Anonymized_gpt-4o,CQ,2,False
790,Anonymized_gpt-3.5-turbo,CQ,10,False
790,Anonymized_gpt-4o,PQ,7,False
790,Anonymized_gpt-4o,CQ,1,True
790,Anonymized_gpt-4o,CQ,4,False
790,Anonymized_gpt-4o,CQ,5,False
790,Anonymized_gpt-4o,CQ,6,False
790,Anonymized_gpt-3.5-turbo,PQ,1,False
790,Anonymized_gpt-3.5-turbo,CQ,8,True
790,Anonymized_gpt-4o,PQ,9,True
790,Anonymized_gpt-4o,CQ,7,False
790,Anonymized_gpt-4o,PQ,6,False
790,Anonymized_gpt-4o,PQ,4,False
790,Anonymized_gpt-4o,CQ,10,False
790,Anonymized_gpt-4o,PQ,10,False
790,Anonymized_gpt-3.5-turbo,CQ,7,False
790,Anonymized_gpt-3.5-turbo,CQ,9,True
790,Anonymized_NER,PQ,3,False
790,Anonymized_gpt-4o,CQ,9,True
790,Anonymized_NER,PQ,2,False
790,Anonymized_gpt-3.5-turbo,PQ,8,False
790,Anonymized_gpt-4o,PQ,5,False
790,Anonymized_gpt-4o,CQ,8,False
790,Anonymized_NER,PQ,7,False
790,Anonymized_NER,CQ,4,False
790,Anonymized_NER,CQ,5,False
790,Anonymized_NER,PQ,8,False
790,Anonymized_NER,CQ,8,False
790,Anonymized_NER,CQ,9,True
790,Anonymized_NER,CQ,6,False
790,Anonymized_NER,CQ,3,True
790,Anonymized_NER,CQ,7,False
790,Anonymized_DeepSeek-V4-Pro,CQ,3,True
790,Anonymized_DeepSeek-V4-Pro,PQ,2,False
790,Anonymized_DeepSeek-V4-Pro,CQ,2,False
790,Anonymized_DeepSeek-V4-Pro,PQ,4,False
790,Anonymized_DeepSeek-V4-Pro,PQ,1,False
790,Anonymized_NER,CQ,2,False
790,Anonymized_NER,PQ,6,False
790,Anonymized_DeepSeek-V4-Pro,PQ,5,False
790,Anonymized_DeepSeek-V4-Pro,CQ,6,False
790,Anonymized_gpt-4o,PQ,8,False
790,Anonymized_NER,PQ,10,True
790,Anonymized_DeepSeek-V4-Pro,CQ,7,False
790,Anonymized_DeepSeek-V4-Pro,CQ,1,True
790,Anonymized_NER,CQ,10,False
790,Anonymized_DeepSeek-V4-Pro,PQ,6,False
790,Anonymized_DeepSeek-V4-Pro,PQ,8,False
790,Anonymized_DeepSeek-V4-Pro,PQ,7,False
790,Anonymized_DeepSeek-V4-Pro,PQ,10,True
790,Anonymized_Llama-4-Maverick-17B-128E-Instruct-FP8,PQ,1,False
790,Anonymized_gpt-3.5-turbo,CQ,5,False
790,Anonymized_DeepSeek-V4-Pro,PQ,9,True
790,Anonymized_DeepSeek-V4-Pro,CQ,5,False
790,Anonymized_Llama-4-Maverick-17B-128E-Instruct-FP8,PQ,4,False
790,Anonymized_Llama-4-Maverick-17B-128E-Instruct-FP8,CQ,2,False
790,Anonymized_Llama-4-Maverick-17B-128E-Instruct-FP8,PQ,5,False
790,Anonymized_NER,PQ,9,True
790,Anonymized_Llama-4-Maverick-17B-128E-Instruct-FP8,CQ,1,True
790,Anonymized_Llama-4-Maverick-17B-128E-Instruct-FP8,PQ,6,False
790,Anonymized_Llama-4-Maverick-17B-128E-Instruct-FP8,PQ,7,False
790,Anonymized_DeepSeek-V4-Pro,CQ,9,True
790,Anonymized_DeepSeek-V4-Pro,CQ,4,False
790,Anonymized_Llama-4-Maverick-17B-128E-Instruct-FP8,CQ,4,False
790,Anonymized_Llama-4-Maverick-17B-128E-Instruct-FP8,CQ,9,True
790,Anonymized_DeepSeek-V4-Pro,CQ,10,False
790,Anonymized_Llama-4-Maverick-17B-128E-Instruct-FP8,PQ,10,False
790,Anonymized_NER,PQ,4,False
790,Anonymized_Llama-4-Maverick-17B-128E-Instruct-FP8,PQ,3,False
790,Anonymized_Llama-4-Maverick-17B-128E-Instruct-FP8,PQ,2,False
790,Anonymized_Llama-4-Maverick-17B-128E-Instruct-FP8,CQ,6,False
790,Anonymized_NER,PQ,1,False
790,Anonymized_Llama-4-Maverick-17B-128E-Instruct-FP8,PQ,9,False
790,Anonymized_Llama-4-Maverick_fewshot,PQ,4,False
790,Anonymized_Llama-4-Maverick_fewshot,CQ,2,False
790,Anonymized_Llama-4-Maverick_fewshot,PQ,5,False
790,Anonymized_Llama-4-Maverick_fewshot,CQ,4,False
790,Anonymized_Llama-4-Maverick_fewshot,PQ,2,True
790,Anonymized_Llama-4-Maverick-17B-128E-Instruct-FP8,CQ,7,False
790,Anonymized_Llama-4-Maverick_fewshot,CQ,6,False
790,Anonymized_Llama-4-Maverick_fewshot,PQ,3,False
790,Anonymized_Llama-4-Maverick_fewshot,PQ,9,True
790,Anonymized_Llama-4-Maverick_fewshot,CQ,1,True
790,Anonymized_Llama-4-Maverick_fewshot,PQ,1,False
790,Anonymized_Llama-4-Maverick_fewshot,PQ,7,False
790,Anonymized_Llama-4-Maverick_fewshot,PQ,8,False
790,Anonymized_DeepSeek-V4-Pro,PQ,3,False
790,Anonymized_DeepSeek-V4-Pro,CQ,8,False
790,Anonymized_Llama-4-Maverick_synthetic,PQ,2,True
790,Anonymized_Llama-4-Maverick-17B-128E-Instruct-FP8,CQ,8,False
790,Anonymized_Llama-4-Maverick_fewshot,CQ,3,True
790,Anonymized_Llama-4-Maverick-17B-128E-Instruct-FP8,CQ,10,False
790,Anonymized_Llama-4-Maverick_synthetic,PQ,4,False
790,Anonymized_NER,CQ,1,True
790,Anonymized_Llama-4-Maverick-17B-128E-Instruct-FP8,PQ,8,False
790,Anonymized_Llama-4-Maverick_fewshot,CQ,5,False
790,Anonymized_Llama-4-Maverick_fewshot,CQ,7,False
790,Anonymized_Llama-4-Maverick_synthetic,CQ,4,False
790,Anonymized_Llama-4-Maverick_synthetic,PQ,6,False
790,Anonymized_Llama-4-Maverick_synthetic,CQ,3,True
790,Anonymized_Llama-4-Maverick_synthetic,CQ,6,False
790,Anonymized_Llama-4-Maverick_synthetic,PQ,7,False
790,Anonymized_Llama-4-Maverick_synthetic,CQ,7,False
790,Anonymized_Llama-4-Maverick_fewshot,PQ,10,False
790,Anonymized_Llama-4-Maverick_fewshot,CQ,10,False
790,Anonymized_Llama-4-Maverick_synthetic,PQ,5,False
790,Anonymized_Llama-4-Maverick_synthetic,PQ,10,True
790,Anonymized_Llama-4-Maverick_synthetic,CQ,10,False
790,Anonymized_Llama-4-Maverick_fewshot,CQ,9,True
790,Anonymized_NER,PQ,5,False
790,Anonymized_Llama-4-Maverick_synthetic,PQ,1,False
790,Anonymized_Llama-4-Maverick_synthetic,PQ,8,False
790,Anonymized_Llama-4-Maverick_synthetic,CQ,1,True
790,Anonymized_Llama-4-Maverick_synthetic,CQ,2,False
790,Anonymized_Llama-4-Maverick_fewshot,PQ,6,False
790,Anonymized_Llama-4-Maverick_synthetic,CQ,8,False
790,Anonymized_Llama-4-Maverick_synthetic,CQ,5,False
790,Anonymized_gpt-3.5-turbo,PQ,5,False
790,Anonymized_Llama-4-Maverick-17B-128E-Instruct-FP8,CQ,3,True
790,Anonymized_Llama-4-Maverick_synthetic,PQ,9,True
790,Anonymized_Llama-4-Maverick_synthetic,PQ,3,False
790,Anonymized_gpt-4o,CQ,3,False
790,Anonymized_Llama-4-Maverick_synthetic,CQ,9,True
794,Anonymized_gpt-3.5-turbo,PQ,3,False
794,Anonymized_gpt-3.5-turbo,CQ,2,False
794,Anonymized_gpt-3.5-turbo,PQ,6,False
794,Anonymized_gpt-3.5-turbo,PQ,7,False
794,Anonymized_gpt-3.5-turbo,PQ,8,False
794,Anonymized_gpt-3.5-turbo,PQ,10,False
794,Anonymized_gpt-3.5-turbo,CQ,8,False
794,Anonymized_gpt-3.5-turbo,CQ,5,False
794,Anonymized_gpt-4o,PQ,1,False
794,Anonymized_gpt-4o,CQ,1,True
794,Anonymized_gpt-3.5-turbo,PQ,1,False
794,Anonymized_gpt-3.5-turbo,PQ,2,False
794,Anonymized_gpt-4o,PQ,4,True
794,Anonymized_gpt-3.5-turbo,PQ,4,False
794,Anonymized_gpt-4o,CQ,5,False
794,Anonymized_gpt-3.5-turbo,CQ,9,False
794,Anonymized_gpt-4o,CQ,6,True
794,Anonymized_gpt-4o,PQ,3,False
794,Anonymized_gpt-3.5-turbo,PQ,5,False
794,Anonymized_gpt-4o,PQ,8,False
794,Anonymized_gpt-3.5-turbo,CQ,10,False
794,Anonymized_gpt-4o,PQ,5,False
794,Anonymized_gpt-4o,PQ,6,False
794,Anonymized_gpt-4o,PQ,2,False
794,Anonymized_NER,CQ,1,True
794,Anonymized_gpt-4o,CQ,10,False
794,Anonymized_gpt-4o,PQ,10,False
794,Anonymized_NER,PQ,2,False
794,Anonymized_gpt-4o,CQ,4,True
794,Anonymized_gpt-4o,CQ,2,False
794,Anonymized_NER,PQ,1,True
794,Anonymized_NER,PQ,3,False
794,Anonymized_gpt-4o,CQ,9,False
794,Anonymized_gpt-4o,CQ,7,True
794,Anonymized_NER,CQ,2,False
794,Anonymized_NER,PQ,5,False
794,Anonymized_gpt-3.5-turbo,CQ,4,True
794,Anonymized_gpt-3.5-turbo,CQ,7,True
790,Anonymized_Llama-4-Maverick-17B-128E-Instruct-FP8,CQ,5,False
794,Anonymized_NER,PQ,7,False
794,Anonymized_gpt-3.5-turbo,CQ,3,False
794,Anonymized_NER,PQ,8,False
794,Anonymized_NER,CQ,7,True
794,Anonymized_gpt-3.5-turbo,CQ,1,True
794,Anonymized_NER,PQ,9,False
794,Anonymized_gpt-3.5-turbo,CQ,6,True
794,Anonymized_gpt-3.5-turbo,PQ,9,False
794,Anonymized_NER,PQ,10,False
794,Anonymized_gpt-4o,PQ,7,False
794,Anonymized_gpt-4o,CQ,8,False
794,Anonymized_gpt-4o,CQ,3,False
794,Anonymized_DeepSeek-V4-Pro,PQ,3,False
794,Anonymized_NER,CQ,9,False
794,Anonymized_DeepSeek-V4-Pro,CQ,3,False
794,Anonymized_DeepSeek-V4-Pro,CQ,1,False
794,Anonymized_NER,CQ,5,False
794,Anonymized_DeepSeek-V4-Pro,PQ,1,False
794,Anonymized_NER,PQ,4,True
794,Anonymized_DeepSeek-V4-Pro,PQ,6,False
794,Anonymized_NER,CQ,3,False
794,Anonymized_DeepSeek-V4-Pro,PQ,8,False
794,Anonymized_DeepSeek-V4-Pro,CQ,5,False
794,Anonymized_DeepSeek-V4-Pro,CQ,9,False
794,Anonymized_DeepSeek-V4-Pro,PQ,9,False
794,Anonymized_DeepSeek-V4-Pro,PQ,10,False
794,Anonymized_NER,CQ,6,True
794,Anonymized_gpt-4o,PQ,9,False
794,Anonymized_NER,CQ,8,True
794,Anonymized_DeepSeek-V4-Pro,PQ,7,False
794,Anonymized_DeepSeek-V4-Pro,PQ,2,False
794,Anonymized_NER,CQ,10,False
794,Anonymized_DeepSeek-V4-Pro,CQ,4,True
794,Anonymized_Llama-4-Maverick-17B-128E-Instruct-FP8,CQ,3,False
794,Anonymized_DeepSeek-V4-Pro,CQ,8,False
794,Anonymized_DeepSeek-V4-Pro,CQ,10,False
794,Anonymized_Llama-4-Maverick-17B-128E-Instruct-FP8,CQ,4,False
794,Anonymized_Llama-4-Maverick-17B-128E-Instruct-FP8,CQ,5,False
794,Anonymized_DeepSeek-V4-Pro,PQ,4,True
794,Anonymized_Llama-4-Maverick-17B-128E-Instruct-FP8,CQ,6,True
794,Anonymized_Llama-4-Maverick-17B-128E-Instruct-FP8,PQ,5,False
794,Anonymized_Llama-4-Maverick-17B-128E-Instruct-FP8,PQ,2,False
794,Anonymized_Llama-4-Maverick-17B-128E-Instruct-FP8,CQ,10,False
794,Anonymized_NER,PQ,6,False
794,Anonymized_Llama-4-Maverick_fewshot,PQ,1,False
794,Anonymized_NER,CQ,4,True
794,Anonymized_Llama-4-Maverick-17B-128E-Instruct-FP8,PQ,3,False
794,Anonymized_Llama-4-Maverick_fewshot,PQ,2,False
794,Anonymized_Llama-4-Maverick_fewshot,PQ,3,False
794,Anonymized_Llama-4-Maverick_fewshot,CQ,2,False
794,Anonymized_Llama-4-Maverick_fewshot,CQ,3,False
794,Anonymized_Llama-4-Maverick_fewshot,PQ,4,False
794,Anonymized_Llama-4-Maverick-17B-128E-Instruct-FP8,PQ,10,False
794,Anonymized_Llama-4-Maverick_fewshot,CQ,4,True
794,Anonymized_Llama-4-Maverick-17B-128E-Instruct-FP8,PQ,7,False
794,Anonymized_Llama-4-Maverick_fewshot,CQ,5,True
794,Anonymized_Llama-4-Maverick_fewshot,CQ,6,True
794,Anonymized_Llama-4-Maverick-17B-128E-Instruct-FP8,PQ,1,False
794,Anonymized_Llama-4-Maverick-17B-128E-Instruct-FP8,CQ,8,False
794,Anonymized_DeepSeek-V4-Pro,CQ,7,True
794,Anonymized_Llama-4-Maverick_fewshot,CQ,9,False
794,Anonymized_Llama-4-Maverick_fewshot,CQ,7,True
794,Anonymized_Llama-4-Maverick-17B-128E-Instruct-FP8,PQ,4,True
794,Anonymized_Llama-4-Maverick_fewshot,PQ,10,False
794,Anonymized_Llama-4-Maverick_fewshot,CQ,8,False
794,Anonymized_Llama-4-Maverick_fewshot,PQ,6,False
794,Anonymized_Llama-4-Maverick_synthetic,PQ,2,False
794,Anonymized_Llama-4-Maverick-17B-128E-Instruct-FP8,CQ,9,False
794,Anonymized_Llama-4-Maverick_synthetic,PQ,3,False
794,Anonymized_Llama-4-Maverick_fewshot,PQ,8,False
794,Anonymized_Llama-4-Maverick_fewshot,CQ,1,True
794,Anonymized_Llama-4-Maverick_synthetic,PQ,4,True
794,Anonymized_Llama-4-Maverick_synthetic,CQ,5,False
794,Anonymized_Llama-4-Maverick_synthetic,CQ,4,True
794,Anonymized_Llama-4-Maverick-17B-128E-Instruct-FP8,PQ,9,False
794,Anonymized_Llama-4-Maverick_synthetic,CQ,2,False
794,Anonymized_Llama-4-Maverick_synthetic,PQ,6,False
794,Anonymized_Llama-4-Maverick_fewshot,PQ,5,False
794,Anonymized_Llama-4-Maverick_synthetic,PQ,8,False
794,Anonymized_Llama-4-Maverick-17B-128E-Instruct-FP8,PQ,8,False
794,Anonymized_DeepSeek-V4-Pro,CQ,6,True
794,Anonymized_Llama-4-Maverick-17B-128E-Instruct-FP8,CQ,7,True
794,Anonymized_Llama-4-Maverick-17B-128E-Instruct-FP8,PQ,6,False
794,Anonymized_Llama-4-Maverick-17B-128E-Instruct-FP8,CQ,2,False
794,Anonymized_Llama-4-Maverick-17B-128E-Instruct-FP8,CQ,1,False
794,Anonymized_DeepSeek-V4-Pro,CQ,2,False
794,Anonymized_Llama-4-Maverick_synthetic,CQ,9,False
794,Anonymized_Llama-4-Maverick_synthetic,CQ,10,False
794,Anonymized_Llama-4-Maverick_synthetic,PQ,5,False
794,Anonymized_DeepSeek-V4-Pro,PQ,5,False
794,Anonymized_Llama-4-Maverick_fewshot,PQ,9,False
794,Anonymized_Llama-4-Maverick_fewshot,CQ,10,False
794,Anonymized_Llama-4-Maverick_synthetic,PQ,1,False
794,Anonymized_Llama-4-Maverick_synthetic,PQ,7,False
794,Anonymized_Llama-4-Maverick_synthetic,CQ,1,False
794,Anonymized_Llama-4-Maverick_synthetic,PQ,9,False
794,Anonymized_Llama-4-Maverick_synthetic,CQ,3,False
794,Anonymized_Llama-4-Maverick_synthetic,CQ,8,False
794,Anonymized_Llama-4-Maverick_synthetic,CQ,6,True
794,Anonymized_Llama-4-Maverick_synthetic,PQ,10,False
794,Anonymized_Llama-4-Maverick_fewshot,PQ,7,False
796,Anonymized_gpt-3.5-turbo,PQ,4,False
796,Anonymized_gpt-3.5-turbo,PQ,2,False
796,Anonymized_gpt-3.5-turbo,PQ,6,False
796,Anonymized_gpt-3.5-turbo,CQ,2,False
796,Anonymized_gpt-3.5-turbo,CQ,9,True
796,Anonymized_gpt-3.5-turbo,CQ,6,False
796,Anonymized_gpt-3.5-turbo,CQ,4,False
796,Anonymized_gpt-4o,PQ,1,False
796,Anonymized_gpt-3.5-turbo,PQ,8,True
796,Anonymized_gpt-3.5-turbo,CQ,7,False
794,Anonymized_Llama-4-Maverick_synthetic,CQ,7,True
796,Anonymized_gpt-4o,CQ,1,False
796,Anonymized_gpt-3.5-turbo,PQ,10,False
796,Anonymized_gpt-3.5-turbo,CQ,1,False
796,Anonymized_gpt-4o,CQ,3,False
796,Anonymized_gpt-4o,PQ,6,False
796,Anonymized_gpt-3.5-turbo,CQ,8,False
796,Anonymized_gpt-3.5-turbo,PQ,9,False
796,Anonymized_gpt-4o,CQ,6,False
796,Anonymized_gpt-4o,PQ,8,False
796,Anonymized_gpt-4o,CQ,9,True
796,Anonymized_gpt-4o,CQ,8,False
796,Anonymized_gpt-4o,CQ,5,False
796,Anonymized_gpt-4o,PQ,7,False
796,Anonymized_gpt-3.5-turbo,PQ,1,False
796,Anonymized_NER,CQ,1,False
796,Anonymized_gpt-4o,PQ,2,False
796,Anonymized_gpt-3.5-turbo,PQ,3,False
796,Anonymized_NER,PQ,3,False
796,Anonymized_NER,CQ,2,False
796,Anonymized_gpt-4o,PQ,3,False
796,Anonymized_gpt-4o,CQ,2,False
796,Anonymized_NER,CQ,3,True
796,Anonymized_gpt-4o,PQ,4,False
796,Anonymized_NER,PQ,2,False
796,Anonymized_gpt-4o,CQ,7,False
796,Anonymized_gpt-4o,PQ,5,False
796,Anonymized_NER,CQ,7,True
796,Anonymized_NER,PQ,8,True
796,Anonymized_NER,PQ,9,False
796,Anonymized_NER,PQ,4,False
796,Anonymized_NER,CQ,9,True
796,Anonymized_gpt-4o,PQ,9,False
796,Anonymized_NER,PQ,6,False
796,Anonymized_gpt-3.5-turbo,CQ,5,False
796,Anonymized_gpt-3.5-turbo,CQ,3,True
796,Anonymized_gpt-3.5-turbo,PQ,7,False
796,Anonymized_NER,PQ,1,False
796,Anonymized_NER,CQ,8,False
796,Anonymized_DeepSeek-V4-Pro,CQ,1,False
796,Anonymized_DeepSeek-V4-Pro,PQ,2,False
796,Anonymized_gpt-3.5-turbo,CQ,10,False
796,Anonymized_NER,PQ,7,False
796,Anonymized_DeepSeek-V4-Pro,PQ,4,False
796,Anonymized_DeepSeek-V4-Pro,CQ,2,False
796,Anonymized_DeepSeek-V4-Pro,CQ,5,False
796,Anonymized_DeepSeek-V4-Pro,CQ,3,False
796,Anonymized_DeepSeek-V4-Pro,PQ,5,False
796,Anonymized_DeepSeek-V4-Pro,CQ,6,False
796,Anonymized_NER,CQ,4,False
796,Anonymized_DeepSeek-V4-Pro,PQ,3,False
796,Anonymized_DeepSeek-V4-Pro,PQ,9,False
796,Anonymized_DeepSeek-V4-Pro,PQ,10,False
796,Anonymized_DeepSeek-V4-Pro,CQ,7,False
796,Anonymized_Llama-4-Maverick-17B-128E-Instruct-FP8,PQ,1,False
796,Anonymized_NER,CQ,6,False
796,Anonymized_gpt-4o,PQ,10,False
796,Anonymized_DeepSeek-V4-Pro,CQ,9,True
796,Anonymized_DeepSeek-V4-Pro,PQ,8,False
796,Anonymized_DeepSeek-V4-Pro,PQ,6,False
796,Anonymized_NER,CQ,10,True
796,Anonymized_DeepSeek-V4-Pro,CQ,10,False
796,Anonymized_gpt-3.5-turbo,PQ,5,False
796,Anonymized_Llama-4-Maverick-17B-128E-Instruct-FP8,CQ,4,False
796,Anonymized_Llama-4-Maverick-17B-128E-Instruct-FP8,PQ,6,False
796,Anonymized_Llama-4-Maverick-17B-128E-Instruct-FP8,PQ,5,False
796,Anonymized_NER,PQ,10,False
796,Anonymized_Llama-4-Maverick-17B-128E-Instruct-FP8,CQ,2,False
796,Anonymized_Llama-4-Maverick-17B-128E-Instruct-FP8,PQ,8,False
796,Anonymized_DeepSeek-V4-Pro,PQ,1,False
796,Anonymized_Llama-4-Maverick-17B-128E-Instruct-FP8,PQ,9,False
796,Anonymized_Llama-4-Maverick-17B-128E-Instruct-FP8,PQ,10,False
796,Anonymized_Llama-4-Maverick_fewshot,PQ,1,False
796,Anonymized_Llama-4-Maverick-17B-128E-Instruct-FP8,CQ,9,True
796,Anonymized_Llama-4-Maverick-17B-128E-Instruct-FP8,PQ,7,False
796,Anonymized_Llama-4-Maverick_fewshot,CQ,2,False
796,Anonymized_Llama-4-Maverick-17B-128E-Instruct-FP8,CQ,3,True
796,Anonymized_Llama-4-Maverick_fewshot,PQ,3,False
796,Anonymized_Llama-4-Maverick_fewshot,CQ,3,False
796,Anonymized_Llama-4-Maverick_fewshot,PQ,4,False
796,Anonymized_Llama-4-Maverick-17B-128E-Instruct-FP8,PQ,2,False
796,Anonymized_gpt-4o,CQ,4,False
796,Anonymized_Llama-4-Maverick_fewshot,CQ,5,False
796,Anonymized_NER,CQ,5,False
796,Anonymized_DeepSeek-V4-Pro,CQ,8,False
796,Anonymized_Llama-4-Maverick_fewshot,PQ,7,False
796,Anonymized_Llama-4-Maverick_fewshot,PQ,8,False
796,Anonymized_Llama-4-Maverick-17B-128E-Instruct-FP8,CQ,8,False
796,Anonymized_Llama-4-Maverick_fewshot,CQ,7,False
796,Anonymized_Llama-4-Maverick-17B-128E-Instruct-FP8,CQ,6,False
796,Anonymized_Llama-4-Maverick_fewshot,PQ,5,False
796,Anonymized_Llama-4-Maverick-17B-128E-Instruct-FP8,CQ,10,False
796,Anonymized_Llama-4-Maverick_fewshot,CQ,9,True
796,Anonymized_Llama-4-Maverick_synthetic,PQ,1,False
796,Anonymized_Llama-4-Maverick_fewshot,CQ,6,False
796,Anonymized_gpt-4o,CQ,10,False
796,Anonymized_Llama-4-Maverick_synthetic,CQ,1,False
796,Anonymized_Llama-4-Maverick_synthetic,CQ,2,False
796,Anonymized_Llama-4-Maverick_fewshot,CQ,8,False
796,Anonymized_Llama-4-Maverick_fewshot,PQ,2,False
796,Anonymized_DeepSeek-V4-Pro,PQ,7,False
796,Anonymized_Llama-4-Maverick_fewshot,CQ,1,False
796,Anonymized_Llama-4-Maverick-17B-128E-Instruct-FP8,CQ,7,True
796,Anonymized_Llama-4-Maverick-17B-128E-Instruct-FP8,PQ,3,False
796,Anonymized_Llama-4-Maverick_fewshot,CQ,10,False
796,Anonymized_Llama-4-Maverick_synthetic,CQ,6,False
796,Anonymized_Llama-4-Maverick_fewshot,PQ,9,False
796,Anonymized_Llama-4-Maverick_synthetic,PQ,2,False
796,Anonymized_Llama-4-Maverick-17B-128E-Instruct-FP8,CQ,5,False
796,Anonymized_Llama-4-Maverick-17B-128E-Instruct-FP8,PQ,4,False
796,Anonymized_Llama-4-Maverick_synthetic,PQ,7,False
796,Anonymized_Llama-4-Maverick_fewshot,CQ,4,False
796,Anonymized_Llama-4-Maverick_synthetic,PQ,6,False
796,Anonymized_Llama-4-Maverick_synthetic,CQ,5,False
796,Anonymized_Llama-4-Maverick_synthetic,PQ,3,False
796,Anonymized_NER,PQ,5,False
796,Anonymized_Llama-4-Maverick_fewshot,PQ,10,False
796,Anonymized_Llama-4-Maverick_synthetic,CQ,10,False
796,Anonymized_Llama-4-Maverick_synthetic,PQ,8,False
796,Anonymized_Llama-4-Maverick_synthetic,CQ,8,False
796,Anonymized_Llama-4-Maverick_synthetic,PQ,10,False
796,Anonymized_Llama-4-Maverick_synthetic,CQ,9,True
796,Anonymized_Llama-4-Maverick_synthetic,PQ,9,False
796,Anonymized_Llama-4-Maverick_synthetic,CQ,7,True
796,Anonymized_Llama-4-Maverick-17B-128E-Instruct-FP8,CQ,1,False
796,Anonymized_Llama-4-Maverick_synthetic,PQ,4,True
796,Anonymized_Llama-4-Maverick_synthetic,CQ,3,False
813,Anonymized_gpt-3.5-turbo,PQ,4,True
813,Anonymized_gpt-3.5-turbo,PQ,5,False
813,Anonymized_gpt-3.5-turbo,CQ,2,False
813,Anonymized_gpt-3.5-turbo,CQ,1,False
813,Anonymized_gpt-3.5-turbo,PQ,8,False
813,Anonymized_gpt-3.5-turbo,CQ,5,True
813,Anonymized_gpt-3.5-turbo,CQ,4,False
813,Anonymized_gpt-3.5-turbo,PQ,6,False
813,Anonymized_gpt-3.5-turbo,CQ,9,False
813,Anonymized_gpt-3.5-turbo,CQ,10,False
813,Anonymized_gpt-3.5-turbo,CQ,3,False
813,Anonymized_gpt-4o,PQ,2,False
813,Anonymized_gpt-4o,CQ,2,False
813,Anonymized_gpt-4o,PQ,3,False
813,Anonymized_gpt-3.5-turbo,CQ,6,False
813,Anonymized_gpt-4o,CQ,3,False
813,Anonymized_gpt-4o,PQ,1,False
813,Anonymized_gpt-4o,CQ,4,False
813,Anonymized_gpt-3.5-turbo,PQ,9,False
813,Anonymized_gpt-4o,CQ,6,False
813,Anonymized_gpt-4o,PQ,4,True
813,Anonymized_gpt-4o,PQ,8,False
813,Anonymized_gpt-3.5-turbo,PQ,7,False
813,Anonymized_gpt-3.5-turbo,PQ,3,False
813,Anonymized_gpt-4o,CQ,1,False
813,Anonymized_gpt-4o,PQ,7,False
813,Anonymized_gpt-3.5-turbo,PQ,1,False
813,Anonymized_gpt-4o,CQ,10,False
813,Anonymized_NER,PQ,1,False
813,Anonymized_gpt-3.5-turbo,PQ,10,False
813,Anonymized_gpt-4o,CQ,7,False
813,Anonymized_gpt-4o,PQ,5,False
813,Anonymized_NER,CQ,3,False
813,Anonymized_gpt-4o,CQ,9,True
813,Anonymized_NER,CQ,4,False
813,Anonymized_NER,PQ,2,False
813,Anonymized_gpt-4o,CQ,8,False
796,Anonymized_Llama-4-Maverick_fewshot,PQ,6,False
796,Anonymized_Llama-4-Maverick_synthetic,PQ,5,False
813,Anonymized_gpt-3.5-turbo,CQ,8,False
796,Anonymized_DeepSeek-V4-Pro,CQ,4,False
813,Anonymized_NER,CQ,1,False
813,Anonymized_NER,PQ,6,False
796,Anonymized_Llama-4-Maverick_synthetic,CQ,4,False
813,Anonymized_NER,PQ,7,False
813,Anonymized_NER,PQ,9,False
813,Anonymized_gpt-3.5-turbo,PQ,2,False
813,Anonymized_NER,PQ,5,False
813,Anonymized_NER,PQ,10,False
813,Anonymized_gpt-4o,PQ,6,False
813,Anonymized_DeepSeek-V4-Pro,CQ,2,False
813,Anonymized_NER,CQ,2,False
813,Anonymized_NER,CQ,6,True
813,Anonymized_NER,CQ,5,True
813,Anonymized_DeepSeek-V4-Pro,PQ,4,True
813,Anonymized_NER,CQ,8,False
813,Anonymized_NER,PQ,3,False
813,Anonymized_gpt-4o,CQ,5,False
813,Anonymized_gpt-3.5-turbo,CQ,7,False
813,Anonymized_DeepSeek-V4-Pro,CQ,4,False
813,Anonymized_gpt-4o,PQ,9,False
813,Anonymized_DeepSeek-V4-Pro,PQ,1,False
813,Anonymized_DeepSeek-V4-Pro,CQ,7,False
813,Anonymized_NER,PQ,8,False
813,Anonymized_DeepSeek-V4-Pro,PQ,10,False
813,Anonymized_DeepSeek-V4-Pro,CQ,3,False
813,Anonymized_DeepSeek-V4-Pro,CQ,1,False
813,Anonymized_DeepSeek-V4-Pro,CQ,10,False
813,Anonymized_DeepSeek-V4-Pro,PQ,8,False
813,Anonymized_NER,CQ,7,False
813,Anonymized_NER,CQ,9,True
813,Anonymized_DeepSeek-V4-Pro,PQ,9,False
813,Anonymized_DeepSeek-V4-Pro,CQ,5,False
813,Anonymized_DeepSeek-V4-Pro,PQ,2,False
813,Anonymized_DeepSeek-V4-Pro,PQ,6,False
813,Anonymized_gpt-4o,PQ,10,False
813,Anonymized_Llama-4-Maverick-17B-128E-Instruct-FP8,CQ,4,False
813,Anonymized_Llama-4-Maverick-17B-128E-Instruct-FP8,PQ,7,False
813,Anonymized_Llama-4-Maverick-17B-128E-Instruct-FP8,CQ,5,True
813,Anonymized_Llama-4-Maverick-17B-128E-Instruct-FP8,CQ,6,False
813,Anonymized_Llama-4-Maverick-17B-128E-Instruct-FP8,CQ,7,False
813,Anonymized_NER,PQ,4,True
813,Anonymized_NER,CQ,10,False
813,Anonymized_Llama-4-Maverick-17B-128E-Instruct-FP8,PQ,4,True
813,Anonymized_DeepSeek-V4-Pro,CQ,8,False
813,Anonymized_Llama-4-Maverick-17B-128E-Instruct-FP8,PQ,9,False
813,Anonymized_Llama-4-Maverick-17B-128E-Instruct-FP8,PQ,10,False
813,Anonymized_DeepSeek-V4-Pro,CQ,9,False
813,Anonymized_Llama-4-Maverick-17B-128E-Instruct-FP8,CQ,8,False
813,Anonymized_Llama-4-Maverick_fewshot,CQ,1,False
813,Anonymized_Llama-4-Maverick-17B-128E-Instruct-FP8,PQ,6,False
813,Anonymized_Llama-4-Maverick-17B-128E-Instruct-FP8,CQ,1,False
813,Anonymized_Llama-4-Maverick-17B-128E-Instruct-FP8,CQ,10,False
813,Anonymized_Llama-4-Maverick_fewshot,CQ,2,False
813,Anonymized_Llama-4-Maverick-17B-128E-Instruct-FP8,PQ,3,False
813,Anonymized_Llama-4-Maverick_fewshot,PQ,5,False
813,Anonymized_Llama-4-Maverick_fewshot,PQ,6,False
813,Anonymized_Llama-4-Maverick_fewshot,CQ,5,True
813,Anonymized_Llama-4-Maverick_fewshot,PQ,7,False
813,Anonymized_DeepSeek-V4-Pro,PQ,7,False
813,Anonymized_Llama-4-Maverick_fewshot,CQ,6,False
813,Anonymized_Llama-4-Maverick_fewshot,CQ,7,False
813,Anonymized_Llama-4-Maverick_fewshot,CQ,9,True
813,Anonymized_Llama-4-Maverick_fewshot,CQ,4,False
813,Anonymized_Llama-4-Maverick-17B-128E-Instruct-FP8,CQ,2,False
813,Anonymized_Llama-4-Maverick_fewshot,CQ,10,False
813,Anonymized_DeepSeek-V4-Pro,CQ,6,False
813,Anonymized_Llama-4-Maverick_synthetic,CQ,1,False
813,Anonymized_DeepSeek-V4-Pro,PQ,3,False
813,Anonymized_Llama-4-Maverick_fewshot,CQ,8,False
813,Anonymized_Llama-4-Maverick-17B-128E-Instruct-FP8,PQ,1,False
813,Anonymized_Llama-4-Maverick_fewshot,PQ,4,False
813,Anonymized_Llama-4-Maverick_synthetic,CQ,2,False
813,Anonymized_Llama-4-Maverick_fewshot,PQ,10,False
813,Anonymized_Llama-4-Maverick_synthetic,CQ,3,False
813,Anonymized_DeepSeek-V4-Pro,PQ,5,False
813,Anonymized_Llama-4-Maverick_synthetic,CQ,4,False
813,Anonymized_Llama-4-Maverick_synthetic,PQ,1,False
813,Anonymized_Llama-4-Maverick_synthetic,PQ,2,False
813,Anonymized_Llama-4-Maverick_synthetic,PQ,7,False
813,Anonymized_Llama-4-Maverick-17B-128E-Instruct-FP8,CQ,3,False
813,Anonymized_Llama-4-Maverick_synthetic,CQ,6,False
813,Anonymized_Llama-4-Maverick_synthetic,PQ,5,True
813,Anonymized_Llama-4-Maverick-17B-128E-Instruct-FP8,PQ,2,False
813,Anonymized_Llama-4-Maverick_synthetic,CQ,8,False
813,Anonymized_Llama-4-Maverick_fewshot,PQ,2,False
813,Anonymized_Llama-4-Maverick_synthetic,CQ,7,False
813,Anonymized_Llama-4-Maverick_synthetic,CQ,9,False
813,Anonymized_Llama-4-Maverick-17B-128E-Instruct-FP8,CQ,9,True
813,Anonymized_Llama-4-Maverick_synthetic,CQ,10,False
813,Anonymized_Llama-4-Maverick_synthetic,PQ,6,False
813,Anonymized_Llama-4-Maverick_synthetic,PQ,4,True
813,Anonymized_Llama-4-Maverick_synthetic,CQ,5,True
813,Anonymized_Llama-4-Maverick_fewshot,PQ,1,False
813,Anonymized_Llama-4-Maverick-17B-128E-Instruct-FP8,PQ,5,False
813,Anonymized_Llama-4-Maverick_fewshot,CQ,3,False
813,Anonymized_Llama-4-Maverick_synthetic,PQ,3,False
819,Anonymized_gpt-3.5-turbo,PQ,4,False
813,Anonymized_Llama-4-Maverick_fewshot,PQ,8,False
819,Anonymized_gpt-3.5-turbo,CQ,1,False
819,Anonymized_gpt-3.5-turbo,CQ,5,False
819,Anonymized_gpt-3.5-turbo,CQ,6,True
813,Anonymized_Llama-4-Maverick_fewshot,PQ,3,False
819,Anonymized_gpt-3.5-turbo,PQ,7,False
819,Anonymized_gpt-3.5-turbo,CQ,7,False
819,Anonymized_gpt-3.5-turbo,CQ,4,True
819,Anonymized_gpt-3.5-turbo,PQ,8,False
819,Anonymized_gpt-3.5-turbo,CQ,8,False
819,Anonymized_gpt-3.5-turbo,PQ,1,False
819,Anonymized_gpt-3.5-turbo,PQ,10,False
819,Anonymized_gpt-3.5-turbo,CQ,9,False
819,Anonymized_gpt-4o,PQ,1,False
819,Anonymized_gpt-4o,CQ,1,False
819,Anonymized_gpt-4o,CQ,2,True
819,Anonymized_gpt-3.5-turbo,PQ,6,False
819,Anonymized_gpt-4o,PQ,2,False
819,Anonymized_gpt-3.5-turbo,PQ,2,False
819,Anonymized_gpt-4o,CQ,6,True
819,Anonymized_gpt-3.5-turbo,CQ,2,True
819,Anonymized_gpt-4o,CQ,5,False
819,Anonymized_gpt-4o,CQ,7,False
819,Anonymized_gpt-3.5-turbo,CQ,3,False
819,Anonymized_gpt-4o,PQ,8,False
819,Anonymized_gpt-4o,PQ,9,False
813,Anonymized_Llama-4-Maverick_synthetic,PQ,8,False
819,Anonymized_gpt-4o,CQ,9,False
819,Anonymized_gpt-4o,PQ,7,False
819,Anonymized_gpt-4o,PQ,4,False
819,Anonymized_gpt-3.5-turbo,CQ,10,False
813,Anonymized_Llama-4-Maverick_synthetic,PQ,9,False
819,Anonymized_gpt-3.5-turbo,PQ,9,False
813,Anonymized_Llama-4-Maverick_synthetic,PQ,10,False
813,Anonymized_Llama-4-Maverick_fewshot,PQ,9,False
819,Anonymized_NER,CQ,1,False
819,Anonymized_gpt-4o,PQ,5,False
819,Anonymized_gpt-3.5-turbo,PQ,5,False
819,Anonymized_gpt-4o,PQ,6,False
819,Anonymized_NER,PQ,1,False
819,Anonymized_NER,CQ,4,True
819,Anonymized_gpt-4o,CQ,8,False
819,Anonymized_NER,PQ,4,False
819,Anonymized_gpt-4o,CQ,3,False
819,Anonymized_NER,CQ,3,False
819,Anonymized_NER,CQ,8,False
819,Anonymized_NER,CQ,9,False
819,Anonymized_NER,CQ,10,False
819,Anonymized_NER,PQ,8,False
819,Anonymized_NER,PQ,2,False
819,Anonymized_gpt-4o,PQ,10,False
819,Anonymized_DeepSeek-V4-Pro,CQ,1,False
819,Anonymized_NER,CQ,2,True
819,Anonymized_DeepSeek-V4-Pro,PQ,2,False
819,Anonymized_NER,PQ,5,False
819,Anonymized_DeepSeek-V4-Pro,CQ,4,True
819,Anonymized_DeepSeek-V4-Pro,PQ,1,False
819,Anonymized_NER,PQ,7,False
819,Anonymized_DeepSeek-V4-Pro,PQ,6,False
819,Anonymized_DeepSeek-V4-Pro,CQ,5,False
819,Anonymized_DeepSeek-V4-Pro,CQ,2,True
819,Anonymized_DeepSeek-V4-Pro,CQ,6,True
819,Anonymized_NER,PQ,6,False
819,Anonymized_DeepSeek-V4-Pro,PQ,8,False
819,Anonymized_gpt-4o,CQ,4,True
819,Anonymized_DeepSeek-V4-Pro,CQ,9,False
819,Anonymized_DeepSeek-V4-Pro,PQ,10,False
819,Anonymized_DeepSeek-V4-Pro,CQ,10,False
819,Anonymized_DeepSeek-V4-Pro,PQ,4,False
819,Anonymized_DeepSeek-V4-Pro,PQ,3,False
819,Anonymized_DeepSeek-V4-Pro,PQ,7,False
819,Anonymized_Llama-4-Maverick-17B-128E-Instruct-FP8,CQ,1,False
819,Anonymized_NER,PQ,3,False
819,Anonymized_Llama-4-Maverick-17B-128E-Instruct-FP8,PQ,4,False
819,Anonymized_Llama-4-Maverick-17B-128E-Instruct-FP8,PQ,5,False
819,Anonymized_Llama-4-Maverick-17B-128E-Instruct-FP8,CQ,3,False
819,Anonymized_Llama-4-Maverick-17B-128E-Instruct-FP8,PQ,2,False
819,Anonymized_DeepSeek-V4-Pro,CQ,8,False
819,Anonymized_Llama-4-Maverick-17B-128E-Instruct-FP8,CQ,4,True
819,Anonymized_DeepSeek-V4-Pro,PQ,5,False
819,Anonymized_Llama-4-Maverick-17B-128E-Instruct-FP8,PQ,6,False
819,Anonymized_Llama-4-Maverick-17B-128E-Instruct-FP8,PQ,7,False
819,Anonymized_Llama-4-Maverick-17B-128E-Instruct-FP8,CQ,5,False
819,Anonymized_Llama-4-Maverick-17B-128E-Instruct-FP8,CQ,6,True
819,Anonymized_gpt-4o,CQ,10,False
819,Anonymized_gpt-4o,PQ,3,False
819,Anonymized_NER,CQ,6,True
819,Anonymized_DeepSeek-V4-Pro,CQ,7,False
819,Anonymized_NER,CQ,7,False
819,Anonymized_Llama-4-Maverick-17B-128E-Instruct-FP8,CQ,2,True
819,Anonymized_NER,PQ,9,False
819,Anonymized_Llama-4-Maverick-17B-128E-Instruct-FP8,PQ,8,False
819,Anonymized_NER,CQ,5,False
819,Anonymized_Llama-4-Maverick-17B-128E-Instruct-FP8,CQ,9,False
819,Anonymized_Llama-4-Maverick-17B-128E-Instruct-FP8,PQ,1,False
819,Anonymized_Llama-4-Maverick-17B-128E-Instruct-FP8,CQ,7,False
819,Anonymized_Llama-4-Maverick-17B-128E-Instruct-FP8,PQ,9,False
819,Anonymized_Llama-4-Maverick_fewshot,CQ,1,False
819,Anonymized_Llama-4-Maverick_fewshot,PQ,2,False
819,Anonymized_DeepSeek-V4-Pro,PQ,9,False
819,Anonymized_Llama-4-Maverick_fewshot,PQ,1,False
819,Anonymized_Llama-4-Maverick-17B-128E-Instruct-FP8,CQ,8,False
819,Anonymized_Llama-4-Maverick_fewshot,CQ,3,False
819,Anonymized_Llama-4-Maverick_fewshot,CQ,2,True
819,Anonymized_Llama-4-Maverick_fewshot,CQ,7,False
819,Anonymized_Llama-4-Maverick_fewshot,CQ,6,True
819,Anonymized_Llama-4-Maverick_fewshot,PQ,3,False
819,Anonymized_Llama-4-Maverick_fewshot,PQ,6,False
819,Anonymized_Llama-4-Maverick_fewshot,PQ,4,False
819,Anonymized_Llama-4-Maverick_fewshot,PQ,9,False
819,Anonymized_DeepSeek-V4-Pro,CQ,3,False
819,Anonymized_Llama-4-Maverick_synthetic,PQ,2,False
819,Anonymized_Llama-4-Maverick_fewshot,CQ,9,False
819,Anonymized_Llama-4-Maverick-17B-128E-Instruct-FP8,PQ,10,False
819,Anonymized_Llama-4-Maverick_fewshot,PQ,8,False
819,Anonymized_Llama-4-Maverick_synthetic,PQ,4,False
819,Anonymized_Llama-4-Maverick_synthetic,PQ,6,False
819,Anonymized_Llama-4-Maverick_fewshot,CQ,8,False
819,Anonymized_NER,PQ,10,False
819,Anonymized_Llama-4-Maverick_synthetic,CQ,2,True
819,Anonymized_Llama-4-Maverick_synthetic,CQ,7,False
819,Anonymized_Llama-4-Maverick_synthetic,PQ,8,False
819,Anonymized_Llama-4-Maverick_fewshot,PQ,7,False
819,Anonymized_Llama-4-Maverick_synthetic,CQ,6,True
819,Anonymized_Llama-4-Maverick_synthetic,CQ,1,False
819,Anonymized_Llama-4-Maverick_synthetic,CQ,10,False
819,Anonymized_Llama-4-Maverick-17B-128E-Instruct-FP8,CQ,10,False
819,Anonymized_Llama-4-Maverick_synthetic,CQ,4,True
819,Anonymized_Llama-4-Maverick-17B-128E-Instruct-FP8,PQ,3,False
819,Anonymized_Llama-4-Maverick_synthetic,PQ,3,False
819,Anonymized_Llama-4-Maverick_fewshot,CQ,10,False
819,Anonymized_Llama-4-Maverick_synthetic,PQ,10,False
819,Anonymized_Llama-4-Maverick_synthetic,CQ,8,False
819,Anonymized_Llama-4-Maverick_synthetic,PQ,1,False
819,Anonymized_Llama-4-Maverick_synthetic,CQ,9,False
819,Anonymized_Llama-4-Maverick_synthetic,PQ,9,False
819,Anonymized_Llama-4-Maverick_synthetic,PQ,7,False
819,Anonymized_Llama-4-Maverick_fewshot,CQ,4,True
819,Anonymized_Llama-4-Maverick_fewshot,CQ,5,False
819,Anonymized_Llama-4-Maverick_synthetic,CQ,5,False
819,Anonymized_Llama-4-Maverick_synthetic,PQ,5,False
878,Anonymized_gpt-3.5-turbo,CQ,3,True
819,Anonymized_Llama-4-Maverick_fewshot,PQ,10,False
878,Anonymized_gpt-3.5-turbo,PQ,4,False
878,Anonymized_gpt-3.5-turbo,PQ,6,False
878,Anonymized_gpt-3.5-turbo,CQ,4,False
878,Anonymized_gpt-3.5-turbo,PQ,3,False
878,Anonymized_gpt-3.5-turbo,PQ,1,True
819,Anonymized_Llama-4-Maverick_synthetic,CQ,3,False
819,Anonymized_gpt-3.5-turbo,PQ,3,False
878,Anonymized_gpt-3.5-turbo,PQ,5,False
878,Anonymized_gpt-3.5-turbo,CQ,1,True
878,Anonymized_gpt-3.5-turbo,PQ,10,False
878,Anonymized_gpt-3.5-turbo,CQ,7,False
878,Anonymized_gpt-3.5-turbo,PQ,7,False
878,Anonymized_gpt-4o,CQ,1,True
878,Anonymized_gpt-3.5-turbo,CQ,10,False
819,Anonymized_Llama-4-Maverick_fewshot,PQ,5,False
878,Anonymized_gpt-4o,PQ,1,True
878,Anonymized_gpt-4o,PQ,3,False
878,Anonymized_gpt-3.5-turbo,CQ,9,False
878,Anonymized_gpt-3.5-turbo,PQ,2,False
878,Anonymized_gpt-4o,PQ,4,False
878,Anonymized_gpt-3.5-turbo,CQ,8,False
878,Anonymized_gpt-4o,PQ,5,False
878,Anonymized_gpt-4o,CQ,2,True
878,Anonymized_gpt-4o,PQ,8,False
878,Anonymized_gpt-3.5-turbo,PQ,8,False
878,Anonymized_gpt-4o,CQ,3,True
878,Anonymized_gpt-3.5-turbo,CQ,5,False
878,Anonymized_gpt-3.5-turbo,PQ,9,False
878,Anonymized_gpt-4o,CQ,8,False
878,Anonymized_gpt-3.5-turbo,CQ,6,False
878,Anonymized_gpt-4o,CQ,7,False
878,Anonymized_gpt-4o,PQ,9,False
878,Anonymized_NER,CQ,1,True
878,Anonymized_NER,PQ,1,True
878,Anonymized_NER,PQ,2,False
878,Anonymized_gpt-4o,PQ,2,False
878,Anonymized_gpt-4o,CQ,6,False
878,Anonymized_NER,PQ,4,False
878,Anonymized_NER,CQ,5,False
878,Anonymized_NER,PQ,5,False
878,Anonymized_NER,PQ,6,False
878,Anonymized_gpt-4o,CQ,5,False
878,Anonymized_gpt-4o,CQ,4,False
878,Anonymized_gpt-3.5-turbo,CQ,2,True
878,Anonymized_NER,PQ,8,False
878,Anonymized_NER,CQ,6,False
878,Anonymized_NER,PQ,7,False
878,Anonymized_NER,CQ,9,False
878,Anonymized_gpt-4o,CQ,9,False
878,Anonymized_DeepSeek-V4-Pro,PQ,2,False
878,Anonymized_NER,PQ,3,True
878,Anonymized_DeepSeek-V4-Pro,PQ,3,False
878,Anonymized_DeepSeek-V4-Pro,PQ,4,False
878,Anonymized_NER,CQ,8,False
878,Anonymized_DeepSeek-V4-Pro,CQ,5,False
878,Anonymized_DeepSeek-V4-Pro,PQ,5,False
878,Anonymized_NER,CQ,4,False
878,Anonymized_NER,PQ,9,False
878,Anonymized_DeepSeek-V4-Pro,CQ,3,True
878,Anonymized_DeepSeek-V4-Pro,PQ,8,False
878,Anonymized_DeepSeek-V4-Pro,CQ,8,False
878,Anonymized_DeepSeek-V4-Pro,PQ,6,False
878,Anonymized_DeepSeek-V4-Pro,PQ,10,False
878,Anonymized_DeepSeek-V4-Pro,CQ,1,True
878,Anonymized_NER,CQ,2,True
878,Anonymized_DeepSeek-V4-Pro,PQ,7,False
878,Anonymized_Llama-4-Maverick-17B-128E-Instruct-FP8,PQ,1,False
878,Anonymized_DeepSeek-V4-Pro,CQ,4,False
878,Anonymized_Llama-4-Maverick-17B-128E-Instruct-FP8,CQ,2,True
878,Anonymized_Llama-4-Maverick-17B-128E-Instruct-FP8,PQ,4,False
878,Anonymized_Llama-4-Maverick-17B-128E-Instruct-FP8,CQ,3,True
878,Anonymized_DeepSeek-V4-Pro,CQ,6,False
878,Anonymized_Llama-4-Maverick-17B-128E-Instruct-FP8,CQ,5,False
878,Anonymized_Llama-4-Maverick-17B-128E-Instruct-FP8,PQ,2,False
878,Anonymized_Llama-4-Maverick-17B-128E-Instruct-FP8,PQ,3,False
878,Anonymized_Llama-4-Maverick-17B-128E-Instruct-FP8,PQ,7,False
878,Anonymized_DeepSeek-V4-Pro,CQ,7,False
878,Anonymized_NER,CQ,7,False
878,Anonymized_DeepSeek-V4-Pro,PQ,1,True
878,Anonymized_gpt-4o,PQ,10,False
878,Anonymized_NER,PQ,10,False
878,Anonymized_gpt-4o,PQ,7,False
878,Anonymized_Llama-4-Maverick-17B-128E-Instruct-FP8,PQ,8,False
878,Anonymized_Llama-4-Maverick-17B-128E-Instruct-FP8,PQ,6,False
878,Anonymized_Llama-4-Maverick-17B-128E-Instruct-FP8,PQ,9,False
878,Anonymized_DeepSeek-V4-Pro,PQ,9,False
878,Anonymized_NER,CQ,3,True
878,Anonymized_Llama-4-Maverick-17B-128E-Instruct-FP8,CQ,9,False
878,Anonymized_Llama-4-Maverick_fewshot,CQ,1,True
878,Anonymized_Llama-4-Maverick-17B-128E-Instruct-FP8,PQ,5,False
878,Anonymized_Llama-4-Maverick-17B-128E-Instruct-FP8,CQ,1,True
878,Anonymized_Llama-4-Maverick-17B-128E-Instruct-FP8,CQ,10,False
878,Anonymized_Llama-4-Maverick-17B-128E-Instruct-FP8,CQ,8,False
878,Anonymized_Llama-4-Maverick_fewshot,PQ,3,False
878,Anonymized_Llama-4-Maverick_fewshot,PQ,4,False
878,Anonymized_Llama-4-Maverick-17B-128E-Instruct-FP8,CQ,6,True
878,Anonymized_NER,CQ,10,False
878,Anonymized_DeepSeek-V4-Pro,CQ,9,False
878,Anonymized_Llama-4-Maverick-17B-128E-Instruct-FP8,CQ,7,False
878,Anonymized_DeepSeek-V4-Pro,CQ,10,False
878,Anonymized_Llama-4-Maverick_fewshot,CQ,3,True
878,Anonymized_DeepSeek-V4-Pro,CQ,2,True
878,Anonymized_Llama-4-Maverick_fewshot,PQ,8,False
878,Anonymized_Llama-4-Maverick_fewshot,CQ,5,False
878,Anonymized_Llama-4-Maverick_fewshot,PQ,5,False
878,Anonymized_gpt-4o,CQ,10,False
878,Anonymized_Llama-4-Maverick_fewshot,PQ,1,False
878,Anonymized_Llama-4-Maverick_fewshot,PQ,7,False
878,Anonymized_Llama-4-Maverick_fewshot,CQ,9,False
878,Anonymized_Llama-4-Maverick_synthetic,PQ,2,False
878,Anonymized_Llama-4-Maverick_fewshot,CQ,10,False
878,Anonymized_Llama-4-Maverick_fewshot,CQ,2,True
878,Anonymized_gpt-4o,PQ,6,False
878,Anonymized_Llama-4-Maverick-17B-128E-Instruct-FP8,CQ,4,False
878,Anonymized_Llama-4-Maverick_synthetic,CQ,2,True
878,Anonymized_Llama-4-Maverick_synthetic,CQ,3,True
878,Anonymized_Llama-4-Maverick_synthetic,PQ,5,False
878,Anonymized_Llama-4-Maverick_synthetic,PQ,7,False
878,Anonymized_Llama-4-Maverick_fewshot,PQ,10,False
878,Anonymized_Llama-4-Maverick_synthetic,CQ,6,False
878,Anonymized_Llama-4-Maverick_synthetic,PQ,6,False
878,Anonymized_Llama-4-Maverick_synthetic,PQ,9,False
878,Anonymized_Llama-4-Maverick_synthetic,PQ,1,True
878,Anonymized_Llama-4-Maverick-17B-128E-Instruct-FP8,PQ,10,False
878,Anonymized_Llama-4-Maverick_synthetic,PQ,10,False
878,Anonymized_Llama-4-Maverick_synthetic,CQ,10,False
878,Anonymized_Llama-4-Maverick_synthetic,CQ,5,False
878,Anonymized_Llama-4-Maverick_fewshot,CQ,6,False
878,Anonymized_Llama-4-Maverick_fewshot,PQ,6,False
878,Anonymized_Llama-4-Maverick_synthetic,PQ,3,False
878,Anonymized_Llama-4-Maverick_fewshot,PQ,9,False
878,Anonymized_Llama-4-Maverick_fewshot,CQ,7,False
878,Anonymized_Llama-4-Maverick_synthetic,CQ,8,False
878,Anonymized_Llama-4-Maverick_fewshot,CQ,4,False
878,Anonymized_Llama-4-Maverick_synthetic,CQ,9,False
878,Anonymized_Llama-4-Maverick_fewshot,PQ,2,False
878,Anonymized_Llama-4-Maverick_synthetic,CQ,4,False
878,Anonymized_Llama-4-Maverick_synthetic,PQ,4,False
878,Anonymized_Llama-4-Maverick_synthetic,CQ,1,True
878,Anonymized_Llama-4-Maverick_synthetic,CQ,7,False
878,Anonymized_Llama-4-Maverick_synthetic,PQ,8,False
878,Anonymized_Llama-4-Maverick_fewshot,CQ,8,False
