PatientID,Model,QuestionType,Verdict
25,Anonymized_gpt-4o,PQ,False
25,Anonymized_gpt-3.5-turbo,CQ,False
25,Anonymized_gpt-3.5-turbo,PQ,False
25,Anonymized_gpt-3.5-turbo,PQ,False
25,Anonymized_gpt-3.5-turbo,PQ,False
25,Anonymized_gpt-3.5-turbo,PQ,False
25,Anonymized_gpt-3.5-turbo,PQ,False
25,Anonymized_gpt-3.5-turbo,CQ,False
25,Anonymized_gpt-3.5-turbo,PQ,False
25,Anonymized_gpt-3.5-turbo,PQ,False
25,Anonymized_gpt-3.5-turbo,CQ,True
25,Anonymized_gpt-3.5-turbo,PQ,True
25,Anonymized_gpt-3.5-turbo,PQ,False
25,Anonymized_gpt-3.5-turbo,CQ,False
25,Anonymized_gpt-3.5-turbo,CQ,True
25,Anonymized_gpt-4o,PQ,False
25,Anonymized_gpt-4o,CQ,False
25,Anonymized_gpt-4o,PQ,False
25,Anonymized_gpt-3.5-turbo,PQ,False
25,Anonymized_gpt-4o,PQ,False
25,Anonymized_gpt-4o,CQ,False
25,Anonymized_gpt-4o,PQ,False
25,Anonymized_gpt-4o,CQ,False
25,Anonymized_gpt-3.5-turbo,CQ,False
25,Anonymized_gpt-4o,PQ,False
25,Anonymized_gpt-4o,CQ,False
25,Anonymized_gpt-4o,PQ,False
25,Anonymized_gpt-4o,PQ,False
25,Anonymized_gpt-4o,PQ,True
25,Anonymized_gpt-3.5-turbo,CQ,False
25,Anonymized_gpt-4o,CQ,False
25,Anonymized_gpt-4o,CQ,False
25,Anonymized_gpt-3.5-turbo,CQ,False
25,Anonymized_NER,PQ,False
25,Anonymized_NER,CQ,False
25,Anonymized_gpt-4o,CQ,True
25,Anonymized_NER,CQ,False
25,Anonymized_NER,CQ,False
25,Anonymized_gpt-4o,CQ,False
25,Anonymized_NER,CQ,False
25,Anonymized_gpt-4o,CQ,False
25,Anonymized_gpt-4o,PQ,False
25,Anonymized_NER,PQ,True
25,Anonymized_NER,PQ,False
25,Anonymized_NER,PQ,False
25,Anonymized_NER,CQ,False
25,Anonymized_gpt-3.5-turbo,CQ,False
25,Anonymized_DeepSeek-V4-Pro,PQ,False
25,Anonymized_DeepSeek-V4-Pro,CQ,False
25,Anonymized_NER,PQ,False
25,Anonymized_NER,PQ,False
25,Anonymized_DeepSeek-V4-Pro,PQ,False
25,Anonymized_NER,CQ,False
25,Anonymized_DeepSeek-V4-Pro,PQ,False
25,Anonymized_DeepSeek-V4-Pro,CQ,False
25,Anonymized_NER,CQ,True
25,Anonymized_DeepSeek-V4-Pro,CQ,False
25,Anonymized_DeepSeek-V4-Pro,PQ,False
25,Anonymized_DeepSeek-V4-Pro,CQ,False
25,Anonymized_NER,PQ,False
25,Anonymized_DeepSeek-V4-Pro,PQ,False
25,Anonymized_DeepSeek-V4-Pro,PQ,True
25,Anonymized_DeepSeek-V4-Pro,CQ,True
25,Anonymized_NER,PQ,False
25,Anonymized_NER,CQ,True
25,Anonymized_DeepSeek-V4-Pro,CQ,False
25,Anonymized_DeepSeek-V4-Pro,CQ,False
25,Anonymized_DeepSeek-V4-Pro,CQ,False
25,Anonymized_Llama-4-Maverick-17B-128E-Instruct-FP8,CQ,False
25,Anonymized_Llama-4-Maverick-17B-128E-Instruct-FP8,PQ,False
25,Anonymized_gpt-3.5-turbo,CQ,False
25,Anonymized_gpt-4o,CQ,True
25,Anonymized_DeepSeek-V4-Pro,PQ,False
25,Anonymized_Llama-4-Maverick-17B-128E-Instruct-FP8,PQ,False
25,Anonymized_Llama-4-Maverick-17B-128E-Instruct-FP8,PQ,False
25,Anonymized_DeepSeek-V4-Pro,CQ,False
25,Anonymized_Llama-4-Maverick-17B-128E-Instruct-FP8,PQ,False
25,Anonymized_DeepSeek-V4-Pro,CQ,True
25,Anonymized_Llama-4-Maverick-17B-128E-Instruct-FP8,CQ,False
25,Anonymized_Llama-4-Maverick-17B-128E-Instruct-FP8,PQ,False
25,Anonymized_NER,PQ,True
25,Anonymized_Llama-4-Maverick-17B-128E-Instruct-FP8,CQ,True
25,Anonymized_Llama-4-Maverick-17B-128E-Instruct-FP8,PQ,False
25,Anonymized_Llama-4-Maverick-17B-128E-Instruct-FP8,CQ,False
25,Anonymized_DeepSeek-V4-Pro,PQ,False
25,Anonymized_Llama-4-Maverick_fewshot,CQ,False
25,Anonymized_Llama-4-Maverick_fewshot,CQ,False
25,Anonymized_Llama-4-Maverick-17B-128E-Instruct-FP8,PQ,False
25,Anonymized_DeepSeek-V4-Pro,PQ,False
25,Anonymized_Llama-4-Maverick_fewshot,PQ,False
25,Anonymized_Llama-4-Maverick-17B-128E-Instruct-FP8,CQ,True
25,Anonymized_Llama-4-Maverick-17B-128E-Instruct-FP8,CQ,False
25,Anonymized_NER,PQ,False
25,Anonymized_Llama-4-Maverick-17B-128E-Instruct-FP8,PQ,False
25,Anonymized_Llama-4-Maverick_fewshot,CQ,False
25,Anonymized_Llama-4-Maverick-17B-128E-Instruct-FP8,CQ,False
25,Anonymized_Llama-4-Maverick-17B-128E-Instruct-FP8,CQ,True
25,Anonymized_Llama-4-Maverick_fewshot,PQ,False
25,Anonymized_DeepSeek-V4-Pro,PQ,False
25,Anonymized_Llama-4-Maverick-17B-128E-Instruct-FP8,PQ,False
25,Anonymized_Llama-4-Maverick-17B-128E-Instruct-FP8,CQ,False
25,Anonymized_Llama-4-Maverick_fewshot,PQ,False
25,Anonymized_Llama-4-Maverick_fewshot,PQ,False
25,Anonymized_Llama-4-Maverick_fewshot,CQ,False
25,Anonymized_NER,CQ,False
25,Anonymized_Llama-4-Maverick_fewshot,CQ,True
25,Anonymized_Llama-4-Maverick_fewshot,PQ,False
25,Anonymized_Llama-4-Maverick_fewshot,PQ,False
25,Anonymized_Llama-4-Maverick_fewshot,PQ,True
25,Anonymized_Llama-4-Maverick-17B-128E-Instruct-FP8,CQ,False
25,Anonymized_Llama-4-Maverick_fewshot,CQ,True
25,Anonymized_NER,CQ,False
25,Anonymized_Llama-4-Maverick_fewshot,CQ,False
25,Anonymized_Llama-4-Maverick_synthetic,PQ,False
25,Anonymized_Llama-4-Maverick_fewshot,PQ,False
25,Anonymized_Llama-4-Maverick_fewshot,CQ,True
25,Anonymized_Llama-4-Maverick_synthetic,CQ,False
25,Anonymized_Llama-4-Maverick_synthetic,CQ,False
25,Anonymized_Llama-4-Maverick_fewshot,PQ,False
25,Anonymized_Llama-4-Maverick_synthetic,CQ,False
25,Anonymized_Llama-4-Maverick_fewshot,CQ,False
25,Anonymized_Llama-4-Maverick_synthetic,PQ,False
25,Anonymized_Llama-4-Maverick_synthetic,PQ,False
25,Anonymized_Llama-4-Maverick-17B-128E-Instruct-FP8,PQ,True
25,Anonymized_Llama-4-Maverick_fewshot,CQ,False
25,Anonymized_Llama-4-Maverick_synthetic,PQ,True
25,Anonymized_Llama-4-Maverick_synthetic,CQ,False
25,Anonymized_Llama-4-Maverick_synthetic,CQ,True
25,Anonymized_Llama-4-Maverick_synthetic,PQ,False
25,Anonymized_Llama-4-Maverick_fewshot,PQ,False
25,Anonymized_Llama-4-Maverick_synthetic,PQ,False
25,Anonymized_Llama-4-Maverick_synthetic,CQ,True
25,Anonymized_Llama-4-Maverick_synthetic,CQ,False
25,Anonymized_Llama-4-Maverick_synthetic,PQ,False
25,Anonymized_Llama-4-Maverick_synthetic,PQ,False
25,Anonymized_Llama-4-Maverick_synthetic,CQ,False
32,Anonymized_gpt-3.5-turbo,PQ,False
25,Anonymized_Llama-4-Maverick_synthetic,CQ,False
25,Anonymized_Llama-4-Maverick_synthetic,PQ,False
25,Anonymized_Llama-4-Maverick_synthetic,PQ,False
32,Anonymized_gpt-3.5-turbo,PQ,False
25,Anonymized_Llama-4-Maverick_synthetic,CQ,False
32,Anonymized_gpt-4o,CQ,False
32,Anonymized_gpt-3.5-turbo,CQ,False
32,Anonymized_gpt-3.5-turbo,PQ,False
32,Anonymized_gpt-3.5-turbo,PQ,False
32,Anonymized_gpt-3.5-turbo,PQ,False
32,Anonymized_gpt-3.5-turbo,CQ,False
32,Anonymized_gpt-3.5-turbo,PQ,False
32,Anonymized_gpt-3.5-turbo,CQ,True
32,Anonymized_gpt-3.5-turbo,PQ,False
32,Anonymized_gpt-3.5-turbo,PQ,False
32,Anonymized_gpt-3.5-turbo,CQ,False
32,Anonymized_gpt-3.5-turbo,CQ,True
32,Anonymized_gpt-3.5-turbo,PQ,False
32,Anonymized_gpt-3.5-turbo,PQ,False
32,Anonymized_gpt-4o,CQ,True
32,Anonymized_gpt-4o,CQ,False
32,Anonymized_NER,CQ,False
32,Anonymized_gpt-4o,PQ,False
32,Anonymized_gpt-4o,PQ,False
32,Anonymized_gpt-4o,CQ,False
32,Anonymized_gpt-3.5-turbo,CQ,False
32,Anonymized_gpt-3.5-turbo,CQ,False
32,Anonymized_NER,PQ,False
32,Anonymized_gpt-4o,CQ,False
32,Anonymized_NER,PQ,False
32,Anonymized_gpt-4o,PQ,False
32,Anonymized_gpt-3.5-turbo,CQ,False
32,Anonymized_gpt-4o,CQ,False
32,Anonymized_gpt-3.5-turbo,CQ,False
32,Anonymized_gpt-4o,CQ,False
32,Anonymized_gpt-4o,PQ,False
32,Anonymized_gpt-4o,PQ,False
32,Anonymized_NER,CQ,False
32,Anonymized_NER,PQ,True
32,Anonymized_NER,CQ,False
32,Anonymized_NER,CQ,False
32,Anonymized_NER,CQ,False
32,Anonymized_DeepSeek-V4-Pro,PQ,False
32,Anonymized_gpt-4o,CQ,True
32,Anonymized_NER,PQ,False
32,Anonymized_NER,CQ,True
32,Anonymized_gpt-4o,PQ,False
32,Anonymized_gpt-4o,CQ,False
32,Anonymized_NER,PQ,False
32,Anonymized_NER,PQ,False
32,Anonymized_NER,PQ,False
32,Anonymized_NER,CQ,False
32,Anonymized_NER,PQ,False
32,Anonymized_DeepSeek-V4-Pro,CQ,False
32,Anonymized_DeepSeek-V4-Pro,CQ,False
32,Anonymized_gpt-4o,CQ,True
32,Anonymized_NER,CQ,True
32,Anonymized_DeepSeek-V4-Pro,PQ,True
32,Anonymized_DeepSeek-V4-Pro,PQ,False
32,Anonymized_DeepSeek-V4-Pro,PQ,False
32,Anonymized_gpt-4o,PQ,False
32,Anonymized_DeepSeek-V4-Pro,CQ,False
32,Anonymized_DeepSeek-V4-Pro,CQ,False
32,Anonymized_DeepSeek-V4-Pro,CQ,True
32,Anonymized_DeepSeek-V4-Pro,PQ,False
32,Anonymized_DeepSeek-V4-Pro,PQ,False
32,Anonymized_DeepSeek-V4-Pro,CQ,True
32,Anonymized_NER,PQ,False
32,Anonymized_gpt-4o,PQ,True
32,Anonymized_DeepSeek-V4-Pro,CQ,False
32,Anonymized_NER,PQ,False
32,Anonymized_Llama-4-Maverick-17B-128E-Instruct-FP8,CQ,False
32,Anonymized_Llama-4-Maverick-17B-128E-Instruct-FP8,CQ,False
32,Anonymized_Llama-4-Maverick-17B-128E-Instruct-FP8,CQ,False
32,Anonymized_Llama-4-Maverick-17B-128E-Instruct-FP8,CQ,False
32,Anonymized_DeepSeek-V4-Pro,PQ,False
32,Anonymized_Llama-4-Maverick-17B-128E-Instruct-FP8,PQ,False
32,Anonymized_Llama-4-Maverick-17B-128E-Instruct-FP8,PQ,True
32,Anonymized_NER,CQ,False
32,Anonymized_DeepSeek-V4-Pro,CQ,False
32,Anonymized_Llama-4-Maverick-17B-128E-Instruct-FP8,PQ,False
32,Anonymized_DeepSeek-V4-Pro,PQ,False
32,Anonymized_DeepSeek-V4-Pro,CQ,False
32,Anonymized_NER,CQ,False
32,Anonymized_Llama-4-Maverick-17B-128E-Instruct-FP8,CQ,False
32,Anonymized_Llama-4-Maverick_fewshot,PQ,False
32,Anonymized_DeepSeek-V4-Pro,PQ,False
32,Anonymized_Llama-4-Maverick-17B-128E-Instruct-FP8,PQ,False
32,Anonymized_Llama-4-Maverick-17B-128E-Instruct-FP8,CQ,True
32,Anonymized_Llama-4-Maverick-17B-128E-Instruct-FP8,CQ,False
32,Anonymized_Llama-4-Maverick_fewshot,CQ,False
32,Anonymized_Llama-4-Maverick-17B-128E-Instruct-FP8,PQ,False
32,Anonymized_Llama-4-Maverick_fewshot,CQ,False
32,Anonymized_gpt-3.5-turbo,CQ,True
32,Anonymized_Llama-4-Maverick_fewshot,PQ,False
32,Anonymized_DeepSeek-V4-Pro,PQ,False
32,Anonymized_Llama-4-Maverick-17B-128E-Instruct-FP8,PQ,False
32,Anonymized_Llama-4-Maverick-17B-128E-Instruct-FP8,CQ,True
32,Anonymized_Llama-4-Maverick-17B-128E-Instruct-FP8,CQ,False
32,Anonymized_Llama-4-Maverick_fewshot,CQ,False
32,Anonymized_Llama-4-Maverick-17B-128E-Instruct-FP8,PQ,False
32,Anonymized_Llama-4-Maverick_fewshot,CQ,False
32,Anonymized_Llama-4-Maverick_synthetic,CQ,True
32,Anonymized_Llama-4-Maverick_synthetic,PQ,False
32,Anonymized_gpt-4o,PQ,False
32,Anonymized_Llama-4-Maverick_fewshot,CQ,False
32,Anonymized_Llama-4-Maverick_fewshot,PQ,False
32,Anonymized_Llama-4-Maverick_fewshot,PQ,False
32,Anonymized_Llama-4-Maverick-17B-128E-Instruct-FP8,PQ,False
32,Anonymized_Llama-4-Maverick_synthetic,PQ,False
32,Anonymized_DeepSeek-V4-Pro,CQ,False
32,Anonymized_Llama-4-Maverick_fewshot,CQ,True
32,Anonymized_gpt-4o,PQ,False
32,Anonymized_Llama-4-Maverick_synthetic,PQ,True
32,Anonymized_Llama-4-Maverick_fewshot,CQ,True
32,Anonymized_Llama-4-Maverick_fewshot,PQ,False
32,Anonymized_Llama-4-Maverick_synthetic,CQ,False
32,Anonymized_Llama-4-Maverick_fewshot,CQ,False
32,Anonymized_Llama-4-Maverick-17B-128E-Instruct-FP8,CQ,True
32,Anonymized_Llama-4-Maverick_synthetic,PQ,False
32,Anonymized_Llama-4-Maverick_synthetic,CQ,False
32,Anonymized_Llama-4-Maverick_synthetic,PQ,False
32,Anonymized_Llama-4-Maverick_synthetic,CQ,False
32,Anonymized_Llama-4-Maverick_synthetic,CQ,False
32,Anonymized_Llama-4-Maverick_synthetic,PQ,False
32,Anonymized_Llama-4-Maverick_synthetic,CQ,False
32,Anonymized_Llama-4-Maverick_fewshot,PQ,False
32,Anonymized_Llama-4-Maverick_synthetic,PQ,False
32,Anonymized_Llama-4-Maverick_synthetic,PQ,False
32,Anonymized_Llama-4-Maverick_fewshot,PQ,False
32,Anonymized_Llama-4-Maverick-17B-128E-Instruct-FP8,PQ,False
32,Anonymized_Llama-4-Maverick_synthetic,PQ,False
32,Anonymized_Llama-4-Maverick_fewshot,PQ,False
32,Anonymized_Llama-4-Maverick_synthetic,CQ,False
32,Anonymized_Llama-4-Maverick-17B-128E-Instruct-FP8,PQ,False
41,Anonymized_gpt-3.5-turbo,PQ,False
32,Anonymized_Llama-4-Maverick_fewshot,CQ,False
32,Anonymized_Llama-4-Maverick_synthetic,CQ,True
41,Anonymized_gpt-3.5-turbo,CQ,False
41,Anonymized_gpt-3.5-turbo,PQ,False
32,Anonymized_Llama-4-Maverick_synthetic,CQ,False
32,Anonymized_Llama-4-Maverick_synthetic,PQ,False
41,Anonymized_gpt-3.5-turbo,CQ,True
41,Anonymized_gpt-3.5-turbo,CQ,True
32,Anonymized_Llama-4-Maverick_synthetic,CQ,False
41,Anonymized_gpt-3.5-turbo,PQ,False
32,Anonymized_Llama-4-Maverick_fewshot,PQ,False
32,Anonymized_Llama-4-Maverick_fewshot,CQ,True
32,Anonymized_Llama-4-Maverick_fewshot,PQ,False
41,Anonymized_gpt-3.5-turbo,PQ,False
41,Anonymized_gpt-4o,PQ,False
41,Anonymized_gpt-4o,PQ,False
41,Anonymized_gpt-3.5-turbo,PQ,False
41,Anonymized_gpt-3.5-turbo,PQ,True
41,Anonymized_gpt-4o,CQ,True
41,Anonymized_gpt-3.5-turbo,CQ,True
41,Anonymized_gpt-3.5-turbo,CQ,True
41,Anonymized_gpt-4o,CQ,True
41,Anonymized_gpt-4o,CQ,False
41,Anonymized_gpt-3.5-turbo,CQ,False
41,Anonymized_gpt-3.5-turbo,CQ,False
41,Anonymized_gpt-3.5-turbo,CQ,False
41,Anonymized_gpt-3.5-turbo,PQ,True
41,Anonymized_gpt-4o,CQ,True
41,Anonymized_gpt-4o,CQ,True
41,Anonymized_gpt-4o,PQ,True
41,Anonymized_gpt-4o,PQ,False
41,Anonymized_gpt-4o,PQ,False
41,Anonymized_gpt-4o,PQ,False
41,Anonymized_NER,PQ,True
41,Anonymized_NER,CQ,True
41,Anonymized_gpt-3.5-turbo,PQ,False
41,Anonymized_gpt-3.5-turbo,CQ,True
41,Anonymized_gpt-4o,CQ,False
41,Anonymized_gpt-4o,CQ,False
41,Anonymized_NER,CQ,False
41,Anonymized_gpt-4o,PQ,False
41,Anonymized_gpt-4o,PQ,True
41,Anonymized_gpt-4o,CQ,False
41,Anonymized_gpt-4o,PQ,False
41,Anonymized_NER,CQ,True
41,Anonymized_NER,CQ,True
41,Anonymized_NER,PQ,True
41,Anonymized_NER,CQ,True
41,Anonymized_NER,PQ,False
41,Anonymized_NER,CQ,False
41,Anonymized_DeepSeek-V4-Pro,PQ,False
41,Anonymized_gpt-4o,CQ,False
41,Anonymized_DeepSeek-V4-Pro,CQ,True
41,Anonymized_NER,PQ,False
41,Anonymized_NER,CQ,False
41,Anonymized_gpt-4o,PQ,False
41,Anonymized_DeepSeek-V4-Pro,CQ,True
41,Anonymized_gpt-3.5-turbo,CQ,False
41,Anonymized_DeepSeek-V4-Pro,CQ,True
41,Anonymized_NER,PQ,False
41,Anonymized_NER,CQ,False
41,Anonymized_DeepSeek-V4-Pro,PQ,False
41,Anonymized_DeepSeek-V4-Pro,PQ,False
41,Anonymized_DeepSeek-V4-Pro,CQ,False
41,Anonymized_DeepSeek-V4-Pro,PQ,False
41,Anonymized_DeepSeek-V4-Pro,PQ,False
41,Anonymized_NER,PQ,False
41,Anonymized_DeepSeek-V4-Pro,PQ,False
41,Anonymized_DeepSeek-V4-Pro,CQ,True
41,Anonymized_DeepSeek-V4-Pro,CQ,False
41,Anonymized_gpt-4o,CQ,True
41,Anonymized_NER,PQ,False
41,Anonymized_DeepSeek-V4-Pro,CQ,True
41,Anonymized_DeepSeek-V4-Pro,PQ,True
41,Anonymized_NER,PQ,True
41,Anonymized_NER,CQ,False
41,Anonymized_DeepSeek-V4-Pro,PQ,True
41,Anonymized_Llama-4-Maverick-17B-128E-Instruct-FP8,PQ,False
41,Anonymized_Llama-4-Maverick-17B-128E-Instruct-FP8,CQ,True
41,Anonymized_NER,PQ,False
41,Anonymized_NER,CQ,True
41,Anonymized_DeepSeek-V4-Pro,PQ,False
41,Anonymized_Llama-4-Maverick-17B-128E-Instruct-FP8,PQ,False
41,Anonymized_Llama-4-Maverick-17B-128E-Instruct-FP8,CQ,True
41,Anonymized_Llama-4-Maverick-17B-128E-Instruct-FP8,PQ,False
41,Anonymized_DeepSeek-V4-Pro,CQ,False
41,Anonymized_Llama-4-Maverick-17B-128E-Instruct-FP8,CQ,True
41,Anonymized_Llama-4-Maverick-17B-128E-Instruct-FP8,CQ,False
41,Anonymized_Llama-4-Maverick-17B-128E-Instruct-FP8,CQ,False
41,Anonymized_DeepSeek-V4-Pro,CQ,False
41,Anonymized_Llama-4-Maverick-17B-128E-Instruct-FP8,CQ,True
41,Anonymized_Llama-4-Maverick-17B-128E-Instruct-FP8,PQ,False
41,Anonymized_DeepSeek-V4-Pro,CQ,True
41,Anonymized_Llama-4-Maverick_fewshot,PQ,False
41,Anonymized_Llama-4-Maverick_fewshot,PQ,False
41,Anonymized_Llama-4-Maverick_fewshot,PQ,False
41,Anonymized_Llama-4-Maverick_fewshot,PQ,False
41,Anonymized_Llama-4-Maverick-17B-128E-Instruct-FP8,PQ,True
41,Anonymized_Llama-4-Maverick-17B-128E-Instruct-FP8,CQ,True
41,Anonymized_Llama-4-Maverick_fewshot,CQ,True
41,Anonymized_Llama-4-Maverick-17B-128E-Instruct-FP8,CQ,False
41,Anonymized_Llama-4-Maverick_fewshot,PQ,False
41,Anonymized_Llama-4-Maverick-17B-128E-Instruct-FP8,PQ,False
41,Anonymized_Llama-4-Maverick-17B-128E-Instruct-FP8,PQ,False
41,Anonymized_Llama-4-Maverick_fewshot,PQ,False
41,Anonymized_Llama-4-Maverick_fewshot,CQ,False
41,Anonymized_Llama-4-Maverick_synthetic,PQ,False
41,Anonymized_Llama-4-Maverick_fewshot,CQ,True
41,Anonymized_Llama-4-Maverick_synthetic,CQ,True
41,Anonymized_Llama-4-Maverick_fewshot,PQ,False
41,Anonymized_Llama-4-Maverick-17B-128E-Instruct-FP8,PQ,False
41,Anonymized_Llama-4-Maverick_synthetic,CQ,True
41,Anonymized_DeepSeek-V4-Pro,PQ,False
41,Anonymized_Llama-4-Maverick_fewshot,CQ,False
41,Anonymized_Llama-4-Maverick_fewshot,CQ,True
41,Anonymized_Llama-4-Maverick_synthetic,PQ,True
41,Anonymized_Llama-4-Maverick_fewshot,PQ,False
41,Anonymized_NER,PQ,False
41,Anonymized_Llama-4-Maverick_synthetic,CQ,True
41,Anonymized_Llama-4-Maverick_fewshot,CQ,True
41,Anonymized_Llama-4-Maverick-17B-128E-Instruct-FP8,CQ,False
41,Anonymized_Llama-4-Maverick_synthetic,PQ,False
41,Anonymized_Llama-4-Maverick_fewshot,CQ,True
41,Anonymized_Llama-4-Maverick_synthetic,PQ,False
41,Anonymized_Llama-4-Maverick_synthetic,PQ,True
41,Anonymized_gpt-3.5-turbo,PQ,False
41,Anonymized_Llama-4-Maverick_synthetic,PQ,False
41,Anonymized_Llama-4-Maverick-17B-128E-Instruct-FP8,CQ,False
41,Anonymized_Llama-4-Maverick_synthetic,PQ,False
41,Anonymized_Llama-4-Maverick_synthetic,PQ,False
41,Anonymized_Llama-4-Maverick_synthetic,CQ,False
41,Anonymized_Llama-4-Maverick_synthetic,CQ,False
41,Anonymized_Llama-4-Maverick_synthetic,CQ,True
41,Anonymized_Llama-4-Maverick_synthetic,PQ,False
41,Anonymized_Llama-4-Maverick-17B-128E-Instruct-FP8,PQ,False
41,Anonymized_Llama-4-Maverick-17B-128E-Instruct-FP8,PQ,False
46,Anonymized_gpt-3.5-turbo,CQ,False
41,Anonymized_Llama-4-Maverick_fewshot,CQ,False
46,Anonymized_gpt-3.5-turbo,CQ,False
46,Anonymized_gpt-3.5-turbo,PQ,False
41,Anonymized_Llama-4-Maverick_fewshot,CQ,False
41,Anonymized_Llama-4-Maverick_fewshot,PQ,False
41,Anonymized_Llama-4-Maverick_fewshot,CQ,False
46,Anonymized_gpt-3.5-turbo,CQ,True
41,Anonymized_Llama-4-Maverick_synthetic,CQ,False
41,Anonymized_Llama-4-Maverick_synthetic,PQ,True
41,Anonymized_Llama-4-Maverick_fewshot,PQ,False
41,Anonymized_Llama-4-Maverick_synthetic,CQ,False
41,Anonymized_Llama-4-Maverick_synthetic,CQ,False
41,Anonymized_Llama-4-Maverick_synthetic,CQ,True
46,Anonymized_gpt-3.5-turbo,PQ,False
46,Anonymized_gpt-3.5-turbo,PQ,False
46,Anonymized_gpt-3.5-turbo,CQ,False
46,Anonymized_gpt-3.5-turbo,PQ,False
46,Anonymized_gpt-3.5-turbo,PQ,False
46,Anonymized_gpt-4o,PQ,False
46,Anonymized_gpt-4o,PQ,False
46,Anonymized_gpt-3.5-turbo,CQ,True
46,Anonymized_gpt-3.5-turbo,PQ,False
46,Anonymized_gpt-3.5-turbo,PQ,False
46,Anonymized_gpt-4o,CQ,False
46,Anonymized_gpt-3.5-turbo,PQ,False
46,Anonymized_gpt-3.5-turbo,PQ,False
46,Anonymized_gpt-4o,CQ,False
46,Anonymized_gpt-3.5-turbo,CQ,False
46,Anonymized_gpt-3.5-turbo,CQ,True
46,Anonymized_NER,CQ,True
46,Anonymized_gpt-4o,PQ,False
46,Anonymized_gpt-4o,CQ,False
46,Anonymized_gpt-4o,PQ,False
46,Anonymized_gpt-4o,CQ,True
46,Anonymized_gpt-3.5-turbo,CQ,False
46,Anonymized_NER,PQ,False
46,Anonymized_gpt-3.5-turbo,CQ,False
46,Anonymized_gpt-4o,PQ,False
46,Anonymized_gpt-4o,CQ,True
46,Anonymized_NER,PQ,False
46,Anonymized_gpt-4o,PQ,False
46,Anonymized_gpt-4o,CQ,False
46,Anonymized_gpt-4o,PQ,False
46,Anonymized_gpt-4o,PQ,False
46,Anonymized_gpt-3.5-turbo,PQ,False
46,Anonymized_NER,PQ,False
46,Anonymized_NER,CQ,False
46,Anonymized_NER,PQ,False
46,Anonymized_NER,PQ,False
46,Anonymized_NER,CQ,False
46,Anonymized_gpt-4o,CQ,True
46,Anonymized_NER,CQ,False
46,Anonymized_gpt-4o,CQ,False
46,Anonymized_NER,CQ,False
46,Anonymized_NER,CQ,False
46,Anonymized_gpt-4o,CQ,False
46,Anonymized_gpt-3.5-turbo,CQ,False
46,Anonymized_NER,CQ,True
46,Anonymized_NER,PQ,True
41,Anonymized_gpt-3.5-turbo,PQ,False
46,Anonymized_DeepSeek-V4-Pro,CQ,False
46,Anonymized_DeepSeek-V4-Pro,PQ,False
46,Anonymized_DeepSeek-V4-Pro,PQ,False
46,Anonymized_NER,CQ,False
46,Anonymized_NER,PQ,False
46,Anonymized_DeepSeek-V4-Pro,CQ,True
46,Anonymized_DeepSeek-V4-Pro,PQ,False
46,Anonymized_DeepSeek-V4-Pro,CQ,True
46,Anonymized_DeepSeek-V4-Pro,PQ,True
46,Anonymized_gpt-4o,PQ,False
46,Anonymized_DeepSeek-V4-Pro,CQ,False
46,Anonymized_NER,PQ,False
46,Anonymized_NER,CQ,True
46,Anonymized_DeepSeek-V4-Pro,PQ,False
46,Anonymized_NER,CQ,False
46,Anonymized_DeepSeek-V4-Pro,CQ,False
46,Anonymized_gpt-4o,PQ,True
46,Anonymized_DeepSeek-V4-Pro,PQ,False
46,Anonymized_Llama-4-Maverick-17B-128E-Instruct-FP8,PQ,False
46,Anonymized_DeepSeek-V4-Pro,CQ,False
46,Anonymized_NER,PQ,False
46,Anonymized_DeepSeek-V4-Pro,PQ,False
46,Anonymized_Llama-4-Maverick-17B-128E-Instruct-FP8,PQ,False
46,Anonymized_DeepSeek-V4-Pro,CQ,False
46,Anonymized_DeepSeek-V4-Pro,CQ,False
46,Anonymized_Llama-4-Maverick-17B-128E-Instruct-FP8,PQ,False
46,Anonymized_gpt-4o,CQ,False
46,Anonymized_DeepSeek-V4-Pro,PQ,False
46,Anonymized_Llama-4-Maverick-17B-128E-Instruct-FP8,PQ,False
46,Anonymized_Llama-4-Maverick-17B-128E-Instruct-FP8,CQ,False
46,Anonymized_Llama-4-Maverick-17B-128E-Instruct-FP8,CQ,True
46,Anonymized_Llama-4-Maverick-17B-128E-Instruct-FP8,CQ,False
46,Anonymized_DeepSeek-V4-Pro,PQ,False
46,Anonymized_Llama-4-Maverick-17B-128E-Instruct-FP8,CQ,True
46,Anonymized_NER,PQ,False
46,Anonymized_Llama-4-Maverick-17B-128E-Instruct-FP8,CQ,True
46,Anonymized_Llama-4-Maverick_fewshot,CQ,False
46,Anonymized_Llama-4-Maverick_fewshot,CQ,True
46,Anonymized_Llama-4-Maverick_fewshot,CQ,False
46,Anonymized_DeepSeek-V4-Pro,CQ,False
46,Anonymized_Llama-4-Maverick-17B-128E-Instruct-FP8,PQ,False
46,Anonymized_Llama-4-Maverick-17B-128E-Instruct-FP8,PQ,False
46,Anonymized_Llama-4-Maverick-17B-128E-Instruct-FP8,PQ,False
46,Anonymized_Llama-4-Maverick_fewshot,PQ,False
46,Anonymized_Llama-4-Maverick-17B-128E-Instruct-FP8,CQ,False
46,Anonymized_Llama-4-Maverick-17B-128E-Instruct-FP8,PQ,False
46,Anonymized_DeepSeek-V4-Pro,CQ,True
46,Anonymized_Llama-4-Maverick-17B-128E-Instruct-FP8,PQ,False
46,Anonymized_Llama-4-Maverick_synthetic,CQ,False
46,Anonymized_Llama-4-Maverick_fewshot,CQ,False
46,Anonymized_Llama-4-Maverick_fewshot,CQ,False
46,Anonymized_Llama-4-Maverick_fewshot,PQ,False
46,Anonymized_Llama-4-Maverick-17B-128E-Instruct-FP8,PQ,False
46,Anonymized_Llama-4-Maverick_fewshot,PQ,False
46,Anonymized_Llama-4-Maverick_fewshot,PQ,False
46,Anonymized_Llama-4-Maverick_synthetic,PQ,True
46,Anonymized_Llama-4-Maverick-17B-128E-Instruct-FP8,CQ,False
46,Anonymized_Llama-4-Maverick_fewshot,CQ,False
46,Anonymized_Llama-4-Maverick_fewshot,CQ,False
46,Anonymized_Llama-4-Maverick-17B-128E-Instruct-FP8,CQ,False
46,Anonymized_Llama-4-Maverick-17B-128E-Instruct-FP8,CQ,False
46,Anonymized_Llama-4-Maverick_fewshot,CQ,True
46,Anonymized_Llama-4-Maverick_fewshot,PQ,False
46,Anonymized_Llama-4-Maverick_fewshot,PQ,True
46,Anonymized_Llama-4-Maverick_synthetic,PQ,False
46,Anonymized_Llama-4-Maverick-17B-128E-Instruct-FP8,CQ,False
46,Anonymized_Llama-4-Maverick_synthetic,CQ,True
46,Anonymized_Llama-4-Maverick_synthetic,CQ,True
46,Anonymized_Llama-4-Maverick_synthetic,PQ,False
46,Anonymized_Llama-4-Maverick_fewshot,PQ,False
46,Anonymized_Llama-4-Maverick_synthetic,CQ,False
46,Anonymized_Llama-4-Maverick_fewshot,PQ,False
46,Anonymized_DeepSeek-V4-Pro,PQ,False
46,Anonymized_Llama-4-Maverick_fewshot,CQ,False
46,Anonymized_Llama-4-Maverick_synthetic,PQ,False
46,Anonymized_Llama-4-Maverick_synthetic,PQ,False
46,Anonymized_Llama-4-Maverick_fewshot,CQ,True
46,Anonymized_Llama-4-Maverick_synthetic,CQ,False
46,Anonymized_Llama-4-Maverick_fewshot,PQ,False
46,Anonymized_Llama-4-Maverick_synthetic,CQ,False
68,Anonymized_gpt-3.5-turbo,PQ,False
68,Anonymized_gpt-3.5-turbo,PQ,False
46,Anonymized_Llama-4-Maverick_fewshot,PQ,False
68,Anonymized_gpt-3.5-turbo,CQ,False
68,Anonymized_gpt-3.5-turbo,PQ,False
68,Anonymized_gpt-3.5-turbo,CQ,True
68,Anonymized_gpt-3.5-turbo,PQ,False
46,Anonymized_Llama-4-Maverick_synthetic,CQ,False
68,Anonymized_gpt-3.5-turbo,PQ,False
68,Anonymized_gpt-3.5-turbo,CQ,True
68,Anonymized_gpt-3.5-turbo,CQ,True
68,Anonymized_gpt-3.5-turbo,CQ,False
68,Anonymized_gpt-3.5-turbo,CQ,True
68,Anonymized_gpt-3.5-turbo,CQ,False
68,Anonymized_gpt-3.5-turbo,CQ,False
46,Anonymized_Llama-4-Maverick_synthetic,PQ,False
68,Anonymized_gpt-4o,CQ,False
46,Anonymized_Llama-4-Maverick_synthetic,PQ,True
68,Anonymized_gpt-4o,PQ,False
68,Anonymized_gpt-4o,PQ,False
68,Anonymized_gpt-3.5-turbo,PQ,False
68,Anonymized_gpt-4o,PQ,False
68,Anonymized_gpt-4o,PQ,True
46,Anonymized_Llama-4-Maverick_synthetic,CQ,False
68,Anonymized_gpt-4o,CQ,False
46,Anonymized_Llama-4-Maverick_synthetic,PQ,False
68,Anonymized_gpt-3.5-turbo,PQ,False
46,Anonymized_Llama-4-Maverick_synthetic,PQ,False
68,Anonymized_NER,PQ,False
68,Anonymized_gpt-4o,PQ,False
68,Anonymized_gpt-4o,PQ,False
68,Anonymized_gpt-4o,PQ,False
46,Anonymized_Llama-4-Maverick_synthetic,PQ,False
68,Anonymized_gpt-4o,PQ,False
68,Anonymized_gpt-4o,CQ,True
68,Anonymized_NER,PQ,False
68,Anonymized_NER,CQ,True
68,Anonymized_NER,CQ,True
68,Anonymized_NER,PQ,False
68,Anonymized_gpt-3.5-turbo,PQ,False
68,Anonymized_NER,PQ,False
68,Anonymized_NER,CQ,True
68,Anonymized_NER,PQ,False
68,Anonymized_gpt-3.5-turbo,PQ,False
68,Anonymized_DeepSeek-V4-Pro,PQ,False
68,Anonymized_NER,PQ,False
68,Anonymized_gpt-3.5-turbo,PQ,True
68,Anonymized_DeepSeek-V4-Pro,PQ,False
68,Anonymized_DeepSeek-V4-Pro,CQ,False
68,Anonymized_DeepSeek-V4-Pro,CQ,False
68,Anonymized_NER,PQ,False
68,Anonymized_DeepSeek-V4-Pro,PQ,False
46,Anonymized_Llama-4-Maverick_synthetic,CQ,False
68,Anonymized_DeepSeek-V4-Pro,CQ,True
68,Anonymized_gpt-4o,CQ,True
68,Anonymized_gpt-4o,CQ,False
68,Anonymized_DeepSeek-V4-Pro,PQ,False
68,Anonymized_NER,PQ,False
68,Anonymized_DeepSeek-V4-Pro,CQ,True
68,Anonymized_gpt-4o,CQ,False
68,Anonymized_NER,CQ,True
68,Anonymized_gpt-4o,CQ,True
68,Anonymized_NER,CQ,False
68,Anonymized_DeepSeek-V4-Pro,CQ,True
68,Anonymized_NER,CQ,False
68,Anonymized_NER,CQ,False
68,Anonymized_NER,CQ,True
68,Anonymized_Llama-4-Maverick-17B-128E-Instruct-FP8,PQ,False
68,Anonymized_Llama-4-Maverick-17B-128E-Instruct-FP8,PQ,False
68,Anonymized_Llama-4-Maverick-17B-128E-Instruct-FP8,CQ,False
46,Anonymized_Llama-4-Maverick_synthetic,CQ,True
68,Anonymized_gpt-4o,PQ,False
68,Anonymized_DeepSeek-V4-Pro,PQ,False
68,Anonymized_Llama-4-Maverick-17B-128E-Instruct-FP8,PQ,False
68,Anonymized_DeepSeek-V4-Pro,PQ,True
68,Anonymized_Llama-4-Maverick-17B-128E-Instruct-FP8,CQ,False
68,Anonymized_Llama-4-Maverick-17B-128E-Instruct-FP8,PQ,False
68,Anonymized_DeepSeek-V4-Pro,CQ,True
68,Anonymized_gpt-4o,CQ,False
68,Anonymized_gpt-4o,CQ,True
68,Anonymized_Llama-4-Maverick-17B-128E-Instruct-FP8,CQ,True
68,Anonymized_Llama-4-Maverick-17B-128E-Instruct-FP8,PQ,False
68,Anonymized_Llama-4-Maverick-17B-128E-Instruct-FP8,PQ,False
68,Anonymized_NER,CQ,False
68,Anonymized_DeepSeek-V4-Pro,CQ,False
68,Anonymized_DeepSeek-V4-Pro,PQ,False
68,Anonymized_Llama-4-Maverick-17B-128E-Instruct-FP8,CQ,True
68,Anonymized_Llama-4-Maverick-17B-128E-Instruct-FP8,PQ,False
68,Anonymized_NER,PQ,True
68,Anonymized_Llama-4-Maverick-17B-128E-Instruct-FP8,CQ,True
68,Anonymized_NER,PQ,False
68,Anonymized_DeepSeek-V4-Pro,PQ,False
68,Anonymized_gpt-4o,PQ,False
68,Anonymized_Llama-4-Maverick-17B-128E-Instruct-FP8,PQ,False
68,Anonymized_DeepSeek-V4-Pro,CQ,True
68,Anonymized_DeepSeek-V4-Pro,PQ,False
68,Anonymized_gpt-3.5-turbo,CQ,False
68,Anonymized_Llama-4-Maverick_fewshot,CQ,False
68,Anonymized_gpt-3.5-turbo,CQ,False
68,Anonymized_DeepSeek-V4-Pro,PQ,False
68,Anonymized_DeepSeek-V4-Pro,CQ,False
68,Anonymized_Llama-4-Maverick_fewshot,PQ,False
68,Anonymized_Llama-4-Maverick_fewshot,CQ,True
68,Anonymized_Llama-4-Maverick-17B-128E-Instruct-FP8,PQ,False
68,Anonymized_Llama-4-Maverick_fewshot,CQ,False
68,Anonymized_Llama-4-Maverick_synthetic,CQ,True
68,Anonymized_Llama-4-Maverick-17B-128E-Instruct-FP8,CQ,True
68,Anonymized_Llama-4-Maverick_fewshot,CQ,True
68,Anonymized_Llama-4-Maverick_fewshot,PQ,False
68,Anonymized_gpt-4o,CQ,True
68,Anonymized_Llama-4-Maverick_fewshot,CQ,True
68,Anonymized_Llama-4-Maverick_fewshot,CQ,True
68,Anonymized_Llama-4-Maverick_fewshot,PQ,False
68,Anonymized_Llama-4-Maverick_fewshot,CQ,False
68,Anonymized_Llama-4-Maverick_fewshot,PQ,False
68,Anonymized_Llama-4-Maverick_fewshot,CQ,False
68,Anonymized_Llama-4-Maverick-17B-128E-Instruct-FP8,PQ,False
68,Anonymized_Llama-4-Maverick_synthetic,CQ,True
68,Anonymized_Llama-4-Maverick_fewshot,CQ,True
68,Anonymized_Llama-4-Maverick_synthetic,CQ,True
68,Anonymized_Llama-4-Maverick_synthetic,PQ,False
68,Anonymized_Llama-4-Maverick-17B-128E-Instruct-FP8,CQ,False
68,Anonymized_Llama-4-Maverick_synthetic,PQ,False
68,Anonymized_Llama-4-Maverick_synthetic,CQ,False
68,Anonymized_Llama-4-Maverick-17B-128E-Instruct-FP8,CQ,False
68,Anonymized_Llama-4-Maverick_synthetic,CQ,False
68,Anonymized_NER,CQ,False
68,Anonymized_Llama-4-Maverick_fewshot,CQ,False
69,Anonymized_gpt-3.5-turbo,CQ,True
68,Anonymized_Llama-4-Maverick_synthetic,CQ,True
69,Anonymized_gpt-3.5-turbo,PQ,True
68,Anonymized_Llama-4-Maverick_synthetic,CQ,False
68,Anonymized_Llama-4-Maverick_fewshot,PQ,False
68,Anonymized_Llama-4-Maverick_fewshot,PQ,False
69,Anonymized_gpt-3.5-turbo,PQ,False
68,Anonymized_Llama-4-Maverick_synthetic,PQ,False
69,Anonymized_gpt-3.5-turbo,CQ,False
69,Anonymized_gpt-3.5-turbo,PQ,False
68,Anonymized_Llama-4-Maverick_synthetic,CQ,True
69,Anonymized_gpt-3.5-turbo,PQ,True
69,Anonymized_gpt-3.5-turbo,CQ,True
69,Anonymized_gpt-3.5-turbo,PQ,False
68,Anonymized_Llama-4-Maverick_synthetic,CQ,False
69,Anonymized_gpt-3.5-turbo,PQ,True
68,Anonymized_Llama-4-Maverick-17B-128E-Instruct-FP8,CQ,False
68,Anonymized_Llama-4-Maverick_synthetic,PQ,False
68,Anonymized_Llama-4-Maverick_synthetic,PQ,False
69,Anonymized_gpt-3.5-turbo,PQ,False
68,Anonymized_Llama-4-Maverick_synthetic,PQ,False
69,Anonymized_gpt-3.5-turbo,PQ,False
68,Anonymized_Llama-4-Maverick_synthetic,PQ,False
69,Anonymized_gpt-3.5-turbo,PQ,False
69,Anonymized_gpt-3.5-turbo,CQ,True
68,Anonymized_Llama-4-Maverick-17B-128E-Instruct-FP8,CQ,False
68,Anonymized_DeepSeek-V4-Pro,CQ,False
69,Anonymized_gpt-4o,PQ,False
69,Anonymized_gpt-3.5-turbo,CQ,False
69,Anonymized_gpt-4o,CQ,False
69,Anonymized_gpt-3.5-turbo,CQ,True
69,Anonymized_gpt-4o,PQ,False
68,Anonymized_Llama-4-Maverick_synthetic,CQ,False
69,Anonymized_gpt-4o,CQ,True
69,Anonymized_gpt-4o,CQ,True
69,Anonymized_gpt-4o,CQ,True
69,Anonymized_NER,PQ,False
69,Anonymized_gpt-4o,PQ,True
69,Anonymized_NER,PQ,False
69,Anonymized_gpt-4o,PQ,True
69,Anonymized_NER,PQ,False
69,Anonymized_gpt-4o,CQ,False
69,Anonymized_gpt-4o,PQ,False
69,Anonymized_NER,PQ,False
69,Anonymized_NER,CQ,True
69,Anonymized_NER,CQ,False
69,Anonymized_gpt-4o,CQ,False
68,Anonymized_Llama-4-Maverick_fewshot,PQ,False
69,Anonymized_NER,PQ,False
69,Anonymized_gpt-3.5-turbo,CQ,True
69,Anonymized_NER,CQ,False
69,Anonymized_gpt-4o,PQ,False
69,Anonymized_NER,CQ,False
69,Anonymized_gpt-4o,CQ,True
69,Anonymized_gpt-4o,CQ,True
69,Anonymized_gpt-4o,CQ,False
69,Anonymized_gpt-4o,PQ,True
69,Anonymized_NER,CQ,True
69,Anonymized_Llama-4-Maverick-17B-128E-Instruct-FP8,CQ,True
68,Anonymized_Llama-4-Maverick_synthetic,PQ,False
69,Anonymized_gpt-4o,PQ,False
69,Anonymized_NER,CQ,True
69,Anonymized_NER,CQ,True
69,Anonymized_gpt-3.5-turbo,CQ,False
69,Anonymized_gpt-4o,PQ,False
68,Anonymized_Llama-4-Maverick_synthetic,PQ,True
69,Anonymized_gpt-4o,CQ,True
69,Anonymized_Llama-4-Maverick-17B-128E-Instruct-FP8,PQ,False
69,Anonymized_Llama-4-Maverick-17B-128E-Instruct-FP8,PQ,False
69,Anonymized_Llama-4-Maverick-17B-128E-Instruct-FP8,PQ,False
68,Anonymized_Llama-4-Maverick_fewshot,PQ,False
69,Anonymized_Llama-4-Maverick-17B-128E-Instruct-FP8,CQ,True
69,Anonymized_Llama-4-Maverick-17B-128E-Instruct-FP8,CQ,True
69,Anonymized_gpt-4o,PQ,False
69,Anonymized_NER,PQ,False
68,Anonymized_Llama-4-Maverick_synthetic,PQ,False
69,Anonymized_Llama-4-Maverick_fewshot,PQ,False
69,Anonymized_Llama-4-Maverick-17B-128E-Instruct-FP8,CQ,True
69,Anonymized_Llama-4-Maverick-17B-128E-Instruct-FP8,PQ,False
69,Anonymized_Llama-4-Maverick-17B-128E-Instruct-FP8,PQ,False
69,Anonymized_Llama-4-Maverick_fewshot,CQ,True
69,Anonymized_Llama-4-Maverick-17B-128E-Instruct-FP8,PQ,False
69,Anonymized_Llama-4-Maverick-17B-128E-Instruct-FP8,CQ,True
68,Anonymized_Llama-4-Maverick_fewshot,PQ,False
69,Anonymized_NER,CQ,False
69,Anonymized_Llama-4-Maverick_fewshot,PQ,False
69,Anonymized_Llama-4-Maverick_fewshot,CQ,True
69,Anonymized_Llama-4-Maverick-17B-128E-Instruct-FP8,PQ,False
69,Anonymized_Llama-4-Maverick_fewshot,PQ,False
69,Anonymized_Llama-4-Maverick_fewshot,CQ,False
69,Anonymized_NER,PQ,False
69,Anonymized_Llama-4-Maverick_fewshot,PQ,False
69,Anonymized_Llama-4-Maverick_fewshot,CQ,True
69,Anonymized_gpt-3.5-turbo,CQ,True
69,Anonymized_NER,PQ,False
69,Anonymized_Llama-4-Maverick_fewshot,PQ,True
69,Anonymized_Llama-4-Maverick_fewshot,PQ,False
69,Anonymized_NER,PQ,True
69,Anonymized_Llama-4-Maverick-17B-128E-Instruct-FP8,CQ,False
69,Anonymized_Llama-4-Maverick-17B-128E-Instruct-FP8,PQ,False
69,Anonymized_NER,CQ,True
69,Anonymized_NER,PQ,True
69,Anonymized_gpt-3.5-turbo,PQ,False
69,Anonymized_Llama-4-Maverick_synthetic,CQ,False
69,Anonymized_Llama-4-Maverick_synthetic,CQ,True
69,Anonymized_Llama-4-Maverick-17B-128E-Instruct-FP8,CQ,False
69,Anonymized_Llama-4-Maverick-17B-128E-Instruct-FP8,PQ,False
69,Anonymized_Llama-4-Maverick_synthetic,PQ,False
69,Anonymized_Llama-4-Maverick_fewshot,CQ,False
68,Anonymized_Llama-4-Maverick_fewshot,PQ,False
69,Anonymized_Llama-4-Maverick_synthetic,PQ,False
69,Anonymized_Llama-4-Maverick_fewshot,CQ,True
69,Anonymized_Llama-4-Maverick_synthetic,PQ,True
69,Anonymized_Llama-4-Maverick_fewshot,PQ,False
69,Anonymized_Llama-4-Maverick_synthetic,CQ,True
69,Anonymized_Llama-4-Maverick_fewshot,PQ,False
69,Anonymized_Llama-4-Maverick_synthetic,PQ,False
69,Anonymized_Llama-4-Maverick_fewshot,PQ,False
69,Anonymized_NER,CQ,False
69,Anonymized_Llama-4-Maverick_synthetic,CQ,True
69,Anonymized_Llama-4-Maverick-17B-128E-Instruct-FP8,PQ,False
69,Anonymized_Llama-4-Maverick_synthetic,PQ,True
69,Anonymized_Llama-4-Maverick_fewshot,CQ,True
69,Anonymized_Llama-4-Maverick_fewshot,CQ,False
69,Anonymized_Llama-4-Maverick_fewshot,PQ,False
69,Anonymized_Llama-4-Maverick_synthetic,PQ,True
69,Anonymized_Llama-4-Maverick_synthetic,PQ,False
69,Anonymized_Llama-4-Maverick_fewshot,CQ,True
69,Anonymized_Llama-4-Maverick_synthetic,CQ,True
69,Anonymized_Llama-4-Maverick_synthetic,PQ,False
72,Anonymized_gpt-3.5-turbo,PQ,False
72,Anonymized_gpt-3.5-turbo,PQ,False
69,Anonymized_Llama-4-Maverick_synthetic,CQ,True
72,Anonymized_gpt-3.5-turbo,CQ,True
69,Anonymized_Llama-4-Maverick_synthetic,PQ,False
72,Anonymized_gpt-3.5-turbo,CQ,False
72,Anonymized_gpt-3.5-turbo,PQ,False
72,Anonymized_gpt-3.5-turbo,CQ,False
69,Anonymized_gpt-3.5-turbo,CQ,False
72,Anonymized_gpt-3.5-turbo,PQ,False
69,Anonymized_Llama-4-Maverick-17B-128E-Instruct-FP8,CQ,False
69,Anonymized_Llama-4-Maverick_synthetic,CQ,False
72,Anonymized_gpt-4o,PQ,False
72,Anonymized_gpt-4o,CQ,False
69,Anonymized_Llama-4-Maverick-17B-128E-Instruct-FP8,CQ,False
72,Anonymized_gpt-4o,PQ,False
72,Anonymized_gpt-4o,CQ,True
69,Anonymized_Llama-4-Maverick_synthetic,PQ,False
72,Anonymized_gpt-4o,CQ,True
72,Anonymized_gpt-3.5-turbo,CQ,False
72,Anonymized_gpt-3.5-turbo,CQ,True
72,Anonymized_gpt-3.5-turbo,PQ,False
72,Anonymized_gpt-4o,PQ,False
72,Anonymized_gpt-4o,PQ,False
72,Anonymized_gpt-3.5-turbo,CQ,False
72,Anonymized_gpt-4o,CQ,True
72,Anonymized_gpt-3.5-turbo,CQ,False
72,Anonymized_gpt-4o,CQ,False
72,Anonymized_gpt-4o,PQ,False
69,Anonymized_Llama-4-Maverick_synthetic,CQ,False
72,Anonymized_gpt-4o,CQ,False
69,Anonymized_Llama-4-Maverick-17B-128E-Instruct-FP8,CQ,True
72,Anonymized_gpt-3.5-turbo,CQ,False
69,Anonymized_Llama-4-Maverick_fewshot,CQ,False
72,Anonymized_gpt-3.5-turbo,PQ,False
72,Anonymized_gpt-3.5-turbo,PQ,False
72,Anonymized_gpt-3.5-turbo,CQ,False
72,Anonymized_NER,PQ,False
72,Anonymized_NER,PQ,False
72,Anonymized_NER,PQ,False
72,Anonymized_NER,CQ,False
72,Anonymized_gpt-4o,CQ,False
72,Anonymized_NER,PQ,False
72,Anonymized_NER,CQ,True
72,Anonymized_gpt-4o,PQ,False
72,Anonymized_NER,CQ,False
72,Anonymized_gpt-4o,PQ,False
72,Anonymized_NER,CQ,True
72,Anonymized_gpt-3.5-turbo,PQ,False
72,Anonymized_NER,CQ,False
72,Anonymized_gpt-4o,CQ,False
72,Anonymized_NER,PQ,False
72,Anonymized_NER,CQ,False
72,Anonymized_NER,PQ,False
72,Anonymized_NER,CQ,False
72,Anonymized_NER,CQ,True
72,Anonymized_gpt-3.5-turbo,PQ,False
72,Anonymized_gpt-4o,PQ,False
72,Anonymized_NER,PQ,False
72,Anonymized_DeepSeek-V4-Pro,PQ,False
72,Anonymized_gpt-4o,PQ,False
72,Anonymized_gpt-4o,PQ,False
69,Anonymized_Llama-4-Maverick_synthetic,CQ,False
72,Anonymized_gpt-3.5-turbo,CQ,True
72,Anonymized_NER,PQ,False
72,Anonymized_DeepSeek-V4-Pro,CQ,False
72,Anonymized_DeepSeek-V4-Pro,CQ,True
69,Anonymized_Llama-4-Maverick_synthetic,CQ,False
72,Anonymized_DeepSeek-V4-Pro,PQ,False
72,Anonymized_NER,PQ,False
72,Anonymized_gpt-4o,CQ,False
72,Anonymized_DeepSeek-V4-Pro,PQ,False
72,Anonymized_DeepSeek-V4-Pro,PQ,False
72,Anonymized_Llama-4-Maverick-17B-128E-Instruct-FP8,PQ,False
72,Anonymized_DeepSeek-V4-Pro,CQ,False
72,Anonymized_DeepSeek-V4-Pro,CQ,False
72,Anonymized_NER,CQ,False
72,Anonymized_Llama-4-Maverick-17B-128E-Instruct-FP8,PQ,False
72,Anonymized_DeepSeek-V4-Pro,CQ,False
72,Anonymized_Llama-4-Maverick-17B-128E-Instruct-FP8,PQ,False
72,Anonymized_DeepSeek-V4-Pro,PQ,False
72,Anonymized_Llama-4-Maverick-17B-128E-Instruct-FP8,PQ,False
72,Anonymized_Llama-4-Maverick-17B-128E-Instruct-FP8,PQ,False
72,Anonymized_Llama-4-Maverick-17B-128E-Instruct-FP8,CQ,False
72,Anonymized_Llama-4-Maverick-17B-128E-Instruct-FP8,CQ,False
72,Anonymized_Llama-4-Maverick-17B-128E-Instruct-FP8,PQ,False
72,Anonymized_DeepSeek-V4-Pro,PQ,False
72,Anonymized_Llama-4-Maverick-17B-128E-Instruct-FP8,CQ,False
72,Anonymized_Llama-4-Maverick-17B-128E-Instruct-FP8,CQ,False
72,Anonymized_DeepSeek-V4-Pro,CQ,False
72,Anonymized_DeepSeek-V4-Pro,CQ,True
72,Anonymized_Llama-4-Maverick-17B-128E-Instruct-FP8,PQ,False
72,Anonymized_Llama-4-Maverick_fewshot,PQ,False
72,Anonymized_Llama-4-Maverick-17B-128E-Instruct-FP8,CQ,False
72,Anonymized_Llama-4-Maverick_fewshot,PQ,False
72,Anonymized_Llama-4-Maverick-17B-128E-Instruct-FP8,CQ,True
72,Anonymized_Llama-4-Maverick_fewshot,PQ,False
72,Anonymized_Llama-4-Maverick_fewshot,CQ,False
72,Anonymized_Llama-4-Maverick-17B-128E-Instruct-FP8,CQ,False
72,Anonymized_DeepSeek-V4-Pro,PQ,False
72,Anonymized_gpt-3.5-turbo,PQ,False
72,Anonymized_Llama-4-Maverick-17B-128E-Instruct-FP8,PQ,False
72,Anonymized_DeepSeek-V4-Pro,CQ,False
72,Anonymized_Llama-4-Maverick_fewshot,PQ,False
72,Anonymized_Llama-4-Maverick_fewshot,PQ,False
72,Anonymized_Llama-4-Maverick_fewshot,CQ,True
72,Anonymized_Llama-4-Maverick_fewshot,PQ,False
72,Anonymized_DeepSeek-V4-Pro,PQ,False
72,Anonymized_Llama-4-Maverick_fewshot,CQ,False
72,Anonymized_Llama-4-Maverick-17B-128E-Instruct-FP8,PQ,False
72,Anonymized_Llama-4-Maverick_fewshot,CQ,False
72,Anonymized_Llama-4-Maverick-17B-128E-Instruct-FP8,CQ,True
72,Anonymized_Llama-4-Maverick_synthetic,PQ,False
72,Anonymized_gpt-4o,CQ,True
72,Anonymized_DeepSeek-V4-Pro,CQ,False
72,Anonymized_DeepSeek-V4-Pro,PQ,False
72,Anonymized_Llama-4-Maverick_synthetic,PQ,False
72,Anonymized_Llama-4-Maverick_synthetic,CQ,False
72,Anonymized_DeepSeek-V4-Pro,PQ,False
72,Anonymized_Llama-4-Maverick_synthetic,PQ,False
72,Anonymized_Llama-4-Maverick_synthetic,CQ,False
72,Anonymized_Llama-4-Maverick_synthetic,PQ,False
72,Anonymized_Llama-4-Maverick_synthetic,CQ,False
72,Anonymized_Llama-4-Maverick_synthetic,CQ,False
72,Anonymized_Llama-4-Maverick_fewshot,CQ,True
72,Anonymized_Llama-4-Maverick-17B-128E-Instruct-FP8,CQ,True
72,Anonymized_Llama-4-Maverick_synthetic,PQ,False
72,Anonymized_Llama-4-Maverick-17B-128E-Instruct-FP8,CQ,False
72,Anonymized_Llama-4-Maverick_fewshot,PQ,False
72,Anonymized_Llama-4-Maverick_synthetic,CQ,False
72,Anonymized_Llama-4-Maverick-17B-128E-Instruct-FP8,PQ,False
72,Anonymized_Llama-4-Maverick_fewshot,CQ,False
72,Anonymized_Llama-4-Maverick_fewshot,CQ,False
72,Anonymized_Llama-4-Maverick_fewshot,PQ,False
72,Anonymized_Llama-4-Maverick_fewshot,PQ,False
72,Anonymized_Llama-4-Maverick_synthetic,PQ,False
72,Anonymized_Llama-4-Maverick_synthetic,PQ,False
72,Anonymized_Llama-4-Maverick_fewshot,CQ,False
72,Anonymized_Llama-4-Maverick_synthetic,CQ,True
74,Anonymized_gpt-3.5-turbo,PQ,False
74,Anonymized_gpt-3.5-turbo,PQ,False
72,Anonymized_Llama-4-Maverick_synthetic,CQ,True
74,Anonymized_gpt-3.5-turbo,CQ,False
72,Anonymized_Llama-4-Maverick_synthetic,CQ,False
72,Anonymized_Llama-4-Maverick_synthetic,PQ,False
74,Anonymized_gpt-3.5-turbo,PQ,False
74,Anonymized_gpt-3.5-turbo,PQ,False
72,Anonymized_Llama-4-Maverick_synthetic,PQ,False
74,Anonymized_gpt-3.5-turbo,CQ,False
72,Anonymized_Llama-4-Maverick_fewshot,PQ,False
74,Anonymized_gpt-3.5-turbo,PQ,False
72,Anonymized_Llama-4-Maverick_fewshot,CQ,False
74,Anonymized_gpt-3.5-turbo,CQ,False
74,Anonymized_gpt-4o,CQ,True
74,Anonymized_gpt-4o,PQ,False
74,Anonymized_gpt-3.5-turbo,PQ,False
72,Anonymized_Llama-4-Maverick_fewshot,CQ,False
72,Anonymized_Llama-4-Maverick_synthetic,CQ,True
72,Anonymized_NER,PQ,True
74,Anonymized_gpt-4o,CQ,False
74,Anonymized_gpt-3.5-turbo,CQ,False
74,Anonymized_gpt-4o,PQ,True
74,Anonymized_gpt-3.5-turbo,CQ,False
74,Anonymized_gpt-4o,PQ,False
74,Anonymized_gpt-4o,CQ,False
74,Anonymized_gpt-4o,PQ,False
74,Anonymized_gpt-4o,PQ,False
74,Anonymized_gpt-3.5-turbo,CQ,False
74,Anonymized_gpt-3.5-turbo,PQ,False
74,Anonymized_gpt-3.5-turbo,CQ,True
74,Anonymized_NER,PQ,False
74,Anonymized_gpt-4o,PQ,False
74,Anonymized_NER,CQ,False
74,Anonymized_gpt-3.5-turbo,CQ,False
74,Anonymized_gpt-4o,CQ,False
74,Anonymized_NER,CQ,False
72,Anonymized_DeepSeek-V4-Pro,CQ,True
74,Anonymized_NER,CQ,False
74,Anonymized_NER,PQ,False
74,Anonymized_gpt-3.5-turbo,PQ,False
74,Anonymized_gpt-4o,CQ,False
74,Anonymized_gpt-4o,PQ,False
74,Anonymized_gpt-3.5-turbo,PQ,False
74,Anonymized_NER,PQ,False
74,Anonymized_NER,PQ,False
74,Anonymized_NER,CQ,False
74,Anonymized_NER,PQ,False
74,Anonymized_gpt-4o,CQ,False
72,Anonymized_Llama-4-Maverick_synthetic,CQ,False
74,Anonymized_DeepSeek-V4-Pro,PQ,False
74,Anonymized_DeepSeek-V4-Pro,CQ,True
74,Anonymized_gpt-4o,PQ,False
74,Anonymized_gpt-4o,CQ,False
74,Anonymized_gpt-4o,CQ,False
74,Anonymized_NER,CQ,False
74,Anonymized_NER,PQ,False
74,Anonymized_gpt-3.5-turbo,CQ,False
74,Anonymized_gpt-4o,CQ,False
74,Anonymized_NER,PQ,False
74,Anonymized_gpt-3.5-turbo,CQ,False
74,Anonymized_DeepSeek-V4-Pro,CQ,False
74,Anonymized_gpt-4o,CQ,False
74,Anonymized_DeepSeek-V4-Pro,PQ,True
74,Anonymized_DeepSeek-V4-Pro,PQ,False
74,Anonymized_DeepSeek-V4-Pro,PQ,False
74,Anonymized_DeepSeek-V4-Pro,CQ,False
74,Anonymized_DeepSeek-V4-Pro,PQ,False
74,Anonymized_gpt-4o,PQ,False
72,Anonymized_Llama-4-Maverick_synthetic,PQ,False
74,Anonymized_DeepSeek-V4-Pro,CQ,False
74,Anonymized_DeepSeek-V4-Pro,PQ,False
74,Anonymized_gpt-4o,PQ,False
74,Anonymized_NER,PQ,True
74,Anonymized_Llama-4-Maverick-17B-128E-Instruct-FP8,PQ,False
74,Anonymized_gpt-3.5-turbo,PQ,True
74,Anonymized_NER,CQ,False
74,Anonymized_Llama-4-Maverick-17B-128E-Instruct-FP8,PQ,False
74,Anonymized_DeepSeek-V4-Pro,PQ,False
74,Anonymized_NER,CQ,False
74,Anonymized_NER,CQ,False
74,Anonymized_DeepSeek-V4-Pro,CQ,False
74,Anonymized_NER,CQ,True
74,Anonymized_Llama-4-Maverick-17B-128E-Instruct-FP8,PQ,False
74,Anonymized_Llama-4-Maverick-17B-128E-Instruct-FP8,PQ,False
74,Anonymized_Llama-4-Maverick-17B-128E-Instruct-FP8,CQ,False
74,Anonymized_NER,PQ,False
74,Anonymized_DeepSeek-V4-Pro,CQ,False
74,Anonymized_Llama-4-Maverick-17B-128E-Instruct-FP8,CQ,True
72,Anonymized_NER,CQ,False
74,Anonymized_Llama-4-Maverick_fewshot,CQ,False
74,Anonymized_Llama-4-Maverick-17B-128E-Instruct-FP8,CQ,False
74,Anonymized_Llama-4-Maverick_fewshot,PQ,False
74,Anonymized_Llama-4-Maverick-17B-128E-Instruct-FP8,PQ,False
74,Anonymized_DeepSeek-V4-Pro,CQ,False
74,Anonymized_Llama-4-Maverick-17B-128E-Instruct-FP8,CQ,False
74,Anonymized_Llama-4-Maverick-17B-128E-Instruct-FP8,CQ,False
74,Anonymized_Llama-4-Maverick-17B-128E-Instruct-FP8,PQ,False
74,Anonymized_DeepSeek-V4-Pro,CQ,True
74,Anonymized_Llama-4-Maverick-17B-128E-Instruct-FP8,CQ,False
74,Anonymized_NER,CQ,False
74,Anonymized_DeepSeek-V4-Pro,CQ,False
74,Anonymized_Llama-4-Maverick_fewshot,PQ,False
74,Anonymized_Llama-4-Maverick_fewshot,CQ,False
74,Anonymized_Llama-4-Maverick_fewshot,CQ,False
74,Anonymized_DeepSeek-V4-Pro,PQ,False
74,Anonymized_Llama-4-Maverick-17B-128E-Instruct-FP8,CQ,False
74,Anonymized_Llama-4-Maverick-17B-128E-Instruct-FP8,PQ,False
74,Anonymized_Llama-4-Maverick_fewshot,CQ,False
74,Anonymized_Llama-4-Maverick_fewshot,CQ,False
74,Anonymized_Llama-4-Maverick_fewshot,PQ,False
74,Anonymized_Llama-4-Maverick_fewshot,CQ,False
74,Anonymized_Llama-4-Maverick_fewshot,PQ,False
74,Anonymized_Llama-4-Maverick_synthetic,CQ,False
74,Anonymized_Llama-4-Maverick_fewshot,CQ,True
74,Anonymized_Llama-4-Maverick_fewshot,CQ,False
74,Anonymized_DeepSeek-V4-Pro,PQ,False
74,Anonymized_Llama-4-Maverick_synthetic,PQ,True
74,Anonymized_Llama-4-Maverick_synthetic,CQ,False
74,Anonymized_Llama-4-Maverick_synthetic,CQ,True
74,Anonymized_Llama-4-Maverick-17B-128E-Instruct-FP8,CQ,False
74,Anonymized_Llama-4-Maverick_fewshot,CQ,False
74,Anonymized_Llama-4-Maverick-17B-128E-Instruct-FP8,CQ,False
74,Anonymized_DeepSeek-V4-Pro,CQ,False
74,Anonymized_NER,PQ,False
74,Anonymized_Llama-4-Maverick_synthetic,PQ,False
74,Anonymized_Llama-4-Maverick_synthetic,PQ,False
74,Anonymized_Llama-4-Maverick_synthetic,CQ,False
74,Anonymized_Llama-4-Maverick_fewshot,PQ,False
74,Anonymized_Llama-4-Maverick_synthetic,CQ,False
74,Anonymized_Llama-4-Maverick_synthetic,PQ,True
74,Anonymized_Llama-4-Maverick_synthetic,PQ,False
74,Anonymized_Llama-4-Maverick_synthetic,PQ,False
74,Anonymized_Llama-4-Maverick_fewshot,CQ,False
74,Anonymized_Llama-4-Maverick-17B-128E-Instruct-FP8,PQ,False
74,Anonymized_Llama-4-Maverick_synthetic,PQ,False
74,Anonymized_Llama-4-Maverick_synthetic,PQ,False
74,Anonymized_Llama-4-Maverick-17B-128E-Instruct-FP8,PQ,False
74,Anonymized_Llama-4-Maverick_synthetic,CQ,False
74,Anonymized_Llama-4-Maverick_synthetic,PQ,False
74,Anonymized_Llama-4-Maverick_synthetic,CQ,False
74,Anonymized_Llama-4-Maverick_fewshot,PQ,False
74,Anonymized_Llama-4-Maverick_synthetic,CQ,False
78,Anonymized_gpt-3.5-turbo,CQ,True
74,Anonymized_Llama-4-Maverick_fewshot,PQ,False
78,Anonymized_gpt-3.5-turbo,CQ,True
74,Anonymized_Llama-4-Maverick_fewshot,PQ,False
78,Anonymized_gpt-3.5-turbo,PQ,False
78,Anonymized_gpt-3.5-turbo,PQ,False
74,Anonymized_Llama-4-Maverick_fewshot,PQ,False
78,Anonymized_gpt-3.5-turbo,PQ,False
78,Anonymized_gpt-3.5-turbo,PQ,False
78,Anonymized_gpt-3.5-turbo,CQ,False
78,Anonymized_gpt-4o,CQ,True
74,Anonymized_Llama-4-Maverick_synthetic,CQ,False
78,Anonymized_gpt-3.5-turbo,PQ,False
78,Anonymized_gpt-3.5-turbo,PQ,False
78,Anonymized_gpt-3.5-turbo,CQ,False
78,Anonymized_gpt-3.5-turbo,CQ,False
78,Anonymized_gpt-3.5-turbo,CQ,False
78,Anonymized_gpt-4o,CQ,False
78,Anonymized_gpt-4o,CQ,True
78,Anonymized_gpt-4o,PQ,False
74,Anonymized_Llama-4-Maverick-17B-128E-Instruct-FP8,PQ,False
78,Anonymized_gpt-3.5-turbo,CQ,False
74,Anonymized_Llama-4-Maverick_synthetic,CQ,False
78,Anonymized_gpt-4o,PQ,False
78,Anonymized_gpt-4o,PQ,False
78,Anonymized_gpt-4o,PQ,False
78,Anonymized_gpt-4o,CQ,False
78,Anonymized_gpt-3.5-turbo,CQ,False
78,Anonymized_NER,PQ,False
74,Anonymized_Llama-4-Maverick_fewshot,PQ,False
74,Anonymized_Llama-4-Maverick_synthetic,PQ,False
78,Anonymized_gpt-4o,CQ,False
78,Anonymized_gpt-3.5-turbo,PQ,False
78,Anonymized_gpt-3.5-turbo,PQ,False
78,Anonymized_gpt-4o,CQ,False
78,Anonymized_NER,PQ,False
78,Anonymized_NER,PQ,False
78,Anonymized_NER,CQ,False
78,Anonymized_NER,CQ,False
78,Anonymized_gpt-4o,CQ,False
78,Anonymized_gpt-4o,CQ,True
78,Anonymized_gpt-4o,CQ,False
74,Anonymized_Llama-4-Maverick-17B-128E-Instruct-FP8,CQ,False
78,Anonymized_NER,PQ,False
78,Anonymized_NER,CQ,False
74,Anonymized_DeepSeek-V4-Pro,PQ,False
78,Anonymized_DeepSeek-V4-Pro,PQ,False
78,Anonymized_NER,CQ,False
78,Anonymized_gpt-4o,CQ,False
78,Anonymized_DeepSeek-V4-Pro,CQ,False
78,Anonymized_NER,PQ,False
78,Anonymized_gpt-3.5-turbo,PQ,False
78,Anonymized_NER,CQ,False
78,Anonymized_NER,PQ,False
78,Anonymized_DeepSeek-V4-Pro,CQ,False
78,Anonymized_DeepSeek-V4-Pro,PQ,False
78,Anonymized_DeepSeek-V4-Pro,PQ,False
78,Anonymized_gpt-4o,PQ,False
78,Anonymized_NER,PQ,False
78,Anonymized_NER,CQ,False
78,Anonymized_NER,PQ,False
78,Anonymized_DeepSeek-V4-Pro,PQ,False
78,Anonymized_DeepSeek-V4-Pro,CQ,False
78,Anonymized_DeepSeek-V4-Pro,CQ,False
78,Anonymized_DeepSeek-V4-Pro,PQ,False
78,Anonymized_DeepSeek-V4-Pro,PQ,True
78,Anonymized_NER,CQ,False
78,Anonymized_DeepSeek-V4-Pro,CQ,True
78,Anonymized_DeepSeek-V4-Pro,CQ,False
78,Anonymized_DeepSeek-V4-Pro,PQ,False
78,Anonymized_Llama-4-Maverick-17B-128E-Instruct-FP8,PQ,False
78,Anonymized_Llama-4-Maverick-17B-128E-Instruct-FP8,CQ,False
78,Anonymized_DeepSeek-V4-Pro,CQ,False
78,Anonymized_NER,PQ,False
78,Anonymized_NER,CQ,True
78,Anonymized_gpt-4o,PQ,False
78,Anonymized_NER,CQ,False
78,Anonymized_Llama-4-Maverick-17B-128E-Instruct-FP8,CQ,False
78,Anonymized_gpt-3.5-turbo,CQ,False
78,Anonymized_gpt-4o,PQ,False
78,Anonymized_Llama-4-Maverick-17B-128E-Instruct-FP8,PQ,False
78,Anonymized_Llama-4-Maverick-17B-128E-Instruct-FP8,CQ,False
78,Anonymized_Llama-4-Maverick-17B-128E-Instruct-FP8,CQ,False
78,Anonymized_gpt-3.5-turbo,PQ,False
78,Anonymized_DeepSeek-V4-Pro,PQ,False
78,Anonymized_Llama-4-Maverick-17B-128E-Instruct-FP8,CQ,False
78,Anonymized_Llama-4-Maverick-17B-128E-Instruct-FP8,PQ,False
78,Anonymized_Llama-4-Maverick-17B-128E-Instruct-FP8,CQ,True
78,Anonymized_Llama-4-Maverick-17B-128E-Instruct-FP8,PQ,False
78,Anonymized_Llama-4-Maverick-17B-128E-Instruct-FP8,PQ,False
78,Anonymized_Llama-4-Maverick-17B-128E-Instruct-FP8,CQ,False
78,Anonymized_Llama-4-Maverick_fewshot,CQ,False
78,Anonymized_gpt-4o,PQ,False
78,Anonymized_Llama-4-Maverick-17B-128E-Instruct-FP8,PQ,False
78,Anonymized_Llama-4-Maverick_fewshot,PQ,False
78,Anonymized_Llama-4-Maverick-17B-128E-Instruct-FP8,PQ,False
78,Anonymized_Llama-4-Maverick_fewshot,CQ,False
78,Anonymized_Llama-4-Maverick_fewshot,PQ,False
78,Anonymized_Llama-4-Maverick_fewshot,PQ,False
78,Anonymized_Llama-4-Maverick-17B-128E-Instruct-FP8,PQ,False
78,Anonymized_Llama-4-Maverick-17B-128E-Instruct-FP8,CQ,True
78,Anonymized_DeepSeek-V4-Pro,CQ,True
78,Anonymized_Llama-4-Maverick_fewshot,PQ,False
78,Anonymized_DeepSeek-V4-Pro,PQ,False
78,Anonymized_Llama-4-Maverick_fewshot,PQ,False
78,Anonymized_Llama-4-Maverick_synthetic,PQ,False
78,Anonymized_NER,CQ,False
78,Anonymized_DeepSeek-V4-Pro,CQ,False
78,Anonymized_Llama-4-Maverick_fewshot,CQ,True
78,Anonymized_Llama-4-Maverick-17B-128E-Instruct-FP8,PQ,False
78,Anonymized_Llama-4-Maverick_fewshot,CQ,False
78,Anonymized_Llama-4-Maverick_fewshot,PQ,False
78,Anonymized_Llama-4-Maverick_fewshot,PQ,False
78,Anonymized_Llama-4-Maverick_fewshot,CQ,False
78,Anonymized_Llama-4-Maverick_fewshot,PQ,False
78,Anonymized_Llama-4-Maverick_synthetic,PQ,False
78,Anonymized_Llama-4-Maverick_synthetic,CQ,False
78,Anonymized_NER,PQ,False
78,Anonymized_Llama-4-Maverick_fewshot,CQ,False
78,Anonymized_Llama-4-Maverick_synthetic,PQ,False
78,Anonymized_Llama-4-Maverick_fewshot,CQ,True
78,Anonymized_Llama-4-Maverick_fewshot,CQ,False
78,Anonymized_gpt-3.5-turbo,CQ,True
78,Anonymized_Llama-4-Maverick_synthetic,CQ,False
78,Anonymized_Llama-4-Maverick_synthetic,PQ,False
78,Anonymized_Llama-4-Maverick_synthetic,CQ,False
78,Anonymized_Llama-4-Maverick_fewshot,CQ,False
78,Anonymized_Llama-4-Maverick_synthetic,PQ,False
78,Anonymized_Llama-4-Maverick_synthetic,PQ,False
78,Anonymized_Llama-4-Maverick_synthetic,CQ,False
78,Anonymized_Llama-4-Maverick_synthetic,PQ,False
78,Anonymized_Llama-4-Maverick_synthetic,CQ,True
78,Anonymized_Llama-4-Maverick_synthetic,CQ,False
78,Anonymized_Llama-4-Maverick-17B-128E-Instruct-FP8,CQ,False
78,Anonymized_Llama-4-Maverick_synthetic,PQ,False
78,Anonymized_Llama-4-Maverick_synthetic,CQ,False
78,Anonymized_Llama-4-Maverick_synthetic,PQ,False
88,Anonymized_gpt-3.5-turbo,PQ,False
78,Anonymized_Llama-4-Maverick-17B-128E-Instruct-FP8,PQ,False
88,Anonymized_gpt-3.5-turbo,CQ,True
88,Anonymized_gpt-3.5-turbo,PQ,False
78,Anonymized_Llama-4-Maverick_synthetic,CQ,True
78,Anonymized_DeepSeek-V4-Pro,CQ,True
78,Anonymized_gpt-4o,PQ,False
78,Anonymized_Llama-4-Maverick_fewshot,PQ,False
88,Anonymized_gpt-3.5-turbo,CQ,False
78,Anonymized_Llama-4-Maverick_synthetic,PQ,False
88,Anonymized_gpt-3.5-turbo,PQ,False
88,Anonymized_gpt-3.5-turbo,CQ,False
88,Anonymized_gpt-3.5-turbo,PQ,False
78,Anonymized_Llama-4-Maverick_fewshot,CQ,False
88,Anonymized_gpt-3.5-turbo,CQ,False
88,Anonymized_gpt-3.5-turbo,PQ,False
88,Anonymized_gpt-3.5-turbo,PQ,True
88,Anonymized_gpt-3.5-turbo,CQ,True
88,Anonymized_gpt-3.5-turbo,PQ,False
88,Anonymized_gpt-3.5-turbo,CQ,True
88,Anonymized_gpt-3.5-turbo,CQ,True
88,Anonymized_gpt-4o,PQ,False
88,Anonymized_gpt-4o,PQ,False
88,Anonymized_gpt-3.5-turbo,CQ,False
78,Anonymized_Llama-4-Maverick-17B-128E-Instruct-FP8,CQ,False
78,Anonymized_DeepSeek-V4-Pro,PQ,False
88,Anonymized_gpt-4o,CQ,False
78,Anonymized_Llama-4-Maverick_fewshot,PQ,False
88,Anonymized_gpt-4o,PQ,False
88,Anonymized_gpt-4o,CQ,False
88,Anonymized_gpt-4o,PQ,False
88,Anonymized_gpt-4o,CQ,False
88,Anonymized_gpt-3.5-turbo,CQ,False
88,Anonymized_gpt-4o,CQ,False
78,Anonymized_Llama-4-Maverick_synthetic,CQ,True
88,Anonymized_gpt-4o,CQ,False
88,Anonymized_gpt-3.5-turbo,CQ,True
88,Anonymized_gpt-4o,CQ,False
88,Anonymized_NER,PQ,True
88,Anonymized_gpt-4o,PQ,True
88,Anonymized_gpt-4o,PQ,False
88,Anonymized_gpt-3.5-turbo,PQ,False
88,Anonymized_NER,PQ,True
88,Anonymized_gpt-4o,PQ,False
88,Anonymized_NER,PQ,False
88,Anonymized_NER,PQ,False
88,Anonymized_gpt-4o,CQ,True
88,Anonymized_gpt-4o,CQ,True
88,Anonymized_gpt-4o,CQ,True
88,Anonymized_NER,PQ,False
88,Anonymized_NER,PQ,False
88,Anonymized_gpt-4o,PQ,False
88,Anonymized_gpt-4o,PQ,False
88,Anonymized_NER,CQ,True
88,Anonymized_NER,PQ,False
88,Anonymized_NER,CQ,True
88,Anonymized_NER,PQ,False
78,Anonymized_Llama-4-Maverick_synthetic,CQ,False
88,Anonymized_NER,CQ,False
88,Anonymized_DeepSeek-V4-Pro,PQ,False
88,Anonymized_NER,PQ,False
88,Anonymized_NER,CQ,False
88,Anonymized_NER,CQ,True
88,Anonymized_DeepSeek-V4-Pro,PQ,False
88,Anonymized_NER,PQ,True
88,Anonymized_gpt-3.5-turbo,PQ,False
88,Anonymized_DeepSeek-V4-Pro,CQ,True
88,Anonymized_DeepSeek-V4-Pro,PQ,False
88,Anonymized_NER,CQ,False
88,Anonymized_DeepSeek-V4-Pro,CQ,True
88,Anonymized_DeepSeek-V4-Pro,CQ,False
88,Anonymized_NER,CQ,True
88,Anonymized_DeepSeek-V4-Pro,PQ,False
88,Anonymized_DeepSeek-V4-Pro,CQ,False
88,Anonymized_Llama-4-Maverick-17B-128E-Instruct-FP8,PQ,False
88,Anonymized_DeepSeek-V4-Pro,PQ,False
88,Anonymized_DeepSeek-V4-Pro,CQ,False
88,Anonymized_DeepSeek-V4-Pro,PQ,False
88,Anonymized_Llama-4-Maverick-17B-128E-Instruct-FP8,PQ,False
88,Anonymized_Llama-4-Maverick-17B-128E-Instruct-FP8,PQ,False
88,Anonymized_DeepSeek-V4-Pro,PQ,False
88,Anonymized_gpt-3.5-turbo,PQ,False
88,Anonymized_Llama-4-Maverick-17B-128E-Instruct-FP8,CQ,False
88,Anonymized_Llama-4-Maverick-17B-128E-Instruct-FP8,PQ,False
88,Anonymized_gpt-4o,PQ,False
88,Anonymized_DeepSeek-V4-Pro,CQ,False
88,Anonymized_Llama-4-Maverick-17B-128E-Instruct-FP8,CQ,False
88,Anonymized_Llama-4-Maverick-17B-128E-Instruct-FP8,CQ,False
88,Anonymized_Llama-4-Maverick-17B-128E-Instruct-FP8,PQ,True
88,Anonymized_Llama-4-Maverick-17B-128E-Instruct-FP8,PQ,False
88,Anonymized_Llama-4-Maverick-17B-128E-Instruct-FP8,CQ,False
88,Anonymized_Llama-4-Maverick-17B-128E-Instruct-FP8,PQ,False
88,Anonymized_gpt-4o,CQ,True
88,Anonymized_DeepSeek-V4-Pro,CQ,False
88,Anonymized_Llama-4-Maverick-17B-128E-Instruct-FP8,CQ,True
88,Anonymized_Llama-4-Maverick-17B-128E-Instruct-FP8,CQ,True
88,Anonymized_Llama-4-Maverick-17B-128E-Instruct-FP8,PQ,False
88,Anonymized_Llama-4-Maverick-17B-128E-Instruct-FP8,CQ,True
88,Anonymized_NER,CQ,False
88,Anonymized_DeepSeek-V4-Pro,CQ,False
88,Anonymized_NER,CQ,True
88,Anonymized_DeepSeek-V4-Pro,PQ,True
88,Anonymized_DeepSeek-V4-Pro,CQ,True
88,Anonymized_Llama-4-Maverick_fewshot,CQ,True
88,Anonymized_Llama-4-Maverick_fewshot,PQ,False
88,Anonymized_Llama-4-Maverick_fewshot,CQ,False
88,Anonymized_DeepSeek-V4-Pro,CQ,True
88,Anonymized_Llama-4-Maverick_fewshot,CQ,False
88,Anonymized_Llama-4-Maverick_fewshot,CQ,True
88,Anonymized_Llama-4-Maverick_fewshot,PQ,False
88,Anonymized_Llama-4-Maverick_fewshot,CQ,False
88,Anonymized_Llama-4-Maverick_fewshot,PQ,False
88,Anonymized_Llama-4-Maverick-17B-128E-Instruct-FP8,PQ,False
88,Anonymized_Llama-4-Maverick_fewshot,CQ,True
88,Anonymized_Llama-4-Maverick_fewshot,CQ,True
88,Anonymized_NER,CQ,False
88,Anonymized_DeepSeek-V4-Pro,PQ,False
88,Anonymized_Llama-4-Maverick_fewshot,PQ,False
88,Anonymized_Llama-4-Maverick_fewshot,CQ,False
88,Anonymized_Llama-4-Maverick_synthetic,PQ,False
88,Anonymized_Llama-4-Maverick_synthetic,CQ,True
88,Anonymized_Llama-4-Maverick_synthetic,PQ,True
88,Anonymized_Llama-4-Maverick_synthetic,PQ,False
88,Anonymized_Llama-4-Maverick_fewshot,PQ,False
88,Anonymized_DeepSeek-V4-Pro,PQ,False
88,Anonymized_Llama-4-Maverick_synthetic,PQ,False
88,Anonymized_Llama-4-Maverick_fewshot,CQ,True
88,Anonymized_Llama-4-Maverick-17B-128E-Instruct-FP8,CQ,True
88,Anonymized_Llama-4-Maverick_synthetic,PQ,False
88,Anonymized_Llama-4-Maverick_fewshot,PQ,True
88,Anonymized_Llama-4-Maverick_synthetic,PQ,False
88,Anonymized_Llama-4-Maverick_synthetic,CQ,False
88,Anonymized_Llama-4-Maverick_synthetic,CQ,True
88,Anonymized_Llama-4-Maverick_fewshot,PQ,False
88,Anonymized_Llama-4-Maverick_fewshot,PQ,False
88,Anonymized_Llama-4-Maverick_fewshot,CQ,False
88,Anonymized_Llama-4-Maverick_synthetic,CQ,False
88,Anonymized_Llama-4-Maverick_synthetic,CQ,False
88,Anonymized_Llama-4-Maverick-17B-128E-Instruct-FP8,PQ,False
112,Anonymized_gpt-3.5-turbo,PQ,False
88,Anonymized_Llama-4-Maverick_synthetic,CQ,False
112,Anonymized_gpt-3.5-turbo,CQ,True
88,Anonymized_Llama-4-Maverick_synthetic,CQ,True
88,Anonymized_Llama-4-Maverick-17B-128E-Instruct-FP8,CQ,True
88,Anonymized_Llama-4-Maverick_synthetic,PQ,False
88,Anonymized_Llama-4-Maverick_synthetic,CQ,True
112,Anonymized_gpt-3.5-turbo,PQ,False
112,Anonymized_gpt-3.5-turbo,PQ,False
112,Anonymized_gpt-3.5-turbo,CQ,True
88,Anonymized_Llama-4-Maverick_synthetic,CQ,False
88,Anonymized_Llama-4-Maverick_fewshot,PQ,False
88,Anonymized_Llama-4-Maverick_fewshot,PQ,False
112,Anonymized_gpt-3.5-turbo,PQ,True
88,Anonymized_Llama-4-Maverick-17B-128E-Instruct-FP8,CQ,False
112,Anonymized_gpt-3.5-turbo,CQ,False
112,Anonymized_gpt-3.5-turbo,CQ,True
112,Anonymized_gpt-3.5-turbo,CQ,False
88,Anonymized_Llama-4-Maverick_synthetic,PQ,False
112,Anonymized_gpt-3.5-turbo,CQ,False
112,Anonymized_gpt-3.5-turbo,PQ,False
112,Anonymized_gpt-3.5-turbo,PQ,False
112,Anonymized_gpt-4o,CQ,False
112,Anonymized_gpt-4o,CQ,False
112,Anonymized_gpt-4o,CQ,False
112,Anonymized_gpt-4o,PQ,False
88,Anonymized_Llama-4-Maverick_synthetic,CQ,False
112,Anonymized_gpt-3.5-turbo,CQ,False
112,Anonymized_gpt-3.5-turbo,PQ,False
88,Anonymized_Llama-4-Maverick_synthetic,PQ,False
112,Anonymized_NER,PQ,True
112,Anonymized_NER,CQ,False
112,Anonymized_gpt-3.5-turbo,CQ,False
112,Anonymized_gpt-4o,PQ,False
112,Anonymized_gpt-4o,CQ,False
112,Anonymized_gpt-4o,CQ,True
112,Anonymized_NER,PQ,False
112,Anonymized_gpt-3.5-turbo,CQ,False
112,Anonymized_NER,CQ,False
112,Anonymized_gpt-4o,PQ,False
112,Anonymized_NER,CQ,True
112,Anonymized_gpt-4o,PQ,False
112,Anonymized_gpt-4o,PQ,False
112,Anonymized_gpt-4o,PQ,False
112,Anonymized_gpt-4o,PQ,True
112,Anonymized_gpt-4o,CQ,True
112,Anonymized_gpt-4o,PQ,True
112,Anonymized_NER,CQ,True
112,Anonymized_NER,CQ,False
112,Anonymized_gpt-4o,CQ,False
112,Anonymized_NER,CQ,False
112,Anonymized_gpt-3.5-turbo,PQ,False
112,Anonymized_NER,PQ,False
112,Anonymized_gpt-4o,CQ,False
112,Anonymized_DeepSeek-V4-Pro,PQ,True
112,Anonymized_DeepSeek-V4-Pro,CQ,True
88,Anonymized_Llama-4-Maverick_synthetic,PQ,False
112,Anonymized_NER,PQ,True
112,Anonymized_gpt-3.5-turbo,PQ,False
112,Anonymized_gpt-4o,PQ,False
112,Anonymized_gpt-4o,CQ,True
112,Anonymized_NER,PQ,False
112,Anonymized_NER,PQ,False
112,Anonymized_DeepSeek-V4-Pro,CQ,True
112,Anonymized_gpt-4o,CQ,False
112,Anonymized_DeepSeek-V4-Pro,CQ,False
112,Anonymized_DeepSeek-V4-Pro,PQ,False
112,Anonymized_DeepSeek-V4-Pro,PQ,False
112,Anonymized_NER,PQ,False
112,Anonymized_NER,CQ,True
112,Anonymized_DeepSeek-V4-Pro,CQ,False
112,Anonymized_NER,CQ,False
112,Anonymized_NER,PQ,False
112,Anonymized_DeepSeek-V4-Pro,PQ,False
112,Anonymized_Llama-4-Maverick-17B-128E-Instruct-FP8,PQ,False
112,Anonymized_DeepSeek-V4-Pro,PQ,False
112,Anonymized_DeepSeek-V4-Pro,CQ,False
112,Anonymized_DeepSeek-V4-Pro,PQ,False
112,Anonymized_DeepSeek-V4-Pro,CQ,False
112,Anonymized_NER,CQ,False
112,Anonymized_NER,PQ,False
112,Anonymized_DeepSeek-V4-Pro,PQ,False
112,Anonymized_gpt-3.5-turbo,PQ,True
112,Anonymized_Llama-4-Maverick-17B-128E-Instruct-FP8,CQ,False
112,Anonymized_DeepSeek-V4-Pro,CQ,False
112,Anonymized_Llama-4-Maverick-17B-128E-Instruct-FP8,CQ,False
112,Anonymized_Llama-4-Maverick-17B-128E-Instruct-FP8,PQ,True
112,Anonymized_gpt-3.5-turbo,CQ,False
112,Anonymized_Llama-4-Maverick-17B-128E-Instruct-FP8,CQ,False
112,Anonymized_Llama-4-Maverick_fewshot,PQ,False
112,Anonymized_DeepSeek-V4-Pro,CQ,False
112,Anonymized_Llama-4-Maverick_fewshot,PQ,False
112,Anonymized_Llama-4-Maverick_fewshot,CQ,False
112,Anonymized_Llama-4-Maverick-17B-128E-Instruct-FP8,CQ,False
112,Anonymized_DeepSeek-V4-Pro,CQ,True
112,Anonymized_Llama-4-Maverick_fewshot,CQ,False
112,Anonymized_Llama-4-Maverick-17B-128E-Instruct-FP8,PQ,False
112,Anonymized_Llama-4-Maverick-17B-128E-Instruct-FP8,CQ,True
112,Anonymized_Llama-4-Maverick-17B-128E-Instruct-FP8,CQ,True
112,Anonymized_Llama-4-Maverick_fewshot,PQ,False
112,Anonymized_Llama-4-Maverick_fewshot,CQ,True
112,Anonymized_Llama-4-Maverick_fewshot,PQ,False
112,Anonymized_Llama-4-Maverick-17B-128E-Instruct-FP8,CQ,False
112,Anonymized_DeepSeek-V4-Pro,CQ,False
112,Anonymized_Llama-4-Maverick_fewshot,CQ,False
112,Anonymized_DeepSeek-V4-Pro,PQ,False
112,Anonymized_DeepSeek-V4-Pro,PQ,True
112,Anonymized_Llama-4-Maverick-17B-128E-Instruct-FP8,PQ,False
112,Anonymized_Llama-4-Maverick_fewshot,CQ,True
112,Anonymized_Llama-4-Maverick-17B-128E-Instruct-FP8,PQ,False
112,Anonymized_Llama-4-Maverick-17B-128E-Instruct-FP8,CQ,False
112,Anonymized_Llama-4-Maverick-17B-128E-Instruct-FP8,PQ,False
112,Anonymized_Llama-4-Maverick_fewshot,CQ,False
112,Anonymized_Llama-4-Maverick-17B-128E-Instruct-FP8,PQ,False
112,Anonymized_Llama-4-Maverick_fewshot,PQ,False
112,Anonymized_Llama-4-Maverick-17B-128E-Instruct-FP8,PQ,False
112,Anonymized_NER,PQ,False
112,Anonymized_Llama-4-Maverick_fewshot,CQ,True
112,Anonymized_Llama-4-Maverick_synthetic,PQ,False
112,Anonymized_Llama-4-Maverick_fewshot,PQ,True
112,Anonymized_Llama-4-Maverick_fewshot,PQ,False
112,Anonymized_Llama-4-Maverick-17B-128E-Instruct-FP8,PQ,False
112,Anonymized_Llama-4-Maverick_synthetic,CQ,False
112,Anonymized_Llama-4-Maverick-17B-128E-Instruct-FP8,PQ,True
112,Anonymized_Llama-4-Maverick_synthetic,PQ,False
112,Anonymized_Llama-4-Maverick_fewshot,CQ,True
112,Anonymized_Llama-4-Maverick_synthetic,PQ,True
112,Anonymized_Llama-4-Maverick_synthetic,PQ,False
112,Anonymized_Llama-4-Maverick-17B-128E-Instruct-FP8,CQ,False
112,Anonymized_Llama-4-Maverick_fewshot,PQ,False
112,Anonymized_Llama-4-Maverick_fewshot,CQ,False
112,Anonymized_Llama-4-Maverick-17B-128E-Instruct-FP8,CQ,True
112,Anonymized_Llama-4-Maverick_synthetic,CQ,False
112,Anonymized_Llama-4-Maverick_synthetic,CQ,False
112,Anonymized_Llama-4-Maverick_synthetic,PQ,False
112,Anonymized_Llama-4-Maverick_synthetic,CQ,False
112,Anonymized_DeepSeek-V4-Pro,PQ,False
112,Anonymized_Llama-4-Maverick_synthetic,PQ,False
112,Anonymized_Llama-4-Maverick_synthetic,PQ,False
112,Anonymized_Llama-4-Maverick_synthetic,CQ,False
112,Anonymized_Llama-4-Maverick_synthetic,CQ,False
112,Anonymized_Llama-4-Maverick_synthetic,CQ,True
122,Anonymized_gpt-3.5-turbo,PQ,False
112,Anonymized_NER,CQ,False
112,Anonymized_Llama-4-Maverick_synthetic,CQ,True
122,Anonymized_gpt-3.5-turbo,CQ,False
122,Anonymized_gpt-3.5-turbo,CQ,False
112,Anonymized_Llama-4-Maverick_fewshot,PQ,False
122,Anonymized_gpt-3.5-turbo,PQ,False
112,Anonymized_gpt-4o,PQ,False
122,Anonymized_gpt-3.5-turbo,CQ,False
112,Anonymized_Llama-4-Maverick_synthetic,CQ,True
122,Anonymized_gpt-3.5-turbo,CQ,True
112,Anonymized_Llama-4-Maverick_fewshot,PQ,False
112,Anonymized_Llama-4-Maverick_synthetic,PQ,True
112,Anonymized_Llama-4-Maverick_synthetic,PQ,True
122,Anonymized_gpt-4o,PQ,False
122,Anonymized_gpt-3.5-turbo,PQ,False
122,Anonymized_gpt-3.5-turbo,PQ,False
122,Anonymized_gpt-4o,PQ,False
122,Anonymized_gpt-4o,CQ,False
112,Anonymized_Llama-4-Maverick_fewshot,CQ,False
122,Anonymized_gpt-3.5-turbo,CQ,False
122,Anonymized_gpt-3.5-turbo,CQ,True
122,Anonymized_gpt-3.5-turbo,PQ,False
122,Anonymized_gpt-4o,CQ,False
122,Anonymized_gpt-4o,CQ,False
122,Anonymized_gpt-4o,PQ,False
122,Anonymized_gpt-4o,CQ,False
122,Anonymized_NER,PQ,False
112,Anonymized_Llama-4-Maverick_synthetic,PQ,False
122,Anonymized_gpt-3.5-turbo,PQ,False
112,Anonymized_Llama-4-Maverick_synthetic,CQ,False
122,Anonymized_NER,PQ,False
122,Anonymized_gpt-4o,PQ,False
122,Anonymized_gpt-4o,CQ,False
122,Anonymized_gpt-4o,CQ,False
122,Anonymized_gpt-4o,PQ,False
122,Anonymized_NER,PQ,False
122,Anonymized_gpt-4o,PQ,False
122,Anonymized_gpt-3.5-turbo,CQ,False
122,Anonymized_NER,PQ,False
122,Anonymized_gpt-3.5-turbo,CQ,True
122,Anonymized_gpt-3.5-turbo,PQ,False
122,Anonymized_gpt-4o,CQ,True
122,Anonymized_gpt-3.5-turbo,PQ,False
122,Anonymized_NER,CQ,False
122,Anonymized_NER,PQ,False
122,Anonymized_NER,CQ,False
122,Anonymized_NER,CQ,False
122,Anonymized_DeepSeek-V4-Pro,PQ,False
122,Anonymized_NER,CQ,True
122,Anonymized_gpt-3.5-turbo,PQ,False
122,Anonymized_NER,CQ,False
122,Anonymized_gpt-4o,CQ,True
122,Anonymized_gpt-3.5-turbo,CQ,False
122,Anonymized_DeepSeek-V4-Pro,PQ,False
122,Anonymized_gpt-4o,CQ,False
122,Anonymized_DeepSeek-V4-Pro,CQ,False
122,Anonymized_gpt-4o,PQ,False
122,Anonymized_NER,PQ,False
122,Anonymized_DeepSeek-V4-Pro,PQ,False
122,Anonymized_NER,CQ,False
122,Anonymized_gpt-4o,PQ,False
122,Anonymized_DeepSeek-V4-Pro,PQ,False
122,Anonymized_DeepSeek-V4-Pro,CQ,False
122,Anonymized_NER,CQ,False
122,Anonymized_DeepSeek-V4-Pro,CQ,False
122,Anonymized_DeepSeek-V4-Pro,CQ,True
122,Anonymized_DeepSeek-V4-Pro,CQ,False
122,Anonymized_DeepSeek-V4-Pro,PQ,False
122,Anonymized_gpt-3.5-turbo,PQ,False
122,Anonymized_Llama-4-Maverick-17B-128E-Instruct-FP8,CQ,False
122,Anonymized_DeepSeek-V4-Pro,CQ,False
122,Anonymized_DeepSeek-V4-Pro,PQ,False
122,Anonymized_DeepSeek-V4-Pro,CQ,False
122,Anonymized_DeepSeek-V4-Pro,PQ,False
122,Anonymized_gpt-4o,CQ,True
122,Anonymized_gpt-4o,PQ,False
122,Anonymized_NER,PQ,False
122,Anonymized_Llama-4-Maverick-17B-128E-Instruct-FP8,CQ,False
122,Anonymized_gpt-3.5-turbo,CQ,False
122,Anonymized_NER,PQ,False
122,Anonymized_NER,CQ,False
122,Anonymized_Llama-4-Maverick-17B-128E-Instruct-FP8,PQ,False
122,Anonymized_Llama-4-Maverick-17B-128E-Instruct-FP8,CQ,True
122,Anonymized_DeepSeek-V4-Pro,PQ,False
122,Anonymized_Llama-4-Maverick-17B-128E-Instruct-FP8,PQ,False
122,Anonymized_Llama-4-Maverick_fewshot,PQ,False
122,Anonymized_DeepSeek-V4-Pro,PQ,False
122,Anonymized_Llama-4-Maverick-17B-128E-Instruct-FP8,CQ,False
122,Anonymized_Llama-4-Maverick-17B-128E-Instruct-FP8,CQ,False
122,Anonymized_Llama-4-Maverick-17B-128E-Instruct-FP8,PQ,False
122,Anonymized_Llama-4-Maverick_fewshot,PQ,False
122,Anonymized_Llama-4-Maverick-17B-128E-Instruct-FP8,CQ,False
122,Anonymized_NER,PQ,False
122,Anonymized_Llama-4-Maverick_fewshot,CQ,False
122,Anonymized_Llama-4-Maverick-17B-128E-Instruct-FP8,PQ,False
122,Anonymized_NER,PQ,False
122,Anonymized_Llama-4-Maverick_fewshot,PQ,False
122,Anonymized_Llama-4-Maverick_fewshot,CQ,False
122,Anonymized_Llama-4-Maverick_fewshot,CQ,True
122,Anonymized_Llama-4-Maverick-17B-128E-Instruct-FP8,PQ,False
122,Anonymized_DeepSeek-V4-Pro,CQ,False
122,Anonymized_Llama-4-Maverick-17B-128E-Instruct-FP8,PQ,False
122,Anonymized_NER,CQ,True
122,Anonymized_Llama-4-Maverick-17B-128E-Instruct-FP8,CQ,False
122,Anonymized_DeepSeek-V4-Pro,PQ,False
122,Anonymized_Llama-4-Maverick-17B-128E-Instruct-FP8,PQ,False
122,Anonymized_Llama-4-Maverick_synthetic,PQ,False
122,Anonymized_Llama-4-Maverick_fewshot,CQ,True
122,Anonymized_DeepSeek-V4-Pro,CQ,False
122,Anonymized_Llama-4-Maverick-17B-128E-Instruct-FP8,PQ,False
122,Anonymized_Llama-4-Maverick-17B-128E-Instruct-FP8,PQ,False
122,Anonymized_NER,CQ,False
122,Anonymized_Llama-4-Maverick_synthetic,PQ,False
122,Anonymized_Llama-4-Maverick_fewshot,CQ,False
122,Anonymized_Llama-4-Maverick_synthetic,PQ,False
122,Anonymized_Llama-4-Maverick-17B-128E-Instruct-FP8,CQ,True
122,Anonymized_Llama-4-Maverick_synthetic,CQ,False
122,Anonymized_Llama-4-Maverick_synthetic,CQ,False
122,Anonymized_DeepSeek-V4-Pro,CQ,True
122,Anonymized_Llama-4-Maverick_synthetic,PQ,False
122,Anonymized_Llama-4-Maverick_fewshot,PQ,False
122,Anonymized_Llama-4-Maverick-17B-128E-Instruct-FP8,CQ,True
122,Anonymized_Llama-4-Maverick_fewshot,PQ,False
122,Anonymized_Llama-4-Maverick_synthetic,PQ,False
122,Anonymized_Llama-4-Maverick_fewshot,CQ,False
122,Anonymized_Llama-4-Maverick_fewshot,CQ,False
122,Anonymized_Llama-4-Maverick_fewshot,PQ,False
122,Anonymized_Llama-4-Maverick_synthetic,PQ,False
122,Anonymized_Llama-4-Maverick_synthetic,PQ,False
122,Anonymized_Llama-4-Maverick_synthetic,PQ,False
122,Anonymized_Llama-4-Maverick_synthetic,CQ,False
122,Anonymized_Llama-4-Maverick-17B-128E-Instruct-FP8,PQ,False
122,Anonymized_gpt-4o,PQ,False
122,Anonymized_Llama-4-Maverick_synthetic,PQ,False
122,Anonymized_Llama-4-Maverick_synthetic,CQ,True
122,Anonymized_Llama-4-Maverick_synthetic,PQ,False
122,Anonymized_Llama-4-Maverick_synthetic,CQ,True
122,Anonymized_Llama-4-Maverick_synthetic,CQ,False
122,Anonymized_Llama-4-Maverick_synthetic,CQ,False
139,Anonymized_gpt-3.5-turbo,CQ,False
139,Anonymized_gpt-3.5-turbo,PQ,False
139,Anonymized_gpt-3.5-turbo,CQ,True
122,Anonymized_Llama-4-Maverick_fewshot,PQ,False
122,Anonymized_Llama-4-Maverick_fewshot,PQ,False
122,Anonymized_Llama-4-Maverick_synthetic,CQ,False
122,Anonymized_Llama-4-Maverick_fewshot,CQ,True
139,Anonymized_gpt-3.5-turbo,CQ,False
122,Anonymized_Llama-4-Maverick_fewshot,CQ,False
139,Anonymized_gpt-3.5-turbo,PQ,False
139,Anonymized_gpt-3.5-turbo,CQ,False
139,Anonymized_gpt-4o,CQ,True
139,Anonymized_gpt-3.5-turbo,CQ,False
139,Anonymized_gpt-3.5-turbo,CQ,False
139,Anonymized_gpt-3.5-turbo,PQ,False
139,Anonymized_gpt-4o,PQ,False
122,Anonymized_Llama-4-Maverick_fewshot,CQ,True
139,Anonymized_gpt-3.5-turbo,PQ,False
139,Anonymized_gpt-4o,CQ,False
139,Anonymized_gpt-4o,CQ,False
139,Anonymized_gpt-4o,CQ,False
139,Anonymized_gpt-4o,PQ,False
139,Anonymized_gpt-3.5-turbo,PQ,False
122,Anonymized_Llama-4-Maverick-17B-128E-Instruct-FP8,CQ,True
139,Anonymized_gpt-3.5-turbo,PQ,False
139,Anonymized_gpt-4o,PQ,False
139,Anonymized_gpt-4o,CQ,False
139,Anonymized_gpt-4o,PQ,False
139,Anonymized_gpt-3.5-turbo,CQ,False
139,Anonymized_gpt-4o,PQ,False
139,Anonymized_NER,PQ,False
139,Anonymized_gpt-3.5-turbo,PQ,False
122,Anonymized_Llama-4-Maverick_fewshot,PQ,False
139,Anonymized_NER,PQ,False
139,Anonymized_NER,PQ,False
139,Anonymized_gpt-3.5-turbo,PQ,False
139,Anonymized_gpt-4o,PQ,False
122,Anonymized_Llama-4-Maverick_synthetic,CQ,False
139,Anonymized_gpt-3.5-turbo,CQ,False
139,Anonymized_gpt-4o,PQ,False
122,Anonymized_Llama-4-Maverick_fewshot,PQ,True
139,Anonymized_gpt-4o,CQ,False
139,Anonymized_gpt-3.5-turbo,CQ,True
139,Anonymized_gpt-4o,PQ,False
139,Anonymized_NER,CQ,False
139,Anonymized_NER,PQ,False
139,Anonymized_gpt-4o,CQ,True
139,Anonymized_gpt-4o,CQ,False
139,Anonymized_DeepSeek-V4-Pro,CQ,True
139,Anonymized_NER,PQ,False
139,Anonymized_gpt-4o,PQ,False
139,Anonymized_NER,PQ,True
139,Anonymized_DeepSeek-V4-Pro,PQ,False
139,Anonymized_NER,CQ,False
139,Anonymized_gpt-3.5-turbo,PQ,False
139,Anonymized_gpt-4o,PQ,False
139,Anonymized_gpt-4o,CQ,False
139,Anonymized_DeepSeek-V4-Pro,CQ,False
139,Anonymized_DeepSeek-V4-Pro,CQ,False
139,Anonymized_DeepSeek-V4-Pro,PQ,False
139,Anonymized_DeepSeek-V4-Pro,PQ,True
139,Anonymized_DeepSeek-V4-Pro,PQ,False
139,Anonymized_gpt-4o,CQ,False
139,Anonymized_DeepSeek-V4-Pro,PQ,False
139,Anonymized_NER,PQ,False
139,Anonymized_NER,CQ,False
139,Anonymized_NER,CQ,False
139,Anonymized_Llama-4-Maverick-17B-128E-Instruct-FP8,PQ,False
139,Anonymized_DeepSeek-V4-Pro,CQ,False
139,Anonymized_Llama-4-Maverick-17B-128E-Instruct-FP8,CQ,False
139,Anonymized_DeepSeek-V4-Pro,PQ,False
139,Anonymized_Llama-4-Maverick-17B-128E-Instruct-FP8,PQ,False
139,Anonymized_DeepSeek-V4-Pro,CQ,True
139,Anonymized_NER,CQ,False
139,Anonymized_DeepSeek-V4-Pro,CQ,False
139,Anonymized_NER,CQ,False
139,Anonymized_gpt-3.5-turbo,PQ,False
139,Anonymized_Llama-4-Maverick-17B-128E-Instruct-FP8,CQ,False
139,Anonymized_DeepSeek-V4-Pro,PQ,False
139,Anonymized_DeepSeek-V4-Pro,CQ,False
139,Anonymized_Llama-4-Maverick-17B-128E-Instruct-FP8,PQ,False
139,Anonymized_DeepSeek-V4-Pro,PQ,False
139,Anonymized_NER,CQ,False
139,Anonymized_Llama-4-Maverick-17B-128E-Instruct-FP8,CQ,False
139,Anonymized_Llama-4-Maverick-17B-128E-Instruct-FP8,PQ,False
139,Anonymized_Llama-4-Maverick_fewshot,PQ,False
139,Anonymized_NER,PQ,False
139,Anonymized_Llama-4-Maverick-17B-128E-Instruct-FP8,CQ,False
139,Anonymized_NER,PQ,False
139,Anonymized_gpt-3.5-turbo,CQ,False
139,Anonymized_DeepSeek-V4-Pro,CQ,False
139,Anonymized_Llama-4-Maverick-17B-128E-Instruct-FP8,CQ,True
139,Anonymized_Llama-4-Maverick_fewshot,CQ,False
139,Anonymized_DeepSeek-V4-Pro,CQ,False
139,Anonymized_Llama-4-Maverick_fewshot,CQ,True
139,Anonymized_Llama-4-Maverick_fewshot,PQ,False
139,Anonymized_Llama-4-Maverick-17B-128E-Instruct-FP8,CQ,False
139,Anonymized_NER,PQ,False
139,Anonymized_Llama-4-Maverick-17B-128E-Instruct-FP8,CQ,False
139,Anonymized_NER,CQ,True
139,Anonymized_Llama-4-Maverick-17B-128E-Instruct-FP8,PQ,False
139,Anonymized_Llama-4-Maverick-17B-128E-Instruct-FP8,PQ,False
139,Anonymized_Llama-4-Maverick-17B-128E-Instruct-FP8,PQ,False
139,Anonymized_Llama-4-Maverick_fewshot,CQ,False
139,Anonymized_Llama-4-Maverick_fewshot,PQ,False
139,Anonymized_Llama-4-Maverick_fewshot,PQ,False
139,Anonymized_Llama-4-Maverick_fewshot,CQ,False
139,Anonymized_Llama-4-Maverick_synthetic,PQ,False
139,Anonymized_Llama-4-Maverick-17B-128E-Instruct-FP8,CQ,False
139,Anonymized_Llama-4-Maverick_fewshot,CQ,False
122,Anonymized_Llama-4-Maverick_synthetic,CQ,True
139,Anonymized_Llama-4-Maverick-17B-128E-Instruct-FP8,PQ,False
139,Anonymized_Llama-4-Maverick_fewshot,CQ,False
139,Anonymized_DeepSeek-V4-Pro,PQ,False
139,Anonymized_Llama-4-Maverick_fewshot,PQ,False
139,Anonymized_Llama-4-Maverick_fewshot,CQ,False
139,Anonymized_Llama-4-Maverick_synthetic,PQ,False
139,Anonymized_Llama-4-Maverick-17B-128E-Instruct-FP8,PQ,False
139,Anonymized_Llama-4-Maverick_fewshot,CQ,True
139,Anonymized_Llama-4-Maverick_synthetic,PQ,False
139,Anonymized_Llama-4-Maverick_synthetic,CQ,False
139,Anonymized_Llama-4-Maverick_synthetic,PQ,False
139,Anonymized_DeepSeek-V4-Pro,PQ,False
139,Anonymized_Llama-4-Maverick_synthetic,PQ,False
139,Anonymized_Llama-4-Maverick_synthetic,PQ,False
139,Anonymized_Llama-4-Maverick-17B-128E-Instruct-FP8,CQ,True
139,Anonymized_Llama-4-Maverick_synthetic,PQ,False
139,Anonymized_Llama-4-Maverick_fewshot,CQ,False
139,Anonymized_Llama-4-Maverick_synthetic,PQ,False
139,Anonymized_Llama-4-Maverick_synthetic,CQ,False
139,Anonymized_Llama-4-Maverick_fewshot,PQ,False
139,Anonymized_Llama-4-Maverick_fewshot,PQ,True
139,Anonymized_Llama-4-Maverick_synthetic,CQ,False
139,Anonymized_Llama-4-Maverick_synthetic,PQ,False
139,Anonymized_Llama-4-Maverick_synthetic,CQ,True
139,Anonymized_Llama-4-Maverick_fewshot,CQ,False
139,Anonymized_Llama-4-Maverick_synthetic,CQ,False
139,Anonymized_Llama-4-Maverick_fewshot,PQ,False
139,Anonymized_Llama-4-Maverick-17B-128E-Instruct-FP8,CQ,False
139,Anonymized_Llama-4-Maverick_synthetic,CQ,True
139,Anonymized_NER,CQ,True
139,Anonymized_Llama-4-Maverick_synthetic,PQ,False
139,Anonymized_Llama-4-Maverick_synthetic,CQ,False
141,Anonymized_gpt-3.5-turbo,PQ,False
139,Anonymized_Llama-4-Maverick_synthetic,CQ,False
141,Anonymized_gpt-3.5-turbo,PQ,False
139,Anonymized_Llama-4-Maverick-17B-128E-Instruct-FP8,PQ,False
141,Anonymized_gpt-3.5-turbo,CQ,False
141,Anonymized_gpt-3.5-turbo,PQ,False
139,Anonymized_NER,CQ,False
141,Anonymized_gpt-3.5-turbo,PQ,False
141,Anonymized_gpt-3.5-turbo,CQ,False
141,Anonymized_gpt-4o,CQ,True
141,Anonymized_gpt-3.5-turbo,CQ,False
139,Anonymized_Llama-4-Maverick_synthetic,CQ,False
141,Anonymized_gpt-4o,CQ,False
141,Anonymized_gpt-3.5-turbo,PQ,False
141,Anonymized_gpt-3.5-turbo,CQ,False
141,Anonymized_gpt-4o,PQ,False
141,Anonymized_gpt-4o,CQ,False
141,Anonymized_gpt-3.5-turbo,PQ,False
141,Anonymized_gpt-4o,PQ,False
139,Anonymized_Llama-4-Maverick_fewshot,PQ,False
141,Anonymized_gpt-4o,PQ,False
139,Anonymized_Llama-4-Maverick_fewshot,PQ,False
141,Anonymized_gpt-4o,CQ,False
141,Anonymized_gpt-3.5-turbo,PQ,False
141,Anonymized_gpt-4o,PQ,False
141,Anonymized_gpt-4o,CQ,False
141,Anonymized_NER,PQ,False
141,Anonymized_gpt-3.5-turbo,PQ,False
141,Anonymized_gpt-3.5-turbo,CQ,False
141,Anonymized_gpt-3.5-turbo,CQ,True
141,Anonymized_gpt-4o,CQ,False
141,Anonymized_gpt-4o,PQ,False
141,Anonymized_gpt-4o,PQ,False
141,Anonymized_NER,PQ,False
141,Anonymized_NER,CQ,True
141,Anonymized_NER,PQ,False
141,Anonymized_gpt-4o,CQ,False
139,Anonymized_Llama-4-Maverick_synthetic,CQ,False
141,Anonymized_gpt-4o,PQ,False
141,Anonymized_gpt-4o,CQ,False
141,Anonymized_NER,PQ,False
141,Anonymized_NER,PQ,False
141,Anonymized_NER,CQ,False
141,Anonymized_NER,CQ,False
141,Anonymized_NER,PQ,False
141,Anonymized_gpt-4o,CQ,False
141,Anonymized_gpt-3.5-turbo,PQ,False
141,Anonymized_gpt-3.5-turbo,CQ,True
141,Anonymized_NER,CQ,False
141,Anonymized_NER,CQ,False
141,Anonymized_DeepSeek-V4-Pro,PQ,False
141,Anonymized_NER,PQ,False
141,Anonymized_gpt-4o,CQ,True
141,Anonymized_DeepSeek-V4-Pro,PQ,False
141,Anonymized_DeepSeek-V4-Pro,PQ,False
141,Anonymized_gpt-4o,PQ,False
141,Anonymized_gpt-3.5-turbo,CQ,False
141,Anonymized_DeepSeek-V4-Pro,PQ,False
141,Anonymized_NER,CQ,False
141,Anonymized_NER,CQ,False
141,Anonymized_NER,PQ,False
141,Anonymized_NER,CQ,True
141,Anonymized_DeepSeek-V4-Pro,PQ,False
141,Anonymized_gpt-4o,PQ,False
141,Anonymized_Llama-4-Maverick-17B-128E-Instruct-FP8,CQ,False
141,Anonymized_Llama-4-Maverick-17B-128E-Instruct-FP8,PQ,False
141,Anonymized_NER,PQ,False
141,Anonymized_gpt-3.5-turbo,CQ,False
141,Anonymized_Llama-4-Maverick-17B-128E-Instruct-FP8,CQ,False
141,Anonymized_DeepSeek-V4-Pro,PQ,False
141,Anonymized_Llama-4-Maverick-17B-128E-Instruct-FP8,PQ,False
141,Anonymized_gpt-3.5-turbo,PQ,False
141,Anonymized_Llama-4-Maverick-17B-128E-Instruct-FP8,PQ,False
141,Anonymized_NER,PQ,False
141,Anonymized_Llama-4-Maverick-17B-128E-Instruct-FP8,CQ,True
141,Anonymized_DeepSeek-V4-Pro,CQ,True
141,Anonymized_DeepSeek-V4-Pro,CQ,False
141,Anonymized_Llama-4-Maverick-17B-128E-Instruct-FP8,CQ,False
141,Anonymized_Llama-4-Maverick-17B-128E-Instruct-FP8,PQ,False
141,Anonymized_NER,CQ,False
141,Anonymized_Llama-4-Maverick-17B-128E-Instruct-FP8,CQ,False
141,Anonymized_Llama-4-Maverick-17B-128E-Instruct-FP8,CQ,True
141,Anonymized_Llama-4-Maverick-17B-128E-Instruct-FP8,CQ,False
141,Anonymized_Llama-4-Maverick-17B-128E-Instruct-FP8,CQ,False
141,Anonymized_DeepSeek-V4-Pro,PQ,False
141,Anonymized_NER,CQ,False
141,Anonymized_DeepSeek-V4-Pro,CQ,False
141,Anonymized_DeepSeek-V4-Pro,CQ,False
141,Anonymized_gpt-3.5-turbo,CQ,False
141,Anonymized_gpt-4o,PQ,False
141,Anonymized_Llama-4-Maverick_fewshot,PQ,False
141,Anonymized_DeepSeek-V4-Pro,PQ,False
141,Anonymized_Llama-4-Maverick_fewshot,CQ,True
141,Anonymized_Llama-4-Maverick-17B-128E-Instruct-FP8,PQ,False
141,Anonymized_Llama-4-Maverick_fewshot,CQ,False
141,Anonymized_DeepSeek-V4-Pro,CQ,False
141,Anonymized_Llama-4-Maverick-17B-128E-Instruct-FP8,CQ,False
141,Anonymized_Llama-4-Maverick_fewshot,CQ,False
141,Anonymized_Llama-4-Maverick-17B-128E-Instruct-FP8,PQ,False
141,Anonymized_Llama-4-Maverick_fewshot,PQ,False
141,Anonymized_Llama-4-Maverick_fewshot,PQ,False
141,Anonymized_Llama-4-Maverick-17B-128E-Instruct-FP8,PQ,False
141,Anonymized_Llama-4-Maverick_fewshot,CQ,False
141,Anonymized_Llama-4-Maverick-17B-128E-Instruct-FP8,PQ,False
141,Anonymized_Llama-4-Maverick_fewshot,CQ,False
141,Anonymized_Llama-4-Maverick_synthetic,CQ,False
141,Anonymized_DeepSeek-V4-Pro,CQ,False
141,Anonymized_DeepSeek-V4-Pro,PQ,False
141,Anonymized_Llama-4-Maverick_synthetic,PQ,False
141,Anonymized_Llama-4-Maverick_synthetic,CQ,False
141,Anonymized_Llama-4-Maverick_fewshot,PQ,False
141,Anonymized_Llama-4-Maverick_fewshot,CQ,False
141,Anonymized_DeepSeek-V4-Pro,CQ,False
141,Anonymized_Llama-4-Maverick_synthetic,PQ,False
141,Anonymized_Llama-4-Maverick_fewshot,PQ,False
141,Anonymized_Llama-4-Maverick-17B-128E-Instruct-FP8,PQ,False
141,Anonymized_Llama-4-Maverick_synthetic,PQ,False
141,Anonymized_Llama-4-Maverick_fewshot,PQ,False
141,Anonymized_Llama-4-Maverick_synthetic,CQ,False
141,Anonymized_Llama-4-Maverick_synthetic,PQ,False
141,Anonymized_Llama-4-Maverick_synthetic,CQ,False
141,Anonymized_DeepSeek-V4-Pro,CQ,False
141,Anonymized_Llama-4-Maverick_synthetic,CQ,False
141,Anonymized_Llama-4-Maverick_synthetic,PQ,False
141,Anonymized_Llama-4-Maverick_synthetic,CQ,True
141,Anonymized_Llama-4-Maverick_fewshot,CQ,False
141,Anonymized_Llama-4-Maverick_fewshot,PQ,False
141,Anonymized_Llama-4-Maverick-17B-128E-Instruct-FP8,PQ,False
141,Anonymized_Llama-4-Maverick_fewshot,CQ,False
141,Anonymized_Llama-4-Maverick_synthetic,CQ,False
141,Anonymized_Llama-4-Maverick-17B-128E-Instruct-FP8,CQ,False
141,Anonymized_Llama-4-Maverick_fewshot,PQ,False
141,Anonymized_DeepSeek-V4-Pro,PQ,False
141,Anonymized_Llama-4-Maverick_synthetic,PQ,False
141,Anonymized_DeepSeek-V4-Pro,CQ,False
177,Anonymized_gpt-3.5-turbo,PQ,False
141,Anonymized_Llama-4-Maverick_synthetic,PQ,False
177,Anonymized_gpt-3.5-turbo,CQ,False
141,Anonymized_Llama-4-Maverick_fewshot,CQ,False
141,Anonymized_Llama-4-Maverick_synthetic,CQ,False
177,Anonymized_gpt-3.5-turbo,CQ,False
141,Anonymized_Llama-4-Maverick_synthetic,PQ,False
177,Anonymized_gpt-3.5-turbo,CQ,True
177,Anonymized_gpt-3.5-turbo,PQ,False
177,Anonymized_gpt-3.5-turbo,CQ,True
177,Anonymized_gpt-3.5-turbo,CQ,True
141,Anonymized_Llama-4-Maverick_synthetic,CQ,True
177,Anonymized_gpt-3.5-turbo,PQ,False
177,Anonymized_gpt-3.5-turbo,CQ,False
177,Anonymized_gpt-3.5-turbo,CQ,True
177,Anonymized_gpt-4o,PQ,False
177,Anonymized_gpt-4o,CQ,False
177,Anonymized_gpt-4o,CQ,True
177,Anonymized_gpt-3.5-turbo,CQ,True
177,Anonymized_gpt-3.5-turbo,PQ,False
177,Anonymized_gpt-3.5-turbo,PQ,False
177,Anonymized_gpt-4o,PQ,False
141,Anonymized_Llama-4-Maverick_synthetic,CQ,False
141,Anonymized_Llama-4-Maverick_synthetic,PQ,False
141,Anonymized_Llama-4-Maverick_synthetic,PQ,False
177,Anonymized_gpt-4o,PQ,False
177,Anonymized_gpt-4o,CQ,True
177,Anonymized_gpt-4o,PQ,False
177,Anonymized_gpt-3.5-turbo,PQ,True
177,Anonymized_gpt-4o,CQ,True
177,Anonymized_gpt-4o,CQ,True
141,Anonymized_Llama-4-Maverick_fewshot,PQ,False
177,Anonymized_gpt-3.5-turbo,CQ,False
177,Anonymized_gpt-4o,CQ,True
177,Anonymized_gpt-4o,PQ,False
177,Anonymized_NER,PQ,True
177,Anonymized_gpt-4o,PQ,False
177,Anonymized_NER,PQ,False
141,Anonymized_Llama-4-Maverick_fewshot,CQ,True
177,Anonymized_gpt-3.5-turbo,PQ,False
177,Anonymized_gpt-3.5-turbo,PQ,False
177,Anonymized_gpt-4o,CQ,False
177,Anonymized_gpt-3.5-turbo,CQ,True
177,Anonymized_NER,PQ,False
177,Anonymized_gpt-4o,CQ,False
177,Anonymized_gpt-4o,PQ,False
177,Anonymized_gpt-4o,PQ,True
177,Anonymized_NER,CQ,False
177,Anonymized_NER,CQ,False
177,Anonymized_NER,PQ,False
177,Anonymized_NER,CQ,False
177,Anonymized_NER,CQ,True
177,Anonymized_NER,PQ,False
177,Anonymized_gpt-4o,PQ,False
177,Anonymized_NER,PQ,False
177,Anonymized_NER,CQ,False
177,Anonymized_DeepSeek-V4-Pro,CQ,True
177,Anonymized_DeepSeek-V4-Pro,PQ,False
177,Anonymized_NER,CQ,False
177,Anonymized_DeepSeek-V4-Pro,PQ,False
177,Anonymized_DeepSeek-V4-Pro,CQ,False
177,Anonymized_DeepSeek-V4-Pro,PQ,False
177,Anonymized_DeepSeek-V4-Pro,PQ,True
177,Anonymized_NER,CQ,False
177,Anonymized_NER,CQ,False
177,Anonymized_DeepSeek-V4-Pro,CQ,True
177,Anonymized_DeepSeek-V4-Pro,PQ,False
177,Anonymized_gpt-4o,PQ,False
177,Anonymized_DeepSeek-V4-Pro,CQ,True
177,Anonymized_NER,CQ,False
177,Anonymized_gpt-4o,CQ,True
177,Anonymized_Llama-4-Maverick-17B-128E-Instruct-FP8,CQ,False
141,Anonymized_DeepSeek-V4-Pro,CQ,True
177,Anonymized_gpt-3.5-turbo,PQ,False
177,Anonymized_DeepSeek-V4-Pro,CQ,False
177,Anonymized_DeepSeek-V4-Pro,PQ,False
177,Anonymized_NER,CQ,False
177,Anonymized_DeepSeek-V4-Pro,PQ,False
141,Anonymized_Llama-4-Maverick_fewshot,PQ,False
177,Anonymized_DeepSeek-V4-Pro,PQ,False
177,Anonymized_NER,PQ,False
177,Anonymized_Llama-4-Maverick-17B-128E-Instruct-FP8,PQ,False
177,Anonymized_Llama-4-Maverick-17B-128E-Instruct-FP8,CQ,True
177,Anonymized_Llama-4-Maverick-17B-128E-Instruct-FP8,PQ,False
177,Anonymized_Llama-4-Maverick-17B-128E-Instruct-FP8,CQ,True
177,Anonymized_Llama-4-Maverick-17B-128E-Instruct-FP8,CQ,True
177,Anonymized_Llama-4-Maverick-17B-128E-Instruct-FP8,PQ,False
177,Anonymized_DeepSeek-V4-Pro,CQ,True
177,Anonymized_DeepSeek-V4-Pro,PQ,False
177,Anonymized_Llama-4-Maverick_fewshot,CQ,False
177,Anonymized_DeepSeek-V4-Pro,PQ,False
177,Anonymized_Llama-4-Maverick_fewshot,CQ,False
177,Anonymized_Llama-4-Maverick-17B-128E-Instruct-FP8,PQ,False
177,Anonymized_Llama-4-Maverick-17B-128E-Instruct-FP8,CQ,False
177,Anonymized_Llama-4-Maverick_fewshot,CQ,True
177,Anonymized_NER,PQ,False
177,Anonymized_Llama-4-Maverick_fewshot,PQ,False
177,Anonymized_Llama-4-Maverick-17B-128E-Instruct-FP8,PQ,False
177,Anonymized_Llama-4-Maverick-17B-128E-Instruct-FP8,CQ,False
177,Anonymized_DeepSeek-V4-Pro,CQ,False
177,Anonymized_Llama-4-Maverick_fewshot,PQ,False
177,Anonymized_Llama-4-Maverick-17B-128E-Instruct-FP8,PQ,False
177,Anonymized_Llama-4-Maverick-17B-128E-Instruct-FP8,CQ,False
177,Anonymized_Llama-4-Maverick_fewshot,PQ,False
177,Anonymized_Llama-4-Maverick_fewshot,PQ,False
177,Anonymized_NER,PQ,False
177,Anonymized_DeepSeek-V4-Pro,CQ,True
177,Anonymized_Llama-4-Maverick_synthetic,PQ,False
177,Anonymized_Llama-4-Maverick_fewshot,CQ,False
177,Anonymized_Llama-4-Maverick_fewshot,PQ,False
177,Anonymized_NER,PQ,False
177,Anonymized_Llama-4-Maverick_synthetic,PQ,False
177,Anonymized_gpt-3.5-turbo,PQ,False
177,Anonymized_DeepSeek-V4-Pro,CQ,False
177,Anonymized_Llama-4-Maverick-17B-128E-Instruct-FP8,PQ,True
177,Anonymized_Llama-4-Maverick_fewshot,CQ,False
177,Anonymized_Llama-4-Maverick-17B-128E-Instruct-FP8,CQ,True
177,Anonymized_Llama-4-Maverick-17B-128E-Instruct-FP8,PQ,False
177,Anonymized_DeepSeek-V4-Pro,CQ,False
177,Anonymized_Llama-4-Maverick_fewshot,CQ,True
177,Anonymized_Llama-4-Maverick_synthetic,CQ,True
177,Anonymized_Llama-4-Maverick_fewshot,PQ,False
177,Anonymized_Llama-4-Maverick_synthetic,CQ,False
177,Anonymized_Llama-4-Maverick_fewshot,PQ,False
177,Anonymized_Llama-4-Maverick_synthetic,CQ,False
177,Anonymized_Llama-4-Maverick_fewshot,CQ,True
177,Anonymized_Llama-4-Maverick_synthetic,PQ,False
177,Anonymized_Llama-4-Maverick_synthetic,PQ,True
177,Anonymized_Llama-4-Maverick_fewshot,CQ,False
177,Anonymized_Llama-4-Maverick_fewshot,PQ,False
177,Anonymized_Llama-4-Maverick_synthetic,CQ,False
177,Anonymized_Llama-4-Maverick_fewshot,PQ,False
177,Anonymized_Llama-4-Maverick-17B-128E-Instruct-FP8,PQ,False
177,Anonymized_Llama-4-Maverick_synthetic,CQ,False
177,Anonymized_Llama-4-Maverick_synthetic,CQ,True
177,Anonymized_Llama-4-Maverick_synthetic,CQ,False
177,Anonymized_Llama-4-Maverick_fewshot,PQ,False
177,Anonymized_Llama-4-Maverick_synthetic,PQ,False
177,Anonymized_Llama-4-Maverick_synthetic,CQ,False
177,Anonymized_Llama-4-Maverick-17B-128E-Instruct-FP8,CQ,False
201,Anonymized_gpt-3.5-turbo,PQ,False
177,Anonymized_Llama-4-Maverick-17B-128E-Instruct-FP8,CQ,True
201,Anonymized_gpt-3.5-turbo,PQ,False
201,Anonymized_gpt-3.5-turbo,PQ,True
177,Anonymized_Llama-4-Maverick_fewshot,CQ,True
201,Anonymized_gpt-3.5-turbo,CQ,False
177,Anonymized_Llama-4-Maverick_synthetic,CQ,False
201,Anonymized_gpt-3.5-turbo,CQ,False
177,Anonymized_Llama-4-Maverick_synthetic,PQ,False
177,Anonymized_Llama-4-Maverick_synthetic,PQ,False
177,Anonymized_Llama-4-Maverick_synthetic,PQ,False
201,Anonymized_gpt-3.5-turbo,PQ,True
201,Anonymized_gpt-4o,PQ,True
201,Anonymized_gpt-4o,CQ,True
177,Anonymized_Llama-4-Maverick_synthetic,PQ,False
201,Anonymized_gpt-3.5-turbo,PQ,True
201,Anonymized_gpt-3.5-turbo,PQ,False
201,Anonymized_gpt-4o,CQ,False
201,Anonymized_gpt-3.5-turbo,CQ,True
201,Anonymized_gpt-4o,PQ,False
201,Anonymized_gpt-3.5-turbo,CQ,False
201,Anonymized_gpt-3.5-turbo,CQ,True
177,Anonymized_Llama-4-Maverick-17B-128E-Instruct-FP8,PQ,False
201,Anonymized_gpt-4o,PQ,False
201,Anonymized_gpt-4o,CQ,True
201,Anonymized_gpt-3.5-turbo,CQ,False
177,Anonymized_Llama-4-Maverick_synthetic,PQ,False
177,Anonymized_Llama-4-Maverick_synthetic,CQ,False
177,Anonymized_gpt-4o,CQ,False
177,Anonymized_Llama-4-Maverick_fewshot,CQ,True
201,Anonymized_NER,CQ,False
201,Anonymized_NER,PQ,False
201,Anonymized_gpt-4o,CQ,True
201,Anonymized_gpt-4o,PQ,True
201,Anonymized_gpt-4o,PQ,False
201,Anonymized_gpt-4o,CQ,False
201,Anonymized_NER,PQ,True
201,Anonymized_gpt-3.5-turbo,PQ,False
201,Anonymized_NER,PQ,True
201,Anonymized_NER,PQ,False
201,Anonymized_NER,CQ,True
201,Anonymized_NER,PQ,False
201,Anonymized_gpt-4o,PQ,False
201,Anonymized_gpt-4o,PQ,False
201,Anonymized_NER,PQ,False
201,Anonymized_gpt-4o,CQ,False
201,Anonymized_gpt-3.5-turbo,CQ,True
201,Anonymized_gpt-3.5-turbo,PQ,False
201,Anonymized_DeepSeek-V4-Pro,CQ,False
201,Anonymized_NER,CQ,True
201,Anonymized_gpt-3.5-turbo,CQ,True
201,Anonymized_gpt-4o,PQ,False
201,Anonymized_DeepSeek-V4-Pro,PQ,True
201,Anonymized_gpt-4o,CQ,False
201,Anonymized_NER,CQ,False
201,Anonymized_NER,CQ,False
201,Anonymized_DeepSeek-V4-Pro,CQ,False
201,Anonymized_gpt-3.5-turbo,CQ,False
201,Anonymized_gpt-3.5-turbo,PQ,False
201,Anonymized_gpt-4o,PQ,False
201,Anonymized_NER,CQ,True
201,Anonymized_gpt-3.5-turbo,CQ,True
201,Anonymized_DeepSeek-V4-Pro,CQ,True
201,Anonymized_DeepSeek-V4-Pro,PQ,False
201,Anonymized_DeepSeek-V4-Pro,PQ,False
201,Anonymized_gpt-3.5-turbo,PQ,False
201,Anonymized_NER,CQ,True
201,Anonymized_Llama-4-Maverick-17B-128E-Instruct-FP8,PQ,False
201,Anonymized_DeepSeek-V4-Pro,CQ,True
201,Anonymized_NER,PQ,False
201,Anonymized_DeepSeek-V4-Pro,PQ,False
201,Anonymized_gpt-4o,CQ,True
201,Anonymized_DeepSeek-V4-Pro,PQ,False
201,Anonymized_DeepSeek-V4-Pro,CQ,True
201,Anonymized_NER,CQ,True
201,Anonymized_Llama-4-Maverick-17B-128E-Instruct-FP8,CQ,False
201,Anonymized_Llama-4-Maverick-17B-128E-Instruct-FP8,PQ,True
201,Anonymized_DeepSeek-V4-Pro,PQ,False
201,Anonymized_DeepSeek-V4-Pro,CQ,False
201,Anonymized_DeepSeek-V4-Pro,PQ,True
201,Anonymized_Llama-4-Maverick-17B-128E-Instruct-FP8,CQ,True
201,Anonymized_Llama-4-Maverick-17B-128E-Instruct-FP8,PQ,False
201,Anonymized_gpt-4o,CQ,True
201,Anonymized_DeepSeek-V4-Pro,PQ,False
201,Anonymized_Llama-4-Maverick-17B-128E-Instruct-FP8,CQ,True
201,Anonymized_gpt-4o,CQ,True
201,Anonymized_Llama-4-Maverick-17B-128E-Instruct-FP8,CQ,False
201,Anonymized_Llama-4-Maverick-17B-128E-Instruct-FP8,PQ,False
201,Anonymized_Llama-4-Maverick-17B-128E-Instruct-FP8,CQ,True
201,Anonymized_DeepSeek-V4-Pro,CQ,False
201,Anonymized_Llama-4-Maverick-17B-128E-Instruct-FP8,CQ,False
201,Anonymized_gpt-4o,PQ,False
201,Anonymized_Llama-4-Maverick-17B-128E-Instruct-FP8,CQ,True
201,Anonymized_Llama-4-Maverick-17B-128E-Instruct-FP8,CQ,True
201,Anonymized_DeepSeek-V4-Pro,CQ,True
201,Anonymized_DeepSeek-V4-Pro,CQ,True
201,Anonymized_Llama-4-Maverick_fewshot,PQ,False
201,Anonymized_NER,PQ,False
201,Anonymized_Llama-4-Maverick-17B-128E-Instruct-FP8,PQ,False
201,Anonymized_Llama-4-Maverick_fewshot,PQ,False
201,Anonymized_Llama-4-Maverick-17B-128E-Instruct-FP8,PQ,False
201,Anonymized_Llama-4-Maverick-17B-128E-Instruct-FP8,CQ,True
201,Anonymized_Llama-4-Maverick_fewshot,CQ,True
201,Anonymized_Llama-4-Maverick_fewshot,PQ,False
201,Anonymized_Llama-4-Maverick_fewshot,PQ,True
201,Anonymized_Llama-4-Maverick_fewshot,CQ,False
201,Anonymized_Llama-4-Maverick_fewshot,CQ,False
201,Anonymized_Llama-4-Maverick_fewshot,CQ,True
201,Anonymized_Llama-4-Maverick_fewshot,PQ,True
201,Anonymized_Llama-4-Maverick_fewshot,CQ,True
201,Anonymized_Llama-4-Maverick_fewshot,PQ,False
201,Anonymized_DeepSeek-V4-Pro,PQ,False
201,Anonymized_NER,PQ,False
201,Anonymized_Llama-4-Maverick-17B-128E-Instruct-FP8,PQ,False
201,Anonymized_Llama-4-Maverick-17B-128E-Instruct-FP8,PQ,False
201,Anonymized_NER,PQ,False
201,Anonymized_Llama-4-Maverick_synthetic,CQ,False
201,Anonymized_Llama-4-Maverick_fewshot,CQ,True
201,Anonymized_Llama-4-Maverick_synthetic,PQ,False
201,Anonymized_Llama-4-Maverick_synthetic,PQ,True
201,Anonymized_Llama-4-Maverick-17B-128E-Instruct-FP8,CQ,False
201,Anonymized_Llama-4-Maverick_fewshot,PQ,False
201,Anonymized_Llama-4-Maverick_fewshot,CQ,False
201,Anonymized_DeepSeek-V4-Pro,CQ,True
201,Anonymized_Llama-4-Maverick_fewshot,PQ,False
201,Anonymized_Llama-4-Maverick-17B-128E-Instruct-FP8,PQ,False
201,Anonymized_Llama-4-Maverick_synthetic,PQ,False
201,Anonymized_Llama-4-Maverick_fewshot,CQ,True
201,Anonymized_Llama-4-Maverick-17B-128E-Instruct-FP8,PQ,False
201,Anonymized_DeepSeek-V4-Pro,PQ,False
201,Anonymized_Llama-4-Maverick_synthetic,PQ,False
201,Anonymized_Llama-4-Maverick_fewshot,CQ,True
201,Anonymized_Llama-4-Maverick_synthetic,PQ,True
201,Anonymized_Llama-4-Maverick_synthetic,PQ,False
201,Anonymized_Llama-4-Maverick_synthetic,CQ,False
201,Anonymized_Llama-4-Maverick_synthetic,PQ,False
201,Anonymized_Llama-4-Maverick_synthetic,CQ,False
201,Anonymized_Llama-4-Maverick_synthetic,CQ,True
201,Anonymized_Llama-4-Maverick_synthetic,CQ,True
201,Anonymized_Llama-4-Maverick_synthetic,PQ,False
218,Anonymized_gpt-3.5-turbo,PQ,False
201,Anonymized_Llama-4-Maverick_fewshot,PQ,False
218,Anonymized_gpt-3.5-turbo,CQ,True
201,Anonymized_Llama-4-Maverick_synthetic,CQ,True
201,Anonymized_Llama-4-Maverick_synthetic,CQ,False
218,Anonymized_gpt-3.5-turbo,PQ,False
201,Anonymized_Llama-4-Maverick_fewshot,CQ,False
218,Anonymized_gpt-3.5-turbo,PQ,True
218,Anonymized_gpt-3.5-turbo,CQ,False
218,Anonymized_gpt-3.5-turbo,PQ,True
218,Anonymized_gpt-3.5-turbo,PQ,False
218,Anonymized_gpt-3.5-turbo,PQ,False
218,Anonymized_gpt-4o,CQ,True
201,Anonymized_Llama-4-Maverick_synthetic,CQ,True
201,Anonymized_Llama-4-Maverick_fewshot,PQ,False
218,Anonymized_gpt-3.5-turbo,PQ,False
218,Anonymized_gpt-4o,PQ,False
218,Anonymized_gpt-3.5-turbo,CQ,False
201,Anonymized_Llama-4-Maverick_synthetic,CQ,True
201,Anonymized_Llama-4-Maverick_synthetic,PQ,False
218,Anonymized_gpt-4o,CQ,False
218,Anonymized_gpt-4o,PQ,False
201,Anonymized_Llama-4-Maverick_synthetic,CQ,True
218,Anonymized_gpt-3.5-turbo,CQ,False
218,Anonymized_gpt-4o,CQ,False
218,Anonymized_gpt-4o,CQ,False
218,Anonymized_gpt-4o,PQ,True
218,Anonymized_gpt-4o,CQ,False
218,Anonymized_gpt-4o,PQ,False
218,Anonymized_gpt-4o,CQ,False
218,Anonymized_gpt-4o,CQ,False
218,Anonymized_gpt-4o,PQ,False
218,Anonymized_gpt-3.5-turbo,PQ,False
218,Anonymized_gpt-4o,PQ,False
218,Anonymized_gpt-4o,CQ,True
218,Anonymized_NER,PQ,False
218,Anonymized_NER,PQ,False
218,Anonymized_gpt-3.5-turbo,PQ,False
201,Anonymized_Llama-4-Maverick_synthetic,PQ,False
201,Anonymized_NER,CQ,True
218,Anonymized_gpt-3.5-turbo,CQ,False
218,Anonymized_gpt-3.5-turbo,CQ,False
218,Anonymized_gpt-4o,PQ,False
218,Anonymized_NER,PQ,False
218,Anonymized_NER,CQ,True
218,Anonymized_NER,PQ,False
218,Anonymized_NER,PQ,False
218,Anonymized_NER,CQ,False
218,Anonymized_gpt-3.5-turbo,CQ,False
218,Anonymized_gpt-4o,PQ,False
218,Anonymized_gpt-4o,PQ,False
218,Anonymized_NER,PQ,False
218,Anonymized_gpt-4o,PQ,False
201,Anonymized_NER,CQ,False
218,Anonymized_gpt-3.5-turbo,CQ,False
218,Anonymized_DeepSeek-V4-Pro,PQ,False
218,Anonymized_NER,PQ,False
218,Anonymized_NER,CQ,False
218,Anonymized_DeepSeek-V4-Pro,PQ,False
218,Anonymized_NER,CQ,False
218,Anonymized_DeepSeek-V4-Pro,CQ,True
218,Anonymized_DeepSeek-V4-Pro,CQ,True
218,Anonymized_DeepSeek-V4-Pro,PQ,False
218,Anonymized_NER,CQ,False
218,Anonymized_DeepSeek-V4-Pro,PQ,False
218,Anonymized_gpt-4o,CQ,False
218,Anonymized_DeepSeek-V4-Pro,CQ,False
218,Anonymized_NER,CQ,False
218,Anonymized_DeepSeek-V4-Pro,PQ,False
218,Anonymized_DeepSeek-V4-Pro,PQ,False
218,Anonymized_NER,PQ,True
218,Anonymized_gpt-3.5-turbo,CQ,False
218,Anonymized_NER,PQ,False
218,Anonymized_Llama-4-Maverick-17B-128E-Instruct-FP8,CQ,False
218,Anonymized_DeepSeek-V4-Pro,PQ,False
218,Anonymized_Llama-4-Maverick-17B-128E-Instruct-FP8,PQ,False
218,Anonymized_Llama-4-Maverick-17B-128E-Instruct-FP8,CQ,True
218,Anonymized_DeepSeek-V4-Pro,CQ,False
218,Anonymized_Llama-4-Maverick-17B-128E-Instruct-FP8,CQ,False
218,Anonymized_DeepSeek-V4-Pro,CQ,False
218,Anonymized_gpt-3.5-turbo,PQ,False
218,Anonymized_Llama-4-Maverick-17B-128E-Instruct-FP8,PQ,False
218,Anonymized_Llama-4-Maverick-17B-128E-Instruct-FP8,CQ,False
218,Anonymized_NER,CQ,False
218,Anonymized_Llama-4-Maverick-17B-128E-Instruct-FP8,CQ,False
218,Anonymized_NER,PQ,False
218,Anonymized_Llama-4-Maverick-17B-128E-Instruct-FP8,PQ,False
218,Anonymized_DeepSeek-V4-Pro,CQ,False
218,Anonymized_Llama-4-Maverick_fewshot,PQ,True
218,Anonymized_NER,CQ,False
218,Anonymized_gpt-3.5-turbo,CQ,False
218,Anonymized_DeepSeek-V4-Pro,PQ,True
218,Anonymized_gpt-4o,CQ,False
218,Anonymized_Llama-4-Maverick-17B-128E-Instruct-FP8,CQ,False
218,Anonymized_DeepSeek-V4-Pro,CQ,False
218,Anonymized_Llama-4-Maverick-17B-128E-Instruct-FP8,PQ,False
218,Anonymized_Llama-4-Maverick-17B-128E-Instruct-FP8,PQ,False
218,Anonymized_Llama-4-Maverick-17B-128E-Instruct-FP8,PQ,False
218,Anonymized_Llama-4-Maverick-17B-128E-Instruct-FP8,PQ,False
218,Anonymized_DeepSeek-V4-Pro,CQ,False
218,Anonymized_Llama-4-Maverick_fewshot,CQ,False
218,Anonymized_Llama-4-Maverick-17B-128E-Instruct-FP8,CQ,False
218,Anonymized_Llama-4-Maverick_fewshot,PQ,False
218,Anonymized_Llama-4-Maverick-17B-128E-Instruct-FP8,CQ,True
218,Anonymized_Llama-4-Maverick_fewshot,CQ,True
218,Anonymized_Llama-4-Maverick-17B-128E-Instruct-FP8,PQ,False
218,Anonymized_Llama-4-Maverick_fewshot,CQ,False
218,Anonymized_Llama-4-Maverick_fewshot,PQ,False
218,Anonymized_Llama-4-Maverick-17B-128E-Instruct-FP8,CQ,True
218,Anonymized_Llama-4-Maverick_fewshot,CQ,False
218,Anonymized_Llama-4-Maverick_fewshot,PQ,False
218,Anonymized_Llama-4-Maverick_fewshot,PQ,False
218,Anonymized_DeepSeek-V4-Pro,CQ,False
218,Anonymized_Llama-4-Maverick_fewshot,PQ,False
218,Anonymized_DeepSeek-V4-Pro,PQ,False
218,Anonymized_Llama-4-Maverick_fewshot,PQ,False
218,Anonymized_Llama-4-Maverick_fewshot,CQ,False
218,Anonymized_Llama-4-Maverick_fewshot,CQ,True
218,Anonymized_Llama-4-Maverick_synthetic,CQ,True
218,Anonymized_NER,CQ,True
218,Anonymized_DeepSeek-V4-Pro,CQ,True
218,Anonymized_Llama-4-Maverick_synthetic,CQ,False
218,Anonymized_Llama-4-Maverick_synthetic,PQ,False
218,Anonymized_NER,CQ,False
218,Anonymized_Llama-4-Maverick_synthetic,PQ,False
218,Anonymized_Llama-4-Maverick_synthetic,PQ,False
218,Anonymized_Llama-4-Maverick_fewshot,CQ,True
218,Anonymized_Llama-4-Maverick_synthetic,CQ,False
218,Anonymized_Llama-4-Maverick_synthetic,PQ,False
218,Anonymized_Llama-4-Maverick_fewshot,PQ,False
218,Anonymized_Llama-4-Maverick_fewshot,CQ,False
218,Anonymized_Llama-4-Maverick-17B-128E-Instruct-FP8,PQ,False
218,Anonymized_Llama-4-Maverick_synthetic,CQ,True
218,Anonymized_Llama-4-Maverick_synthetic,CQ,False
218,Anonymized_Llama-4-Maverick_synthetic,CQ,False
218,Anonymized_Llama-4-Maverick_synthetic,PQ,False
218,Anonymized_Llama-4-Maverick_synthetic,PQ,True
218,Anonymized_Llama-4-Maverick_synthetic,CQ,False
218,Anonymized_Llama-4-Maverick_synthetic,PQ,False
218,Anonymized_Llama-4-Maverick_synthetic,PQ,False
250,Anonymized_gpt-3.5-turbo,PQ,False
218,Anonymized_Llama-4-Maverick_synthetic,CQ,False
218,Anonymized_Llama-4-Maverick_synthetic,CQ,True
218,Anonymized_Llama-4-Maverick_fewshot,CQ,False
250,Anonymized_gpt-3.5-turbo,PQ,False
218,Anonymized_Llama-4-Maverick_fewshot,PQ,False
250,Anonymized_gpt-3.5-turbo,PQ,True
250,Anonymized_gpt-3.5-turbo,CQ,True
250,Anonymized_gpt-3.5-turbo,PQ,True
250,Anonymized_gpt-3.5-turbo,CQ,False
250,Anonymized_gpt-3.5-turbo,CQ,False
250,Anonymized_gpt-3.5-turbo,CQ,False
218,Anonymized_DeepSeek-V4-Pro,PQ,False
250,Anonymized_gpt-3.5-turbo,PQ,False
250,Anonymized_gpt-4o,CQ,True
250,Anonymized_gpt-3.5-turbo,CQ,False
250,Anonymized_gpt-4o,CQ,True
250,Anonymized_gpt-4o,PQ,False
250,Anonymized_gpt-3.5-turbo,CQ,True
250,Anonymized_gpt-3.5-turbo,CQ,False
250,Anonymized_gpt-4o,CQ,False
250,Anonymized_gpt-4o,PQ,True
250,Anonymized_gpt-3.5-turbo,PQ,False
250,Anonymized_gpt-3.5-turbo,CQ,True
218,Anonymized_Llama-4-Maverick_synthetic,PQ,False
250,Anonymized_gpt-4o,CQ,False
250,Anonymized_gpt-3.5-turbo,PQ,False
250,Anonymized_gpt-3.5-turbo,PQ,False
250,Anonymized_gpt-3.5-turbo,PQ,False
250,Anonymized_gpt-4o,CQ,True
218,Anonymized_Llama-4-Maverick_synthetic,PQ,False
250,Anonymized_gpt-4o,CQ,False
250,Anonymized_gpt-4o,PQ,False
250,Anonymized_NER,CQ,False
250,Anonymized_gpt-4o,PQ,False
218,Anonymized_Llama-4-Maverick_fewshot,PQ,False
250,Anonymized_gpt-4o,PQ,False
250,Anonymized_NER,PQ,False
250,Anonymized_gpt-3.5-turbo,CQ,True
218,Anonymized_Llama-4-Maverick_synthetic,CQ,False
250,Anonymized_gpt-4o,CQ,False
250,Anonymized_NER,CQ,True
250,Anonymized_NER,CQ,False
250,Anonymized_NER,PQ,False
250,Anonymized_gpt-4o,CQ,False
250,Anonymized_gpt-4o,PQ,False
250,Anonymized_gpt-4o,PQ,False
250,Anonymized_gpt-3.5-turbo,PQ,False
218,Anonymized_Llama-4-Maverick-17B-128E-Instruct-FP8,CQ,False
250,Anonymized_NER,CQ,True
250,Anonymized_Llama-4-Maverick-17B-128E-Instruct-FP8,CQ,True
250,Anonymized_NER,PQ,False
250,Anonymized_Llama-4-Maverick-17B-128E-Instruct-FP8,PQ,False
250,Anonymized_NER,CQ,False
250,Anonymized_NER,CQ,False
250,Anonymized_Llama-4-Maverick-17B-128E-Instruct-FP8,CQ,False
250,Anonymized_NER,PQ,False
250,Anonymized_gpt-4o,PQ,False
250,Anonymized_NER,CQ,False
250,Anonymized_NER,PQ,False
250,Anonymized_Llama-4-Maverick-17B-128E-Instruct-FP8,PQ,False
250,Anonymized_Llama-4-Maverick-17B-128E-Instruct-FP8,CQ,True
250,Anonymized_NER,CQ,False
250,Anonymized_Llama-4-Maverick-17B-128E-Instruct-FP8,PQ,False
218,Anonymized_Llama-4-Maverick_fewshot,CQ,False
250,Anonymized_Llama-4-Maverick-17B-128E-Instruct-FP8,PQ,False
250,Anonymized_Llama-4-Maverick-17B-128E-Instruct-FP8,PQ,False
250,Anonymized_Llama-4-Maverick-17B-128E-Instruct-FP8,CQ,False
250,Anonymized_Llama-4-Maverick-17B-128E-Instruct-FP8,PQ,False
250,Anonymized_Llama-4-Maverick-17B-128E-Instruct-FP8,CQ,True
250,Anonymized_Llama-4-Maverick_fewshot,CQ,True
250,Anonymized_Llama-4-Maverick_fewshot,CQ,False
250,Anonymized_Llama-4-Maverick-17B-128E-Instruct-FP8,PQ,False
250,Anonymized_Llama-4-Maverick-17B-128E-Instruct-FP8,PQ,False
250,Anonymized_Llama-4-Maverick-17B-128E-Instruct-FP8,CQ,True
250,Anonymized_Llama-4-Maverick-17B-128E-Instruct-FP8,CQ,True
250,Anonymized_gpt-4o,CQ,False
250,Anonymized_gpt-4o,PQ,False
250,Anonymized_NER,PQ,True
250,Anonymized_Llama-4-Maverick-17B-128E-Instruct-FP8,CQ,True
250,Anonymized_Llama-4-Maverick_fewshot,PQ,False
250,Anonymized_NER,PQ,False
250,Anonymized_gpt-4o,CQ,True
250,Anonymized_NER,CQ,True
250,Anonymized_Llama-4-Maverick_fewshot,PQ,False
250,Anonymized_Llama-4-Maverick_fewshot,PQ,False
250,Anonymized_Llama-4-Maverick-17B-128E-Instruct-FP8,PQ,False
250,Anonymized_NER,PQ,False
250,Anonymized_Llama-4-Maverick_fewshot,PQ,False
250,Anonymized_Llama-4-Maverick_fewshot,CQ,True
250,Anonymized_Llama-4-Maverick_fewshot,PQ,False
250,Anonymized_Llama-4-Maverick_synthetic,CQ,False
250,Anonymized_Llama-4-Maverick_fewshot,CQ,True
250,Anonymized_Llama-4-Maverick_fewshot,CQ,False
250,Anonymized_Llama-4-Maverick_fewshot,CQ,True
250,Anonymized_Llama-4-Maverick_fewshot,CQ,True
250,Anonymized_Llama-4-Maverick-17B-128E-Instruct-FP8,CQ,False
250,Anonymized_NER,PQ,False
250,Anonymized_Llama-4-Maverick_synthetic,PQ,False
250,Anonymized_Llama-4-Maverick_synthetic,PQ,False
250,Anonymized_gpt-4o,PQ,False
250,Anonymized_Llama-4-Maverick_fewshot,PQ,False
250,Anonymized_Llama-4-Maverick_synthetic,PQ,False
250,Anonymized_Llama-4-Maverick_synthetic,PQ,False
250,Anonymized_Llama-4-Maverick_fewshot,CQ,False
250,Anonymized_Llama-4-Maverick-17B-128E-Instruct-FP8,CQ,True
250,Anonymized_Llama-4-Maverick_fewshot,CQ,False
250,Anonymized_Llama-4-Maverick_synthetic,CQ,True
250,Anonymized_NER,PQ,False
250,Anonymized_Llama-4-Maverick_synthetic,CQ,False
250,Anonymized_Llama-4-Maverick_synthetic,PQ,True
250,Anonymized_Llama-4-Maverick_synthetic,PQ,False
218,Anonymized_Llama-4-Maverick-17B-128E-Instruct-FP8,PQ,False
250,Anonymized_Llama-4-Maverick_synthetic,CQ,False
250,Anonymized_Llama-4-Maverick_synthetic,PQ,True
250,Anonymized_NER,CQ,False
250,Anonymized_Llama-4-Maverick_synthetic,CQ,True
250,Anonymized_Llama-4-Maverick_synthetic,PQ,False
250,Anonymized_Llama-4-Maverick_synthetic,CQ,True
250,Anonymized_Llama-4-Maverick_synthetic,CQ,True
289,Anonymized_gpt-3.5-turbo,CQ,False
289,Anonymized_gpt-3.5-turbo,CQ,False
250,Anonymized_Llama-4-Maverick_synthetic,CQ,True
289,Anonymized_gpt-3.5-turbo,PQ,False
289,Anonymized_gpt-3.5-turbo,PQ,False
250,Anonymized_Llama-4-Maverick_fewshot,PQ,False
250,Anonymized_gpt-3.5-turbo,CQ,True
250,Anonymized_Llama-4-Maverick_fewshot,PQ,False
250,Anonymized_Llama-4-Maverick_synthetic,CQ,False
289,Anonymized_gpt-3.5-turbo,PQ,False
289,Anonymized_gpt-3.5-turbo,CQ,True
289,Anonymized_gpt-3.5-turbo,PQ,False
289,Anonymized_gpt-4o,PQ,False
289,Anonymized_gpt-4o,PQ,False
250,Anonymized_Llama-4-Maverick_synthetic,CQ,True
289,Anonymized_gpt-3.5-turbo,CQ,False
250,Anonymized_Llama-4-Maverick-17B-128E-Instruct-FP8,PQ,False
289,Anonymized_gpt-4o,CQ,True
289,Anonymized_gpt-4o,PQ,False
289,Anonymized_gpt-4o,CQ,False
289,Anonymized_gpt-3.5-turbo,CQ,True
289,Anonymized_gpt-3.5-turbo,PQ,False
289,Anonymized_gpt-4o,CQ,False
289,Anonymized_gpt-3.5-turbo,PQ,False
289,Anonymized_gpt-3.5-turbo,PQ,False
289,Anonymized_gpt-4o,PQ,False
289,Anonymized_gpt-3.5-turbo,CQ,False
289,Anonymized_gpt-4o,PQ,False
289,Anonymized_gpt-4o,PQ,False
289,Anonymized_gpt-4o,CQ,False
289,Anonymized_gpt-4o,PQ,False
289,Anonymized_gpt-3.5-turbo,CQ,False
289,Anonymized_gpt-4o,CQ,True
250,Anonymized_Llama-4-Maverick_synthetic,PQ,False
289,Anonymized_gpt-4o,CQ,False
289,Anonymized_NER,PQ,False
289,Anonymized_gpt-3.5-turbo,PQ,False
289,Anonymized_NER,CQ,False
289,Anonymized_gpt-3.5-turbo,PQ,False
250,Anonymized_Llama-4-Maverick_fewshot,PQ,False
289,Anonymized_NER,CQ,False
289,Anonymized_NER,PQ,False
289,Anonymized_NER,PQ,False
289,Anonymized_gpt-4o,CQ,True
289,Anonymized_NER,CQ,False
289,Anonymized_NER,PQ,False
289,Anonymized_gpt-3.5-turbo,CQ,False
289,Anonymized_gpt-4o,CQ,False
250,Anonymized_Llama-4-Maverick_fewshot,PQ,False
289,Anonymized_NER,CQ,False
289,Anonymized_NER,CQ,True
289,Anonymized_DeepSeek-V4-Pro,CQ,False
289,Anonymized_gpt-4o,PQ,False
289,Anonymized_gpt-4o,PQ,False
289,Anonymized_NER,PQ,False
289,Anonymized_NER,PQ,False
289,Anonymized_NER,CQ,False
250,Anonymized_Llama-4-Maverick_fewshot,CQ,True
289,Anonymized_NER,PQ,False
289,Anonymized_DeepSeek-V4-Pro,PQ,False
289,Anonymized_DeepSeek-V4-Pro,CQ,False
289,Anonymized_gpt-3.5-turbo,CQ,True
289,Anonymized_DeepSeek-V4-Pro,PQ,False
250,Anonymized_Llama-4-Maverick_synthetic,PQ,True
289,Anonymized_NER,CQ,False
289,Anonymized_NER,CQ,True
289,Anonymized_NER,PQ,False
289,Anonymized_DeepSeek-V4-Pro,CQ,True
289,Anonymized_Llama-4-Maverick-17B-128E-Instruct-FP8,PQ,False
289,Anonymized_DeepSeek-V4-Pro,PQ,True
289,Anonymized_DeepSeek-V4-Pro,CQ,True
289,Anonymized_DeepSeek-V4-Pro,PQ,False
289,Anonymized_gpt-4o,CQ,False
289,Anonymized_DeepSeek-V4-Pro,CQ,False
289,Anonymized_DeepSeek-V4-Pro,PQ,False
289,Anonymized_Llama-4-Maverick-17B-128E-Instruct-FP8,PQ,False
289,Anonymized_Llama-4-Maverick-17B-128E-Instruct-FP8,CQ,False
289,Anonymized_DeepSeek-V4-Pro,CQ,False
289,Anonymized_DeepSeek-V4-Pro,PQ,False
289,Anonymized_NER,PQ,True
289,Anonymized_Llama-4-Maverick-17B-128E-Instruct-FP8,PQ,False
289,Anonymized_gpt-3.5-turbo,CQ,True
289,Anonymized_DeepSeek-V4-Pro,CQ,False
289,Anonymized_DeepSeek-V4-Pro,CQ,False
289,Anonymized_Llama-4-Maverick-17B-128E-Instruct-FP8,CQ,True
289,Anonymized_Llama-4-Maverick-17B-128E-Instruct-FP8,CQ,False
289,Anonymized_Llama-4-Maverick-17B-128E-Instruct-FP8,CQ,True
289,Anonymized_Llama-4-Maverick-17B-128E-Instruct-FP8,PQ,False
289,Anonymized_Llama-4-Maverick-17B-128E-Instruct-FP8,CQ,True
289,Anonymized_DeepSeek-V4-Pro,PQ,False
289,Anonymized_gpt-3.5-turbo,PQ,False
289,Anonymized_Llama-4-Maverick-17B-128E-Instruct-FP8,CQ,True
289,Anonymized_Llama-4-Maverick-17B-128E-Instruct-FP8,PQ,False
289,Anonymized_Llama-4-Maverick_fewshot,CQ,True
289,Anonymized_Llama-4-Maverick-17B-128E-Instruct-FP8,PQ,False
289,Anonymized_Llama-4-Maverick_fewshot,PQ,False
289,Anonymized_Llama-4-Maverick_fewshot,CQ,False
289,Anonymized_gpt-4o,CQ,False
289,Anonymized_Llama-4-Maverick-17B-128E-Instruct-FP8,CQ,True
289,Anonymized_Llama-4-Maverick_fewshot,PQ,False
289,Anonymized_Llama-4-Maverick-17B-128E-Instruct-FP8,PQ,False
289,Anonymized_Llama-4-Maverick_fewshot,CQ,False
289,Anonymized_gpt-4o,PQ,True
289,Anonymized_Llama-4-Maverick-17B-128E-Instruct-FP8,CQ,False
289,Anonymized_Llama-4-Maverick_fewshot,CQ,False
289,Anonymized_Llama-4-Maverick-17B-128E-Instruct-FP8,PQ,False
289,Anonymized_DeepSeek-V4-Pro,PQ,False
289,Anonymized_Llama-4-Maverick_fewshot,PQ,True
289,Anonymized_Llama-4-Maverick-17B-128E-Instruct-FP8,PQ,False
289,Anonymized_Llama-4-Maverick_synthetic,CQ,False
289,Anonymized_DeepSeek-V4-Pro,PQ,False
289,Anonymized_Llama-4-Maverick_fewshot,PQ,False
289,Anonymized_Llama-4-Maverick_synthetic,CQ,True
289,Anonymized_Llama-4-Maverick_fewshot,CQ,False
289,Anonymized_Llama-4-Maverick_fewshot,PQ,False
289,Anonymized_Llama-4-Maverick_fewshot,PQ,False
289,Anonymized_Llama-4-Maverick-17B-128E-Instruct-FP8,PQ,False
289,Anonymized_Llama-4-Maverick_synthetic,PQ,False
289,Anonymized_NER,CQ,False
289,Anonymized_Llama-4-Maverick_synthetic,PQ,False
289,Anonymized_Llama-4-Maverick_fewshot,CQ,True
289,Anonymized_Llama-4-Maverick_fewshot,CQ,True
289,Anonymized_Llama-4-Maverick_synthetic,CQ,True
289,Anonymized_Llama-4-Maverick_synthetic,PQ,False
289,Anonymized_Llama-4-Maverick_synthetic,CQ,False
289,Anonymized_Llama-4-Maverick_synthetic,PQ,False
289,Anonymized_Llama-4-Maverick_synthetic,CQ,False
289,Anonymized_DeepSeek-V4-Pro,CQ,True
289,Anonymized_Llama-4-Maverick_fewshot,CQ,False
289,Anonymized_Llama-4-Maverick_synthetic,CQ,False
289,Anonymized_Llama-4-Maverick_synthetic,PQ,True
289,Anonymized_Llama-4-Maverick_synthetic,PQ,False
289,Anonymized_Llama-4-Maverick_synthetic,PQ,False
289,Anonymized_NER,PQ,False
289,Anonymized_Llama-4-Maverick_synthetic,CQ,True
289,Anonymized_Llama-4-Maverick_synthetic,CQ,True
289,Anonymized_Llama-4-Maverick_synthetic,CQ,False
289,Anonymized_Llama-4-Maverick_fewshot,PQ,False
289,Anonymized_Llama-4-Maverick_synthetic,PQ,False
301,Anonymized_gpt-3.5-turbo,PQ,False
301,Anonymized_gpt-3.5-turbo,CQ,True
289,Anonymized_NER,CQ,False
289,Anonymized_Llama-4-Maverick_fewshot,PQ,False
289,Anonymized_Llama-4-Maverick-17B-128E-Instruct-FP8,CQ,True
289,Anonymized_Llama-4-Maverick-17B-128E-Instruct-FP8,CQ,True
301,Anonymized_gpt-3.5-turbo,PQ,True
301,Anonymized_gpt-3.5-turbo,CQ,False
289,Anonymized_Llama-4-Maverick_synthetic,CQ,True
301,Anonymized_gpt-3.5-turbo,CQ,False
301,Anonymized_gpt-3.5-turbo,CQ,False
289,Anonymized_Llama-4-Maverick_fewshot,PQ,False
289,Anonymized_Llama-4-Maverick_fewshot,PQ,False
289,Anonymized_DeepSeek-V4-Pro,CQ,True
301,Anonymized_gpt-3.5-turbo,CQ,False
301,Anonymized_gpt-3.5-turbo,CQ,False
301,Anonymized_gpt-4o,PQ,True
289,Anonymized_Llama-4-Maverick_synthetic,PQ,False
301,Anonymized_gpt-3.5-turbo,CQ,False
301,Anonymized_gpt-4o,PQ,False
301,Anonymized_gpt-3.5-turbo,CQ,False
289,Anonymized_Llama-4-Maverick_synthetic,PQ,False
301,Anonymized_gpt-4o,CQ,False
301,Anonymized_gpt-4o,CQ,False
301,Anonymized_gpt-3.5-turbo,PQ,False
301,Anonymized_gpt-3.5-turbo,CQ,False
301,Anonymized_gpt-3.5-turbo,PQ,False
301,Anonymized_gpt-4o,PQ,False
301,Anonymized_NER,PQ,False
301,Anonymized_gpt-4o,CQ,False
301,Anonymized_gpt-3.5-turbo,PQ,False
301,Anonymized_NER,PQ,False
301,Anonymized_gpt-4o,CQ,False
301,Anonymized_NER,CQ,False
289,Anonymized_Llama-4-Maverick_fewshot,CQ,False
301,Anonymized_gpt-3.5-turbo,PQ,False
301,Anonymized_gpt-3.5-turbo,CQ,False
289,Anonymized_DeepSeek-V4-Pro,PQ,False
301,Anonymized_NER,PQ,False
301,Anonymized_gpt-4o,PQ,False
301,Anonymized_gpt-4o,CQ,False
301,Anonymized_NER,PQ,True
301,Anonymized_NER,CQ,False
301,Anonymized_gpt-4o,PQ,False
301,Anonymized_gpt-4o,CQ,False
301,Anonymized_gpt-4o,CQ,False
289,Anonymized_Llama-4-Maverick_fewshot,CQ,True
301,Anonymized_gpt-3.5-turbo,PQ,False
301,Anonymized_Llama-4-Maverick-17B-128E-Instruct-FP8,PQ,False
301,Anonymized_NER,CQ,False
301,Anonymized_gpt-4o,PQ,False
301,Anonymized_gpt-4o,PQ,False
301,Anonymized_NER,PQ,True
301,Anonymized_NER,CQ,False
301,Anonymized_gpt-3.5-turbo,PQ,False
301,Anonymized_gpt-4o,CQ,True
301,Anonymized_gpt-4o,PQ,False
301,Anonymized_Llama-4-Maverick-17B-128E-Instruct-FP8,CQ,True
301,Anonymized_Llama-4-Maverick-17B-128E-Instruct-FP8,CQ,False
301,Anonymized_Llama-4-Maverick-17B-128E-Instruct-FP8,PQ,False
301,Anonymized_Llama-4-Maverick-17B-128E-Instruct-FP8,PQ,False
301,Anonymized_NER,CQ,False
301,Anonymized_gpt-3.5-turbo,PQ,False
301,Anonymized_NER,PQ,False
301,Anonymized_gpt-4o,CQ,False
301,Anonymized_Llama-4-Maverick-17B-128E-Instruct-FP8,PQ,False
301,Anonymized_Llama-4-Maverick-17B-128E-Instruct-FP8,CQ,False
301,Anonymized_NER,PQ,False
301,Anonymized_NER,PQ,False
301,Anonymized_NER,PQ,False
301,Anonymized_Llama-4-Maverick-17B-128E-Instruct-FP8,PQ,False
301,Anonymized_NER,CQ,False
301,Anonymized_Llama-4-Maverick-17B-128E-Instruct-FP8,CQ,False
301,Anonymized_NER,CQ,False
301,Anonymized_gpt-4o,PQ,False
301,Anonymized_Llama-4-Maverick-17B-128E-Instruct-FP8,CQ,False
301,Anonymized_Llama-4-Maverick_fewshot,PQ,False
301,Anonymized_NER,PQ,False
301,Anonymized_Llama-4-Maverick_fewshot,CQ,False
301,Anonymized_gpt-4o,CQ,False
301,Anonymized_NER,CQ,False
301,Anonymized_Llama-4-Maverick_fewshot,PQ,False
301,Anonymized_Llama-4-Maverick_fewshot,PQ,False
301,Anonymized_Llama-4-Maverick_fewshot,CQ,False
301,Anonymized_Llama-4-Maverick_fewshot,PQ,False
301,Anonymized_Llama-4-Maverick_fewshot,CQ,False
301,Anonymized_Llama-4-Maverick_fewshot,PQ,False
301,Anonymized_gpt-3.5-turbo,PQ,False
301,Anonymized_Llama-4-Maverick_fewshot,CQ,False
301,Anonymized_Llama-4-Maverick-17B-128E-Instruct-FP8,PQ,False
301,Anonymized_Llama-4-Maverick_synthetic,PQ,False
301,Anonymized_Llama-4-Maverick-17B-128E-Instruct-FP8,CQ,False
301,Anonymized_Llama-4-Maverick_fewshot,PQ,False
301,Anonymized_Llama-4-Maverick-17B-128E-Instruct-FP8,PQ,True
301,Anonymized_Llama-4-Maverick_fewshot,CQ,False
301,Anonymized_Llama-4-Maverick-17B-128E-Instruct-FP8,CQ,False
301,Anonymized_Llama-4-Maverick_fewshot,PQ,False
301,Anonymized_Llama-4-Maverick_fewshot,PQ,True
301,Anonymized_Llama-4-Maverick_synthetic,PQ,False
301,Anonymized_Llama-4-Maverick-17B-128E-Instruct-FP8,PQ,False
301,Anonymized_Llama-4-Maverick_synthetic,CQ,False
301,Anonymized_Llama-4-Maverick_synthetic,CQ,False
301,Anonymized_Llama-4-Maverick_fewshot,CQ,False
301,Anonymized_Llama-4-Maverick_fewshot,CQ,False
301,Anonymized_NER,CQ,True
301,Anonymized_Llama-4-Maverick-17B-128E-Instruct-FP8,PQ,False
301,Anonymized_Llama-4-Maverick_synthetic,CQ,False
302,Anonymized_gpt-3.5-turbo,CQ,True
301,Anonymized_Llama-4-Maverick_synthetic,PQ,False
301,Anonymized_Llama-4-Maverick_synthetic,PQ,True
301,Anonymized_Llama-4-Maverick-17B-128E-Instruct-FP8,CQ,False
301,Anonymized_Llama-4-Maverick_fewshot,PQ,False
301,Anonymized_Llama-4-Maverick-17B-128E-Instruct-FP8,CQ,False
302,Anonymized_gpt-3.5-turbo,CQ,False
301,Anonymized_Llama-4-Maverick-17B-128E-Instruct-FP8,PQ,False
301,Anonymized_Llama-4-Maverick_fewshot,CQ,False
302,Anonymized_gpt-3.5-turbo,PQ,False
302,Anonymized_gpt-3.5-turbo,PQ,False
301,Anonymized_Llama-4-Maverick_fewshot,CQ,True
302,Anonymized_gpt-3.5-turbo,CQ,False
301,Anonymized_Llama-4-Maverick_fewshot,PQ,False
301,Anonymized_Llama-4-Maverick_synthetic,CQ,True
301,Anonymized_Llama-4-Maverick-17B-128E-Instruct-FP8,CQ,False
301,Anonymized_Llama-4-Maverick_synthetic,PQ,False
302,Anonymized_gpt-3.5-turbo,CQ,False
301,Anonymized_Llama-4-Maverick_synthetic,PQ,False
302,Anonymized_gpt-3.5-turbo,PQ,True
301,Anonymized_Llama-4-Maverick_synthetic,PQ,False
301,Anonymized_Llama-4-Maverick_synthetic,CQ,False
302,Anonymized_gpt-3.5-turbo,CQ,True
301,Anonymized_Llama-4-Maverick_synthetic,CQ,False
302,Anonymized_gpt-4o,PQ,False
302,Anonymized_gpt-3.5-turbo,CQ,False
301,Anonymized_Llama-4-Maverick_synthetic,PQ,False
302,Anonymized_gpt-4o,PQ,False
302,Anonymized_gpt-4o,PQ,False
302,Anonymized_gpt-3.5-turbo,PQ,False
302,Anonymized_gpt-3.5-turbo,PQ,False
302,Anonymized_gpt-3.5-turbo,CQ,False
302,Anonymized_gpt-4o,PQ,False
302,Anonymized_gpt-4o,PQ,False
302,Anonymized_gpt-4o,PQ,False
302,Anonymized_gpt-3.5-turbo,CQ,False
302,Anonymized_gpt-4o,CQ,False
302,Anonymized_gpt-3.5-turbo,CQ,True
302,Anonymized_gpt-4o,CQ,True
301,Anonymized_Llama-4-Maverick_synthetic,CQ,False
302,Anonymized_gpt-3.5-turbo,PQ,False
302,Anonymized_gpt-3.5-turbo,PQ,True
302,Anonymized_gpt-4o,CQ,True
301,Anonymized_Llama-4-Maverick_synthetic,PQ,False
302,Anonymized_NER,PQ,False
302,Anonymized_NER,CQ,False
301,Anonymized_gpt-4o,PQ,False
301,Anonymized_Llama-4-Maverick_synthetic,PQ,False
302,Anonymized_gpt-4o,PQ,True
302,Anonymized_gpt-3.5-turbo,PQ,False
301,Anonymized_NER,CQ,False
302,Anonymized_gpt-4o,PQ,False
302,Anonymized_NER,CQ,False
301,Anonymized_Llama-4-Maverick_fewshot,CQ,True
302,Anonymized_NER,CQ,True
302,Anonymized_NER,PQ,False
302,Anonymized_NER,PQ,False
302,Anonymized_NER,PQ,False
302,Anonymized_gpt-4o,CQ,False
302,Anonymized_gpt-4o,CQ,False
302,Anonymized_NER,CQ,False
302,Anonymized_gpt-4o,PQ,True
302,Anonymized_DeepSeek-V4-Pro,PQ,False
302,Anonymized_gpt-3.5-turbo,PQ,False
302,Anonymized_gpt-4o,CQ,False
301,Anonymized_Llama-4-Maverick_synthetic,CQ,False
302,Anonymized_DeepSeek-V4-Pro,CQ,False
302,Anonymized_NER,CQ,False
302,Anonymized_DeepSeek-V4-Pro,PQ,False
302,Anonymized_gpt-4o,CQ,False
302,Anonymized_DeepSeek-V4-Pro,PQ,False
302,Anonymized_DeepSeek-V4-Pro,CQ,True
302,Anonymized_DeepSeek-V4-Pro,CQ,False
302,Anonymized_NER,PQ,True
302,Anonymized_DeepSeek-V4-Pro,PQ,False
302,Anonymized_gpt-3.5-turbo,CQ,False
302,Anonymized_NER,PQ,True
302,Anonymized_DeepSeek-V4-Pro,PQ,True
302,Anonymized_DeepSeek-V4-Pro,CQ,True
302,Anonymized_gpt-3.5-turbo,PQ,False
302,Anonymized_gpt-4o,CQ,False
302,Anonymized_DeepSeek-V4-Pro,PQ,False
302,Anonymized_Llama-4-Maverick-17B-128E-Instruct-FP8,PQ,False
302,Anonymized_NER,CQ,False
302,Anonymized_DeepSeek-V4-Pro,PQ,True
302,Anonymized_DeepSeek-V4-Pro,CQ,False
302,Anonymized_Llama-4-Maverick-17B-128E-Instruct-FP8,CQ,False
302,Anonymized_Llama-4-Maverick-17B-128E-Instruct-FP8,CQ,False
302,Anonymized_Llama-4-Maverick-17B-128E-Instruct-FP8,CQ,True
302,Anonymized_DeepSeek-V4-Pro,CQ,False
302,Anonymized_DeepSeek-V4-Pro,CQ,False
302,Anonymized_NER,CQ,False
302,Anonymized_Llama-4-Maverick-17B-128E-Instruct-FP8,PQ,False
302,Anonymized_NER,PQ,False
302,Anonymized_DeepSeek-V4-Pro,PQ,True
302,Anonymized_NER,PQ,False
301,Anonymized_Llama-4-Maverick_synthetic,CQ,False
302,Anonymized_NER,CQ,True
302,Anonymized_gpt-4o,CQ,False
302,Anonymized_DeepSeek-V4-Pro,CQ,False
302,Anonymized_DeepSeek-V4-Pro,PQ,False
302,Anonymized_NER,CQ,True
302,Anonymized_Llama-4-Maverick-17B-128E-Instruct-FP8,CQ,True
302,Anonymized_Llama-4-Maverick-17B-128E-Instruct-FP8,PQ,False
302,Anonymized_Llama-4-Maverick_fewshot,CQ,True
302,Anonymized_Llama-4-Maverick-17B-128E-Instruct-FP8,CQ,False
302,Anonymized_NER,PQ,False
302,Anonymized_DeepSeek-V4-Pro,CQ,True
302,Anonymized_Llama-4-Maverick_fewshot,PQ,False
302,Anonymized_Llama-4-Maverick_fewshot,PQ,False
302,Anonymized_DeepSeek-V4-Pro,CQ,True
302,Anonymized_Llama-4-Maverick-17B-128E-Instruct-FP8,CQ,True
302,Anonymized_gpt-4o,CQ,True
302,Anonymized_Llama-4-Maverick-17B-128E-Instruct-FP8,CQ,False
302,Anonymized_Llama-4-Maverick-17B-128E-Instruct-FP8,CQ,False
302,Anonymized_Llama-4-Maverick-17B-128E-Instruct-FP8,PQ,False
302,Anonymized_Llama-4-Maverick_fewshot,CQ,True
302,Anonymized_Llama-4-Maverick_fewshot,PQ,False
302,Anonymized_DeepSeek-V4-Pro,PQ,False
302,Anonymized_Llama-4-Maverick_synthetic,PQ,False
302,Anonymized_Llama-4-Maverick_fewshot,CQ,False
302,Anonymized_Llama-4-Maverick_fewshot,PQ,False
302,Anonymized_Llama-4-Maverick_fewshot,PQ,False
302,Anonymized_Llama-4-Maverick_fewshot,CQ,True
302,Anonymized_Llama-4-Maverick_fewshot,PQ,False
302,Anonymized_Llama-4-Maverick_fewshot,PQ,False
302,Anonymized_Llama-4-Maverick_fewshot,CQ,False
302,Anonymized_Llama-4-Maverick-17B-128E-Instruct-FP8,PQ,False
301,Anonymized_Llama-4-Maverick_synthetic,CQ,False
302,Anonymized_Llama-4-Maverick_synthetic,CQ,False
302,Anonymized_NER,CQ,True
302,Anonymized_Llama-4-Maverick_synthetic,CQ,False
302,Anonymized_Llama-4-Maverick-17B-128E-Instruct-FP8,PQ,True
302,Anonymized_Llama-4-Maverick-17B-128E-Instruct-FP8,PQ,True
302,Anonymized_Llama-4-Maverick_fewshot,PQ,False
302,Anonymized_Llama-4-Maverick_synthetic,PQ,False
302,Anonymized_Llama-4-Maverick_synthetic,PQ,True
302,Anonymized_Llama-4-Maverick_synthetic,CQ,True
302,Anonymized_Llama-4-Maverick_fewshot,CQ,False
302,Anonymized_Llama-4-Maverick_synthetic,CQ,False
302,Anonymized_Llama-4-Maverick_synthetic,PQ,True
302,Anonymized_Llama-4-Maverick_synthetic,PQ,False
302,Anonymized_Llama-4-Maverick_fewshot,CQ,False
302,Anonymized_Llama-4-Maverick_synthetic,PQ,True
302,Anonymized_Llama-4-Maverick_synthetic,CQ,True
302,Anonymized_Llama-4-Maverick_fewshot,CQ,False
302,Anonymized_Llama-4-Maverick_fewshot,PQ,False
302,Anonymized_Llama-4-Maverick-17B-128E-Instruct-FP8,PQ,False
302,Anonymized_NER,PQ,False
302,Anonymized_Llama-4-Maverick_synthetic,CQ,True
302,Anonymized_Llama-4-Maverick-17B-128E-Instruct-FP8,PQ,False
302,Anonymized_Llama-4-Maverick_synthetic,CQ,False
302,Anonymized_Llama-4-Maverick_fewshot,CQ,True
315,Anonymized_gpt-3.5-turbo,PQ,False
315,Anonymized_gpt-3.5-turbo,CQ,False
315,Anonymized_gpt-3.5-turbo,CQ,False
315,Anonymized_gpt-3.5-turbo,PQ,False
302,Anonymized_Llama-4-Maverick-17B-128E-Instruct-FP8,PQ,True
302,Anonymized_Llama-4-Maverick_synthetic,PQ,False
315,Anonymized_gpt-3.5-turbo,CQ,False
302,Anonymized_Llama-4-Maverick_synthetic,CQ,False
315,Anonymized_gpt-3.5-turbo,CQ,False
302,Anonymized_Llama-4-Maverick-17B-128E-Instruct-FP8,CQ,True
315,Anonymized_gpt-3.5-turbo,CQ,False
315,Anonymized_gpt-3.5-turbo,PQ,False
302,Anonymized_Llama-4-Maverick_synthetic,PQ,False
302,Anonymized_Llama-4-Maverick-17B-128E-Instruct-FP8,CQ,False
315,Anonymized_gpt-4o,PQ,False
302,Anonymized_Llama-4-Maverick_synthetic,PQ,False
315,Anonymized_gpt-3.5-turbo,CQ,False
315,Anonymized_gpt-3.5-turbo,CQ,True
315,Anonymized_gpt-3.5-turbo,PQ,False
315,Anonymized_gpt-4o,CQ,False
302,Anonymized_gpt-4o,PQ,False
315,Anonymized_gpt-3.5-turbo,CQ,False
315,Anonymized_gpt-3.5-turbo,PQ,True
315,Anonymized_gpt-4o,CQ,False
315,Anonymized_gpt-3.5-turbo,PQ,False
315,Anonymized_gpt-4o,CQ,False
315,Anonymized_gpt-3.5-turbo,PQ,False
315,Anonymized_gpt-4o,PQ,False
302,Anonymized_Llama-4-Maverick_synthetic,PQ,False
315,Anonymized_gpt-4o,PQ,False
315,Anonymized_gpt-4o,CQ,True
315,Anonymized_NER,PQ,False
302,Anonymized_Llama-4-Maverick_synthetic,CQ,False
302,Anonymized_Llama-4-Maverick_synthetic,CQ,False
315,Anonymized_gpt-4o,PQ,False
315,Anonymized_NER,PQ,False
302,Anonymized_Llama-4-Maverick_fewshot,CQ,True
315,Anonymized_NER,CQ,True
315,Anonymized_NER,PQ,False
315,Anonymized_gpt-3.5-turbo,CQ,False
315,Anonymized_gpt-4o,PQ,False
315,Anonymized_gpt-4o,CQ,False
315,Anonymized_gpt-3.5-turbo,PQ,False
315,Anonymized_NER,PQ,False
315,Anonymized_gpt-4o,CQ,False
315,Anonymized_NER,PQ,False
315,Anonymized_gpt-3.5-turbo,PQ,False
315,Anonymized_NER,PQ,False
315,Anonymized_gpt-4o,PQ,False
315,Anonymized_gpt-4o,CQ,False
315,Anonymized_NER,CQ,False
315,Anonymized_gpt-4o,PQ,False
315,Anonymized_NER,PQ,False
315,Anonymized_DeepSeek-V4-Pro,PQ,False
315,Anonymized_DeepSeek-V4-Pro,CQ,True
315,Anonymized_DeepSeek-V4-Pro,PQ,False
315,Anonymized_DeepSeek-V4-Pro,PQ,False
315,Anonymized_gpt-4o,CQ,True
315,Anonymized_DeepSeek-V4-Pro,PQ,False
315,Anonymized_DeepSeek-V4-Pro,PQ,False
302,Anonymized_Llama-4-Maverick_fewshot,PQ,True
315,Anonymized_NER,PQ,False
315,Anonymized_NER,CQ,False
315,Anonymized_NER,CQ,False
315,Anonymized_NER,CQ,False
315,Anonymized_gpt-4o,CQ,False
315,Anonymized_gpt-3.5-turbo,CQ,True
315,Anonymized_DeepSeek-V4-Pro,PQ,True
315,Anonymized_DeepSeek-V4-Pro,CQ,False
315,Anonymized_Llama-4-Maverick-17B-128E-Instruct-FP8,CQ,False
315,Anonymized_DeepSeek-V4-Pro,CQ,False
315,Anonymized_gpt-4o,CQ,False
315,Anonymized_DeepSeek-V4-Pro,CQ,False
315,Anonymized_DeepSeek-V4-Pro,PQ,False
315,Anonymized_DeepSeek-V4-Pro,CQ,True
315,Anonymized_gpt-4o,PQ,False
315,Anonymized_NER,CQ,False
315,Anonymized_DeepSeek-V4-Pro,PQ,False
315,Anonymized_gpt-3.5-turbo,PQ,False
315,Anonymized_NER,PQ,False
315,Anonymized_DeepSeek-V4-Pro,PQ,False
315,Anonymized_DeepSeek-V4-Pro,CQ,False
315,Anonymized_Llama-4-Maverick-17B-128E-Instruct-FP8,CQ,True
315,Anonymized_DeepSeek-V4-Pro,CQ,False
315,Anonymized_Llama-4-Maverick-17B-128E-Instruct-FP8,CQ,False
315,Anonymized_gpt-4o,PQ,False
315,Anonymized_Llama-4-Maverick-17B-128E-Instruct-FP8,PQ,True
315,Anonymized_Llama-4-Maverick-17B-128E-Instruct-FP8,PQ,False
315,Anonymized_Llama-4-Maverick-17B-128E-Instruct-FP8,CQ,True
315,Anonymized_DeepSeek-V4-Pro,CQ,False
315,Anonymized_NER,CQ,False
315,Anonymized_Llama-4-Maverick-17B-128E-Instruct-FP8,PQ,False
315,Anonymized_Llama-4-Maverick-17B-128E-Instruct-FP8,CQ,False
315,Anonymized_Llama-4-Maverick-17B-128E-Instruct-FP8,PQ,False
315,Anonymized_NER,CQ,False
315,Anonymized_Llama-4-Maverick-17B-128E-Instruct-FP8,CQ,False
315,Anonymized_Llama-4-Maverick_fewshot,CQ,True
315,Anonymized_Llama-4-Maverick_fewshot,PQ,False
315,Anonymized_Llama-4-Maverick-17B-128E-Instruct-FP8,CQ,False
315,Anonymized_NER,PQ,True
315,Anonymized_Llama-4-Maverick_fewshot,CQ,False
315,Anonymized_Llama-4-Maverick-17B-128E-Instruct-FP8,PQ,False
315,Anonymized_Llama-4-Maverick_fewshot,PQ,False
315,Anonymized_Llama-4-Maverick_fewshot,PQ,False
315,Anonymized_gpt-4o,PQ,False
315,Anonymized_NER,CQ,False
315,Anonymized_DeepSeek-V4-Pro,PQ,False
315,Anonymized_NER,CQ,False
315,Anonymized_Llama-4-Maverick_fewshot,PQ,False
315,Anonymized_Llama-4-Maverick-17B-128E-Instruct-FP8,PQ,False
315,Anonymized_Llama-4-Maverick-17B-128E-Instruct-FP8,PQ,False
315,Anonymized_Llama-4-Maverick_synthetic,CQ,False
315,Anonymized_Llama-4-Maverick_fewshot,CQ,True
315,Anonymized_Llama-4-Maverick_synthetic,CQ,False
315,Anonymized_Llama-4-Maverick_fewshot,CQ,True
315,Anonymized_Llama-4-Maverick-17B-128E-Instruct-FP8,PQ,False
315,Anonymized_Llama-4-Maverick_fewshot,PQ,False
315,Anonymized_Llama-4-Maverick_synthetic,PQ,False
315,Anonymized_Llama-4-Maverick_fewshot,PQ,False
315,Anonymized_Llama-4-Maverick_synthetic,PQ,True
315,Anonymized_Llama-4-Maverick_fewshot,CQ,True
315,Anonymized_Llama-4-Maverick_synthetic,PQ,False
315,Anonymized_Llama-4-Maverick_fewshot,CQ,False
315,Anonymized_Llama-4-Maverick_synthetic,PQ,False
315,Anonymized_Llama-4-Maverick_synthetic,PQ,True
315,Anonymized_Llama-4-Maverick_synthetic,CQ,True
315,Anonymized_Llama-4-Maverick-17B-128E-Instruct-FP8,CQ,False
315,Anonymized_Llama-4-Maverick_synthetic,CQ,False
315,Anonymized_Llama-4-Maverick_synthetic,PQ,True
315,Anonymized_Llama-4-Maverick-17B-128E-Instruct-FP8,CQ,False
315,Anonymized_Llama-4-Maverick_fewshot,PQ,False
315,Anonymized_Llama-4-Maverick-17B-128E-Instruct-FP8,PQ,False
315,Anonymized_Llama-4-Maverick_fewshot,PQ,False
315,Anonymized_Llama-4-Maverick_synthetic,PQ,False
315,Anonymized_Llama-4-Maverick_synthetic,PQ,False
315,Anonymized_DeepSeek-V4-Pro,CQ,False
315,Anonymized_Llama-4-Maverick-17B-128E-Instruct-FP8,CQ,False
315,Anonymized_Llama-4-Maverick_fewshot,CQ,False
315,Anonymized_Llama-4-Maverick_synthetic,PQ,False
315,Anonymized_Llama-4-Maverick-17B-128E-Instruct-FP8,PQ,False
315,Anonymized_Llama-4-Maverick_synthetic,CQ,False
315,Anonymized_Llama-4-Maverick_synthetic,PQ,False
315,Anonymized_Llama-4-Maverick_fewshot,CQ,False
315,Anonymized_Llama-4-Maverick_synthetic,CQ,False
319,Anonymized_gpt-3.5-turbo,CQ,False
315,Anonymized_Llama-4-Maverick_fewshot,PQ,False
315,Anonymized_Llama-4-Maverick_synthetic,CQ,False
315,Anonymized_Llama-4-Maverick_fewshot,CQ,False
319,Anonymized_gpt-3.5-turbo,PQ,True
315,Anonymized_Llama-4-Maverick_synthetic,CQ,False
319,Anonymized_gpt-3.5-turbo,PQ,False
315,Anonymized_Llama-4-Maverick_synthetic,CQ,False
319,Anonymized_gpt-3.5-turbo,CQ,False
319,Anonymized_gpt-4o,PQ,False
315,Anonymized_DeepSeek-V4-Pro,CQ,False
315,Anonymized_Llama-4-Maverick_fewshot,CQ,False
319,Anonymized_gpt-3.5-turbo,CQ,False
319,Anonymized_gpt-3.5-turbo,CQ,False
319,Anonymized_gpt-4o,PQ,True
319,Anonymized_gpt-3.5-turbo,CQ,False
319,Anonymized_gpt-4o,CQ,False
319,Anonymized_gpt-4o,CQ,False
319,Anonymized_gpt-3.5-turbo,CQ,False
319,Anonymized_gpt-3.5-turbo,CQ,False
319,Anonymized_gpt-4o,CQ,False
319,Anonymized_gpt-3.5-turbo,PQ,False
319,Anonymized_gpt-3.5-turbo,PQ,True
319,Anonymized_gpt-3.5-turbo,CQ,False
319,Anonymized_gpt-4o,CQ,False
319,Anonymized_gpt-3.5-turbo,CQ,False
319,Anonymized_NER,PQ,True
319,Anonymized_gpt-4o,PQ,False
319,Anonymized_gpt-4o,CQ,False
319,Anonymized_gpt-4o,CQ,False
315,Anonymized_Llama-4-Maverick_synthetic,CQ,False
319,Anonymized_gpt-3.5-turbo,PQ,False
319,Anonymized_gpt-4o,PQ,False
319,Anonymized_NER,CQ,False
319,Anonymized_gpt-4o,PQ,False
319,Anonymized_NER,PQ,False
319,Anonymized_NER,PQ,False
319,Anonymized_gpt-4o,PQ,True
319,Anonymized_gpt-3.5-turbo,PQ,True
319,Anonymized_gpt-4o,CQ,False
319,Anonymized_gpt-4o,PQ,True
319,Anonymized_NER,PQ,False
319,Anonymized_NER,PQ,False
319,Anonymized_NER,CQ,False
319,Anonymized_NER,CQ,False
319,Anonymized_gpt-4o,CQ,False
319,Anonymized_NER,PQ,False
319,Anonymized_NER,CQ,False
319,Anonymized_DeepSeek-V4-Pro,PQ,True
319,Anonymized_DeepSeek-V4-Pro,CQ,True
315,Anonymized_Llama-4-Maverick_fewshot,PQ,False
319,Anonymized_gpt-4o,CQ,False
319,Anonymized_NER,CQ,False
319,Anonymized_NER,PQ,False
319,Anonymized_DeepSeek-V4-Pro,CQ,False
319,Anonymized_gpt-4o,PQ,True
319,Anonymized_gpt-3.5-turbo,PQ,True
319,Anonymized_gpt-4o,PQ,False
319,Anonymized_DeepSeek-V4-Pro,CQ,False
319,Anonymized_NER,CQ,False
319,Anonymized_DeepSeek-V4-Pro,PQ,False
319,Anonymized_DeepSeek-V4-Pro,PQ,True
319,Anonymized_DeepSeek-V4-Pro,PQ,False
319,Anonymized_DeepSeek-V4-Pro,PQ,False
319,Anonymized_DeepSeek-V4-Pro,CQ,False
319,Anonymized_Llama-4-Maverick-17B-128E-Instruct-FP8,CQ,False
319,Anonymized_Llama-4-Maverick-17B-128E-Instruct-FP8,CQ,False
319,Anonymized_NER,CQ,False
319,Anonymized_Llama-4-Maverick-17B-128E-Instruct-FP8,CQ,False
319,Anonymized_gpt-3.5-turbo,PQ,False
319,Anonymized_Llama-4-Maverick-17B-128E-Instruct-FP8,CQ,False
319,Anonymized_Llama-4-Maverick-17B-128E-Instruct-FP8,PQ,False
319,Anonymized_NER,PQ,False
319,Anonymized_DeepSeek-V4-Pro,PQ,False
319,Anonymized_DeepSeek-V4-Pro,PQ,False
319,Anonymized_DeepSeek-V4-Pro,PQ,True
319,Anonymized_Llama-4-Maverick-17B-128E-Instruct-FP8,PQ,False
319,Anonymized_Llama-4-Maverick-17B-128E-Instruct-FP8,CQ,False
319,Anonymized_gpt-3.5-turbo,PQ,False
319,Anonymized_gpt-3.5-turbo,CQ,False
319,Anonymized_NER,PQ,True
319,Anonymized_Llama-4-Maverick-17B-128E-Instruct-FP8,CQ,False
319,Anonymized_Llama-4-Maverick-17B-128E-Instruct-FP8,PQ,False
319,Anonymized_Llama-4-Maverick-17B-128E-Instruct-FP8,PQ,False
319,Anonymized_DeepSeek-V4-Pro,PQ,False
319,Anonymized_gpt-3.5-turbo,PQ,True
319,Anonymized_Llama-4-Maverick-17B-128E-Instruct-FP8,PQ,False
319,Anonymized_DeepSeek-V4-Pro,CQ,False
319,Anonymized_DeepSeek-V4-Pro,CQ,False
319,Anonymized_NER,CQ,False
319,Anonymized_Llama-4-Maverick-17B-128E-Instruct-FP8,CQ,False
319,Anonymized_Llama-4-Maverick_fewshot,PQ,True
319,Anonymized_Llama-4-Maverick_fewshot,PQ,False
319,Anonymized_Llama-4-Maverick-17B-128E-Instruct-FP8,PQ,True
319,Anonymized_DeepSeek-V4-Pro,CQ,False
319,Anonymized_DeepSeek-V4-Pro,CQ,False
319,Anonymized_gpt-4o,CQ,False
319,Anonymized_Llama-4-Maverick-17B-128E-Instruct-FP8,CQ,False
319,Anonymized_Llama-4-Maverick-17B-128E-Instruct-FP8,PQ,False
319,Anonymized_Llama-4-Maverick-17B-128E-Instruct-FP8,PQ,True
319,Anonymized_Llama-4-Maverick_fewshot,PQ,False
319,Anonymized_Llama-4-Maverick_fewshot,PQ,False
319,Anonymized_Llama-4-Maverick_fewshot,PQ,False
319,Anonymized_Llama-4-Maverick_fewshot,PQ,False
319,Anonymized_Llama-4-Maverick_fewshot,CQ,False
319,Anonymized_NER,CQ,False
319,Anonymized_Llama-4-Maverick_synthetic,PQ,False
319,Anonymized_Llama-4-Maverick_fewshot,CQ,False
319,Anonymized_Llama-4-Maverick_synthetic,CQ,False
319,Anonymized_Llama-4-Maverick_fewshot,PQ,False
319,Anonymized_Llama-4-Maverick_fewshot,PQ,False
319,Anonymized_Llama-4-Maverick_synthetic,CQ,False
319,Anonymized_Llama-4-Maverick_fewshot,CQ,False
319,Anonymized_Llama-4-Maverick_fewshot,CQ,False
319,Anonymized_Llama-4-Maverick_synthetic,CQ,False
319,Anonymized_Llama-4-Maverick_fewshot,PQ,False
319,Anonymized_DeepSeek-V4-Pro,CQ,False
319,Anonymized_Llama-4-Maverick_synthetic,CQ,False
319,Anonymized_Llama-4-Maverick_synthetic,PQ,False
319,Anonymized_Llama-4-Maverick_fewshot,CQ,False
319,Anonymized_Llama-4-Maverick_fewshot,CQ,False
319,Anonymized_Llama-4-Maverick_fewshot,PQ,False
319,Anonymized_Llama-4-Maverick-17B-128E-Instruct-FP8,CQ,False
319,Anonymized_Llama-4-Maverick-17B-128E-Instruct-FP8,CQ,False
319,Anonymized_Llama-4-Maverick_synthetic,PQ,False
319,Anonymized_Llama-4-Maverick_synthetic,PQ,False
319,Anonymized_Llama-4-Maverick_synthetic,PQ,True
319,Anonymized_Llama-4-Maverick_synthetic,PQ,True
319,Anonymized_Llama-4-Maverick_fewshot,CQ,True
319,Anonymized_Llama-4-Maverick_synthetic,CQ,False
319,Anonymized_Llama-4-Maverick_fewshot,CQ,False
319,Anonymized_Llama-4-Maverick_fewshot,CQ,False
319,Anonymized_Llama-4-Maverick_synthetic,CQ,False
319,Anonymized_DeepSeek-V4-Pro,CQ,False
319,Anonymized_NER,PQ,True
319,Anonymized_gpt-4o,PQ,False
331,Anonymized_gpt-3.5-turbo,PQ,False
319,Anonymized_Llama-4-Maverick_synthetic,CQ,False
331,Anonymized_gpt-3.5-turbo,PQ,False
331,Anonymized_gpt-3.5-turbo,PQ,False
319,Anonymized_Llama-4-Maverick_synthetic,PQ,True
319,Anonymized_NER,CQ,False
319,Anonymized_Llama-4-Maverick_synthetic,PQ,True
331,Anonymized_gpt-3.5-turbo,PQ,False
331,Anonymized_gpt-3.5-turbo,CQ,False
331,Anonymized_gpt-3.5-turbo,CQ,False
319,Anonymized_Llama-4-Maverick_synthetic,PQ,False
331,Anonymized_gpt-3.5-turbo,CQ,False
319,Anonymized_Llama-4-Maverick_synthetic,CQ,False
331,Anonymized_gpt-3.5-turbo,PQ,True
331,Anonymized_gpt-4o,CQ,False
319,Anonymized_Llama-4-Maverick_synthetic,CQ,False
331,Anonymized_gpt-4o,CQ,True
331,Anonymized_gpt-3.5-turbo,CQ,False
331,Anonymized_gpt-3.5-turbo,PQ,False
331,Anonymized_gpt-3.5-turbo,PQ,False
331,Anonymized_gpt-3.5-turbo,CQ,False
319,Anonymized_Llama-4-Maverick_synthetic,CQ,False
331,Anonymized_gpt-4o,PQ,False
331,Anonymized_gpt-4o,PQ,True
331,Anonymized_gpt-4o,PQ,False
331,Anonymized_gpt-3.5-turbo,CQ,False
319,Anonymized_Llama-4-Maverick-17B-128E-Instruct-FP8,PQ,False
331,Anonymized_gpt-4o,CQ,False
319,Anonymized_DeepSeek-V4-Pro,PQ,False
331,Anonymized_gpt-4o,CQ,False
331,Anonymized_gpt-4o,CQ,False
331,Anonymized_gpt-4o,CQ,True
319,Anonymized_Llama-4-Maverick_synthetic,PQ,False
331,Anonymized_gpt-4o,PQ,False
331,Anonymized_NER,CQ,False
331,Anonymized_gpt-3.5-turbo,CQ,True
331,Anonymized_NER,CQ,False
331,Anonymized_NER,PQ,True
319,Anonymized_Llama-4-Maverick-17B-128E-Instruct-FP8,PQ,False
331,Anonymized_gpt-4o,CQ,False
331,Anonymized_gpt-4o,CQ,False
331,Anonymized_NER,PQ,False
331,Anonymized_gpt-3.5-turbo,PQ,False
331,Anonymized_NER,PQ,False
331,Anonymized_gpt-4o,PQ,False
331,Anonymized_gpt-3.5-turbo,PQ,False
331,Anonymized_gpt-4o,PQ,False
331,Anonymized_gpt-4o,PQ,False
331,Anonymized_NER,CQ,False
331,Anonymized_NER,CQ,True
331,Anonymized_gpt-4o,PQ,False
331,Anonymized_DeepSeek-V4-Pro,CQ,True
331,Anonymized_DeepSeek-V4-Pro,PQ,False
331,Anonymized_DeepSeek-V4-Pro,PQ,False
331,Anonymized_NER,PQ,False
331,Anonymized_gpt-4o,CQ,False
331,Anonymized_NER,CQ,False
331,Anonymized_NER,CQ,False
331,Anonymized_DeepSeek-V4-Pro,CQ,False
331,Anonymized_DeepSeek-V4-Pro,PQ,False
331,Anonymized_DeepSeek-V4-Pro,PQ,True
331,Anonymized_NER,CQ,False
331,Anonymized_NER,PQ,False
331,Anonymized_DeepSeek-V4-Pro,CQ,False
331,Anonymized_NER,PQ,False
331,Anonymized_gpt-4o,PQ,True
331,Anonymized_DeepSeek-V4-Pro,CQ,False
331,Anonymized_DeepSeek-V4-Pro,CQ,False
331,Anonymized_gpt-3.5-turbo,PQ,False
331,Anonymized_gpt-3.5-turbo,CQ,False
331,Anonymized_gpt-4o,CQ,False
331,Anonymized_NER,PQ,False
331,Anonymized_DeepSeek-V4-Pro,PQ,False
331,Anonymized_NER,PQ,False
331,Anonymized_gpt-4o,PQ,False
331,Anonymized_NER,PQ,False
331,Anonymized_DeepSeek-V4-Pro,PQ,False
331,Anonymized_DeepSeek-V4-Pro,CQ,False
331,Anonymized_NER,CQ,False
331,Anonymized_Llama-4-Maverick-17B-128E-Instruct-FP8,CQ,False
331,Anonymized_Llama-4-Maverick-17B-128E-Instruct-FP8,PQ,False
331,Anonymized_DeepSeek-V4-Pro,PQ,False
331,Anonymized_Llama-4-Maverick-17B-128E-Instruct-FP8,PQ,False
331,Anonymized_DeepSeek-V4-Pro,CQ,True
331,Anonymized_Llama-4-Maverick-17B-128E-Instruct-FP8,CQ,True
331,Anonymized_Llama-4-Maverick-17B-128E-Instruct-FP8,CQ,False
331,Anonymized_Llama-4-Maverick-17B-128E-Instruct-FP8,CQ,False
331,Anonymized_Llama-4-Maverick-17B-128E-Instruct-FP8,CQ,True
331,Anonymized_Llama-4-Maverick_fewshot,PQ,False
331,Anonymized_DeepSeek-V4-Pro,CQ,True
331,Anonymized_DeepSeek-V4-Pro,PQ,False
331,Anonymized_Llama-4-Maverick_fewshot,CQ,False
331,Anonymized_Llama-4-Maverick-17B-128E-Instruct-FP8,PQ,False
331,Anonymized_Llama-4-Maverick_fewshot,PQ,False
331,Anonymized_Llama-4-Maverick_fewshot,PQ,False
331,Anonymized_Llama-4-Maverick-17B-128E-Instruct-FP8,CQ,False
331,Anonymized_Llama-4-Maverick_fewshot,CQ,False
331,Anonymized_Llama-4-Maverick-17B-128E-Instruct-FP8,PQ,False
331,Anonymized_Llama-4-Maverick-17B-128E-Instruct-FP8,CQ,False
331,Anonymized_Llama-4-Maverick-17B-128E-Instruct-FP8,CQ,False
319,Anonymized_Llama-4-Maverick_fewshot,CQ,False
331,Anonymized_DeepSeek-V4-Pro,PQ,False
331,Anonymized_Llama-4-Maverick-17B-128E-Instruct-FP8,CQ,False
331,Anonymized_DeepSeek-V4-Pro,CQ,False
331,Anonymized_Llama-4-Maverick_fewshot,PQ,False
331,Anonymized_NER,CQ,False
331,Anonymized_Llama-4-Maverick-17B-128E-Instruct-FP8,PQ,False
331,Anonymized_Llama-4-Maverick_fewshot,PQ,True
331,Anonymized_Llama-4-Maverick_fewshot,CQ,True
331,Anonymized_Llama-4-Maverick_synthetic,PQ,False
331,Anonymized_Llama-4-Maverick_fewshot,PQ,False
331,Anonymized_Llama-4-Maverick_fewshot,CQ,False
331,Anonymized_Llama-4-Maverick_synthetic,PQ,False
331,Anonymized_NER,PQ,True
331,Anonymized_Llama-4-Maverick_synthetic,PQ,False
331,Anonymized_Llama-4-Maverick_fewshot,PQ,False
331,Anonymized_Llama-4-Maverick-17B-128E-Instruct-FP8,PQ,False
331,Anonymized_Llama-4-Maverick_fewshot,CQ,True
331,Anonymized_Llama-4-Maverick_synthetic,PQ,False
331,Anonymized_Llama-4-Maverick_synthetic,CQ,False
331,Anonymized_DeepSeek-V4-Pro,PQ,False
331,Anonymized_gpt-3.5-turbo,CQ,True
331,Anonymized_Llama-4-Maverick_fewshot,CQ,False
331,Anonymized_Llama-4-Maverick_synthetic,PQ,False
331,Anonymized_Llama-4-Maverick_synthetic,CQ,False
331,Anonymized_Llama-4-Maverick_synthetic,CQ,False
331,Anonymized_Llama-4-Maverick_synthetic,PQ,True
331,Anonymized_Llama-4-Maverick-17B-128E-Instruct-FP8,PQ,False
331,Anonymized_Llama-4-Maverick_synthetic,CQ,True
331,Anonymized_Llama-4-Maverick_fewshot,PQ,False
331,Anonymized_Llama-4-Maverick_synthetic,CQ,False
331,Anonymized_Llama-4-Maverick_fewshot,CQ,False
331,Anonymized_Llama-4-Maverick_synthetic,PQ,True
331,Anonymized_Llama-4-Maverick-17B-128E-Instruct-FP8,PQ,False
331,Anonymized_Llama-4-Maverick_synthetic,CQ,True
331,Anonymized_Llama-4-Maverick-17B-128E-Instruct-FP8,PQ,False
331,Anonymized_gpt-3.5-turbo,CQ,False
331,Anonymized_DeepSeek-V4-Pro,CQ,False
331,Anonymized_Llama-4-Maverick_synthetic,CQ,False
331,Anonymized_Llama-4-Maverick_synthetic,PQ,False
331,Anonymized_Llama-4-Maverick_synthetic,CQ,False
334,Anonymized_gpt-3.5-turbo,PQ,False
334,Anonymized_gpt-3.5-turbo,CQ,False
331,Anonymized_Llama-4-Maverick_synthetic,PQ,False
334,Anonymized_gpt-3.5-turbo,PQ,False
331,Anonymized_Llama-4-Maverick_fewshot,CQ,False
334,Anonymized_gpt-3.5-turbo,CQ,True
331,Anonymized_Llama-4-Maverick-17B-128E-Instruct-FP8,PQ,False
331,Anonymized_Llama-4-Maverick_fewshot,CQ,False
334,Anonymized_gpt-3.5-turbo,PQ,False
334,Anonymized_gpt-3.5-turbo,PQ,False
334,Anonymized_gpt-3.5-turbo,PQ,False
334,Anonymized_gpt-3.5-turbo,CQ,False
334,Anonymized_gpt-3.5-turbo,CQ,False
331,Anonymized_NER,CQ,False
334,Anonymized_gpt-3.5-turbo,CQ,False
334,Anonymized_gpt-4o,PQ,False
334,Anonymized_gpt-3.5-turbo,PQ,False
334,Anonymized_gpt-3.5-turbo,CQ,False
331,Anonymized_Llama-4-Maverick-17B-128E-Instruct-FP8,CQ,False
334,Anonymized_gpt-4o,CQ,False
331,Anonymized_Llama-4-Maverick_synthetic,PQ,False
331,Anonymized_Llama-4-Maverick_synthetic,CQ,False
334,Anonymized_gpt-3.5-turbo,CQ,False
334,Anonymized_gpt-3.5-turbo,CQ,False
334,Anonymized_gpt-4o,CQ,True
334,Anonymized_gpt-3.5-turbo,PQ,False
334,Anonymized_gpt-3.5-turbo,PQ,False
334,Anonymized_gpt-4o,CQ,True
331,Anonymized_Llama-4-Maverick_synthetic,CQ,True
334,Anonymized_gpt-3.5-turbo,PQ,False
334,Anonymized_gpt-4o,PQ,False
334,Anonymized_NER,CQ,False
334,Anonymized_gpt-4o,PQ,False
334,Anonymized_gpt-4o,CQ,False
334,Anonymized_NER,CQ,False
334,Anonymized_gpt-4o,CQ,False
334,Anonymized_gpt-4o,PQ,False
334,Anonymized_NER,PQ,True
334,Anonymized_gpt-4o,CQ,False
331,Anonymized_Llama-4-Maverick_fewshot,CQ,False
334,Anonymized_NER,PQ,False
334,Anonymized_gpt-4o,PQ,False
334,Anonymized_NER,PQ,False
334,Anonymized_gpt-4o,PQ,True
334,Anonymized_gpt-4o,PQ,False
334,Anonymized_NER,PQ,False
334,Anonymized_NER,PQ,False
334,Anonymized_gpt-3.5-turbo,CQ,False
334,Anonymized_DeepSeek-V4-Pro,CQ,False
334,Anonymized_DeepSeek-V4-Pro,CQ,False
334,Anonymized_gpt-4o,PQ,False
334,Anonymized_gpt-4o,PQ,False
334,Anonymized_NER,CQ,False
334,Anonymized_NER,PQ,False
331,Anonymized_Llama-4-Maverick_fewshot,PQ,False
334,Anonymized_NER,CQ,False
334,Anonymized_DeepSeek-V4-Pro,PQ,False
334,Anonymized_DeepSeek-V4-Pro,CQ,False
334,Anonymized_NER,CQ,True
334,Anonymized_gpt-4o,CQ,False
334,Anonymized_gpt-4o,CQ,False
334,Anonymized_DeepSeek-V4-Pro,PQ,False
334,Anonymized_NER,PQ,False
334,Anonymized_NER,CQ,False
334,Anonymized_Llama-4-Maverick-17B-128E-Instruct-FP8,CQ,False
334,Anonymized_DeepSeek-V4-Pro,PQ,False
334,Anonymized_gpt-4o,CQ,False
334,Anonymized_DeepSeek-V4-Pro,CQ,False
334,Anonymized_DeepSeek-V4-Pro,CQ,False
334,Anonymized_DeepSeek-V4-Pro,PQ,False
334,Anonymized_gpt-4o,CQ,False
334,Anonymized_DeepSeek-V4-Pro,CQ,False
334,Anonymized_NER,PQ,False
334,Anonymized_NER,PQ,False
334,Anonymized_DeepSeek-V4-Pro,PQ,False
334,Anonymized_Llama-4-Maverick-17B-128E-Instruct-FP8,CQ,False
334,Anonymized_DeepSeek-V4-Pro,PQ,False
334,Anonymized_NER,CQ,False
334,Anonymized_NER,CQ,False
334,Anonymized_gpt-3.5-turbo,PQ,False
334,Anonymized_gpt-4o,PQ,False
334,Anonymized_Llama-4-Maverick-17B-128E-Instruct-FP8,PQ,True
334,Anonymized_DeepSeek-V4-Pro,PQ,False
334,Anonymized_DeepSeek-V4-Pro,PQ,False
334,Anonymized_Llama-4-Maverick-17B-128E-Instruct-FP8,PQ,False
334,Anonymized_Llama-4-Maverick-17B-128E-Instruct-FP8,PQ,False
334,Anonymized_Llama-4-Maverick-17B-128E-Instruct-FP8,PQ,False
334,Anonymized_Llama-4-Maverick-17B-128E-Instruct-FP8,PQ,False
334,Anonymized_DeepSeek-V4-Pro,CQ,False
334,Anonymized_NER,CQ,True
334,Anonymized_Llama-4-Maverick_fewshot,PQ,False
334,Anonymized_Llama-4-Maverick-17B-128E-Instruct-FP8,CQ,True
334,Anonymized_DeepSeek-V4-Pro,CQ,True
334,Anonymized_Llama-4-Maverick-17B-128E-Instruct-FP8,CQ,True
334,Anonymized_gpt-3.5-turbo,CQ,True
334,Anonymized_Llama-4-Maverick-17B-128E-Instruct-FP8,CQ,False
334,Anonymized_DeepSeek-V4-Pro,CQ,True
334,Anonymized_Llama-4-Maverick_fewshot,CQ,False
334,Anonymized_Llama-4-Maverick_fewshot,PQ,False
334,Anonymized_Llama-4-Maverick_fewshot,PQ,False
334,Anonymized_Llama-4-Maverick_fewshot,CQ,False
334,Anonymized_Llama-4-Maverick-17B-128E-Instruct-FP8,CQ,False
334,Anonymized_Llama-4-Maverick-17B-128E-Instruct-FP8,PQ,False
334,Anonymized_Llama-4-Maverick-17B-128E-Instruct-FP8,CQ,False
334,Anonymized_Llama-4-Maverick-17B-128E-Instruct-FP8,CQ,False
334,Anonymized_Llama-4-Maverick-17B-128E-Instruct-FP8,CQ,False
334,Anonymized_NER,PQ,False
334,Anonymized_Llama-4-Maverick_fewshot,PQ,False
334,Anonymized_Llama-4-Maverick_fewshot,CQ,True
334,Anonymized_Llama-4-Maverick_fewshot,CQ,True
331,Anonymized_Llama-4-Maverick_fewshot,PQ,False
334,Anonymized_Llama-4-Maverick_fewshot,CQ,False
334,Anonymized_Llama-4-Maverick_synthetic,CQ,False
334,Anonymized_Llama-4-Maverick_fewshot,PQ,False
334,Anonymized_Llama-4-Maverick_fewshot,PQ,False
334,Anonymized_Llama-4-Maverick_synthetic,CQ,True
334,Anonymized_Llama-4-Maverick_fewshot,PQ,False
334,Anonymized_Llama-4-Maverick_synthetic,CQ,True
334,Anonymized_Llama-4-Maverick_fewshot,PQ,False
334,Anonymized_Llama-4-Maverick-17B-128E-Instruct-FP8,PQ,False
334,Anonymized_Llama-4-Maverick_synthetic,PQ,False
334,Anonymized_DeepSeek-V4-Pro,CQ,False
334,Anonymized_Llama-4-Maverick-17B-128E-Instruct-FP8,PQ,False
334,Anonymized_Llama-4-Maverick-17B-128E-Instruct-FP8,PQ,False
334,Anonymized_Llama-4-Maverick_fewshot,PQ,False
334,Anonymized_Llama-4-Maverick_fewshot,CQ,False
334,Anonymized_Llama-4-Maverick_synthetic,PQ,False
334,Anonymized_NER,CQ,False
334,Anonymized_Llama-4-Maverick_synthetic,PQ,False
334,Anonymized_Llama-4-Maverick-17B-128E-Instruct-FP8,CQ,False
334,Anonymized_Llama-4-Maverick_synthetic,CQ,False
334,Anonymized_Llama-4-Maverick_fewshot,CQ,False
334,Anonymized_Llama-4-Maverick_fewshot,CQ,True
334,Anonymized_Llama-4-Maverick_synthetic,CQ,False
334,Anonymized_Llama-4-Maverick_fewshot,CQ,False
334,Anonymized_Llama-4-Maverick_synthetic,PQ,False
334,Anonymized_Llama-4-Maverick_fewshot,CQ,True
334,Anonymized_Llama-4-Maverick_synthetic,PQ,True
334,Anonymized_Llama-4-Maverick_synthetic,CQ,False
334,Anonymized_Llama-4-Maverick_synthetic,PQ,False
431,Anonymized_gpt-3.5-turbo,PQ,False
334,Anonymized_Llama-4-Maverick_synthetic,CQ,False
431,Anonymized_gpt-3.5-turbo,CQ,False
431,Anonymized_gpt-3.5-turbo,CQ,True
431,Anonymized_gpt-3.5-turbo,PQ,False
334,Anonymized_Llama-4-Maverick_synthetic,CQ,False
431,Anonymized_gpt-3.5-turbo,PQ,False
334,Anonymized_Llama-4-Maverick_synthetic,PQ,False
431,Anonymized_gpt-3.5-turbo,PQ,True
431,Anonymized_gpt-3.5-turbo,PQ,False
431,Anonymized_gpt-3.5-turbo,CQ,True
334,Anonymized_Llama-4-Maverick_synthetic,PQ,False
334,Anonymized_DeepSeek-V4-Pro,PQ,False
334,Anonymized_Llama-4-Maverick_synthetic,CQ,True
431,Anonymized_gpt-3.5-turbo,CQ,False
334,Anonymized_Llama-4-Maverick_synthetic,CQ,False
431,Anonymized_gpt-4o,CQ,False
431,Anonymized_gpt-3.5-turbo,CQ,False
431,Anonymized_gpt-3.5-turbo,PQ,False
431,Anonymized_gpt-4o,CQ,False
431,Anonymized_gpt-4o,CQ,True
334,Anonymized_Llama-4-Maverick_synthetic,PQ,False
431,Anonymized_gpt-3.5-turbo,CQ,False
431,Anonymized_gpt-3.5-turbo,PQ,False
431,Anonymized_gpt-3.5-turbo,PQ,True
431,Anonymized_gpt-4o,CQ,False
431,Anonymized_gpt-4o,PQ,False
431,Anonymized_gpt-4o,PQ,False
431,Anonymized_gpt-4o,PQ,False
334,Anonymized_DeepSeek-V4-Pro,PQ,True
431,Anonymized_gpt-4o,PQ,False
431,Anonymized_gpt-4o,PQ,False
431,Anonymized_NER,PQ,False
431,Anonymized_NER,PQ,False
431,Anonymized_gpt-3.5-turbo,PQ,False
431,Anonymized_NER,PQ,False
431,Anonymized_gpt-3.5-turbo,CQ,True
431,Anonymized_gpt-3.5-turbo,CQ,True
431,Anonymized_gpt-4o,CQ,False
431,Anonymized_gpt-4o,PQ,True
431,Anonymized_NER,CQ,False
431,Anonymized_NER,CQ,True
431,Anonymized_gpt-4o,PQ,False
431,Anonymized_gpt-3.5-turbo,CQ,False
431,Anonymized_gpt-4o,PQ,False
431,Anonymized_gpt-4o,CQ,True
431,Anonymized_NER,CQ,False
334,Anonymized_Llama-4-Maverick_synthetic,PQ,False
431,Anonymized_gpt-4o,CQ,False
431,Anonymized_NER,CQ,False
431,Anonymized_DeepSeek-V4-Pro,PQ,False
431,Anonymized_gpt-4o,CQ,True
431,Anonymized_DeepSeek-V4-Pro,CQ,True
431,Anonymized_gpt-3.5-turbo,PQ,False
431,Anonymized_gpt-3.5-turbo,CQ,True
334,Anonymized_Llama-4-Maverick_fewshot,PQ,False
431,Anonymized_NER,PQ,False
431,Anonymized_DeepSeek-V4-Pro,PQ,False
431,Anonymized_NER,PQ,False
431,Anonymized_gpt-4o,CQ,True
431,Anonymized_NER,CQ,False
431,Anonymized_NER,CQ,True
431,Anonymized_DeepSeek-V4-Pro,PQ,True
431,Anonymized_DeepSeek-V4-Pro,PQ,False
431,Anonymized_DeepSeek-V4-Pro,CQ,True
431,Anonymized_DeepSeek-V4-Pro,PQ,False
431,Anonymized_DeepSeek-V4-Pro,PQ,True
431,Anonymized_DeepSeek-V4-Pro,CQ,False
431,Anonymized_NER,PQ,False
431,Anonymized_Llama-4-Maverick-17B-128E-Instruct-FP8,PQ,False
431,Anonymized_gpt-4o,CQ,True
431,Anonymized_NER,PQ,False
431,Anonymized_DeepSeek-V4-Pro,PQ,False
431,Anonymized_NER,CQ,True
431,Anonymized_Llama-4-Maverick-17B-128E-Instruct-FP8,CQ,False
431,Anonymized_DeepSeek-V4-Pro,PQ,False
431,Anonymized_DeepSeek-V4-Pro,CQ,False
431,Anonymized_Llama-4-Maverick-17B-128E-Instruct-FP8,PQ,False
431,Anonymized_NER,CQ,False
431,Anonymized_Llama-4-Maverick-17B-128E-Instruct-FP8,CQ,False
431,Anonymized_NER,PQ,False
431,Anonymized_Llama-4-Maverick-17B-128E-Instruct-FP8,CQ,True
431,Anonymized_gpt-4o,PQ,False
431,Anonymized_Llama-4-Maverick-17B-128E-Instruct-FP8,CQ,False
431,Anonymized_DeepSeek-V4-Pro,CQ,True
431,Anonymized_Llama-4-Maverick-17B-128E-Instruct-FP8,PQ,False
431,Anonymized_Llama-4-Maverick-17B-128E-Instruct-FP8,CQ,True
431,Anonymized_DeepSeek-V4-Pro,CQ,False
431,Anonymized_Llama-4-Maverick-17B-128E-Instruct-FP8,PQ,False
431,Anonymized_Llama-4-Maverick-17B-128E-Instruct-FP8,CQ,False
431,Anonymized_Llama-4-Maverick_fewshot,CQ,False
431,Anonymized_Llama-4-Maverick-17B-128E-Instruct-FP8,PQ,False
431,Anonymized_DeepSeek-V4-Pro,CQ,False
431,Anonymized_NER,PQ,False
431,Anonymized_Llama-4-Maverick-17B-128E-Instruct-FP8,CQ,True
431,Anonymized_Llama-4-Maverick_fewshot,PQ,False
431,Anonymized_gpt-4o,PQ,False
431,Anonymized_Llama-4-Maverick_fewshot,CQ,True
431,Anonymized_Llama-4-Maverick_fewshot,CQ,False
431,Anonymized_DeepSeek-V4-Pro,PQ,False
431,Anonymized_Llama-4-Maverick_fewshot,PQ,False
431,Anonymized_Llama-4-Maverick-17B-128E-Instruct-FP8,CQ,True
431,Anonymized_Llama-4-Maverick_fewshot,CQ,False
431,Anonymized_Llama-4-Maverick_fewshot,CQ,False
431,Anonymized_Llama-4-Maverick-17B-128E-Instruct-FP8,PQ,False
431,Anonymized_Llama-4-Maverick_fewshot,CQ,True
431,Anonymized_DeepSeek-V4-Pro,CQ,True
431,Anonymized_Llama-4-Maverick_fewshot,CQ,False
431,Anonymized_Llama-4-Maverick_synthetic,PQ,False
431,Anonymized_Llama-4-Maverick_fewshot,CQ,True
431,Anonymized_Llama-4-Maverick-17B-128E-Instruct-FP8,PQ,False
431,Anonymized_NER,PQ,True
431,Anonymized_Llama-4-Maverick_synthetic,PQ,False
431,Anonymized_DeepSeek-V4-Pro,CQ,False
431,Anonymized_Llama-4-Maverick-17B-128E-Instruct-FP8,PQ,False
431,Anonymized_Llama-4-Maverick_fewshot,CQ,False
431,Anonymized_Llama-4-Maverick-17B-128E-Instruct-FP8,PQ,False
431,Anonymized_DeepSeek-V4-Pro,CQ,False
431,Anonymized_Llama-4-Maverick_synthetic,CQ,False
431,Anonymized_Llama-4-Maverick_fewshot,PQ,False
431,Anonymized_NER,CQ,False
431,Anonymized_Llama-4-Maverick_fewshot,PQ,False
431,Anonymized_Llama-4-Maverick_synthetic,PQ,True
431,Anonymized_Llama-4-Maverick_fewshot,PQ,False
431,Anonymized_Llama-4-Maverick_synthetic,PQ,False
431,Anonymized_Llama-4-Maverick_synthetic,CQ,True
431,Anonymized_Llama-4-Maverick_synthetic,PQ,False
431,Anonymized_Llama-4-Maverick_synthetic,CQ,False
431,Anonymized_Llama-4-Maverick_synthetic,PQ,False
431,Anonymized_Llama-4-Maverick_fewshot,PQ,False
431,Anonymized_Llama-4-Maverick_synthetic,CQ,True
431,Anonymized_Llama-4-Maverick_synthetic,PQ,False
431,Anonymized_Llama-4-Maverick_fewshot,PQ,False
431,Anonymized_Llama-4-Maverick_synthetic,PQ,False
431,Anonymized_Llama-4-Maverick_synthetic,CQ,True
334,Anonymized_Llama-4-Maverick-17B-128E-Instruct-FP8,PQ,False
431,Anonymized_Llama-4-Maverick-17B-128E-Instruct-FP8,CQ,False
431,Anonymized_Llama-4-Maverick_synthetic,CQ,False
431,Anonymized_Llama-4-Maverick_synthetic,PQ,False
431,Anonymized_Llama-4-Maverick_synthetic,CQ,False
435,Anonymized_gpt-3.5-turbo,PQ,False
431,Anonymized_Llama-4-Maverick_fewshot,PQ,False
435,Anonymized_gpt-3.5-turbo,PQ,False
435,Anonymized_gpt-3.5-turbo,PQ,False
431,Anonymized_DeepSeek-V4-Pro,PQ,False
435,Anonymized_gpt-3.5-turbo,PQ,False
431,Anonymized_Llama-4-Maverick_synthetic,CQ,True
431,Anonymized_Llama-4-Maverick-17B-128E-Instruct-FP8,CQ,False
435,Anonymized_gpt-3.5-turbo,CQ,True
435,Anonymized_gpt-3.5-turbo,CQ,True
435,Anonymized_gpt-3.5-turbo,PQ,False
431,Anonymized_Llama-4-Maverick_fewshot,PQ,False
435,Anonymized_gpt-3.5-turbo,CQ,False
435,Anonymized_gpt-3.5-turbo,PQ,False
435,Anonymized_gpt-3.5-turbo,PQ,False
435,Anonymized_gpt-3.5-turbo,PQ,False
435,Anonymized_gpt-3.5-turbo,CQ,False
435,Anonymized_gpt-3.5-turbo,PQ,False
431,Anonymized_Llama-4-Maverick_synthetic,PQ,False
435,Anonymized_gpt-4o,PQ,False
435,Anonymized_gpt-4o,CQ,False
435,Anonymized_gpt-3.5-turbo,CQ,True
431,Anonymized_Llama-4-Maverick_fewshot,PQ,False
435,Anonymized_gpt-4o,PQ,False
435,Anonymized_gpt-4o,PQ,False
431,Anonymized_Llama-4-Maverick_synthetic,CQ,False
435,Anonymized_gpt-4o,CQ,True
435,Anonymized_gpt-4o,PQ,False
435,Anonymized_gpt-3.5-turbo,CQ,True
435,Anonymized_gpt-4o,CQ,False
431,Anonymized_Llama-4-Maverick_fewshot,CQ,True
431,Anonymized_Llama-4-Maverick_synthetic,CQ,True
435,Anonymized_gpt-4o,PQ,False
435,Anonymized_gpt-4o,CQ,True
435,Anonymized_gpt-4o,CQ,True
435,Anonymized_gpt-4o,CQ,True
435,Anonymized_gpt-4o,PQ,False
435,Anonymized_NER,CQ,False
435,Anonymized_gpt-3.5-turbo,CQ,False
435,Anonymized_gpt-3.5-turbo,CQ,True
431,Anonymized_NER,CQ,True
435,Anonymized_NER,PQ,False
435,Anonymized_NER,CQ,False
435,Anonymized_NER,PQ,True
435,Anonymized_gpt-4o,PQ,False
435,Anonymized_NER,CQ,True
435,Anonymized_gpt-4o,PQ,False
431,Anonymized_Llama-4-Maverick-17B-128E-Instruct-FP8,PQ,False
435,Anonymized_NER,CQ,True
435,Anonymized_NER,PQ,True
435,Anonymized_NER,PQ,False
435,Anonymized_NER,CQ,False
435,Anonymized_gpt-4o,CQ,False
435,Anonymized_gpt-3.5-turbo,CQ,False
435,Anonymized_NER,PQ,False
435,Anonymized_gpt-4o,CQ,True
435,Anonymized_NER,CQ,False
435,Anonymized_DeepSeek-V4-Pro,PQ,True
435,Anonymized_NER,PQ,False
435,Anonymized_gpt-3.5-turbo,CQ,False
435,Anonymized_DeepSeek-V4-Pro,PQ,False
435,Anonymized_NER,CQ,True
435,Anonymized_NER,CQ,False
435,Anonymized_NER,PQ,False
435,Anonymized_DeepSeek-V4-Pro,PQ,False
435,Anonymized_DeepSeek-V4-Pro,CQ,False
435,Anonymized_DeepSeek-V4-Pro,CQ,True
435,Anonymized_DeepSeek-V4-Pro,CQ,False
435,Anonymized_DeepSeek-V4-Pro,PQ,False
435,Anonymized_DeepSeek-V4-Pro,CQ,True
435,Anonymized_DeepSeek-V4-Pro,PQ,False
435,Anonymized_DeepSeek-V4-Pro,CQ,False
435,Anonymized_NER,PQ,False
435,Anonymized_gpt-4o,CQ,False
435,Anonymized_DeepSeek-V4-Pro,CQ,False
435,Anonymized_gpt-4o,PQ,True
435,Anonymized_DeepSeek-V4-Pro,CQ,False
435,Anonymized_DeepSeek-V4-Pro,CQ,False
435,Anonymized_DeepSeek-V4-Pro,PQ,False
435,Anonymized_Llama-4-Maverick-17B-128E-Instruct-FP8,PQ,False
435,Anonymized_DeepSeek-V4-Pro,PQ,True
435,Anonymized_Llama-4-Maverick-17B-128E-Instruct-FP8,CQ,False
435,Anonymized_Llama-4-Maverick-17B-128E-Instruct-FP8,PQ,False
435,Anonymized_DeepSeek-V4-Pro,PQ,False
435,Anonymized_Llama-4-Maverick-17B-128E-Instruct-FP8,CQ,False
435,Anonymized_Llama-4-Maverick-17B-128E-Instruct-FP8,CQ,True
435,Anonymized_Llama-4-Maverick-17B-128E-Instruct-FP8,PQ,False
435,Anonymized_DeepSeek-V4-Pro,CQ,True
435,Anonymized_Llama-4-Maverick-17B-128E-Instruct-FP8,CQ,True
435,Anonymized_Llama-4-Maverick-17B-128E-Instruct-FP8,CQ,True
435,Anonymized_NER,CQ,True
435,Anonymized_Llama-4-Maverick-17B-128E-Instruct-FP8,CQ,True
435,Anonymized_Llama-4-Maverick-17B-128E-Instruct-FP8,PQ,False
435,Anonymized_Llama-4-Maverick-17B-128E-Instruct-FP8,PQ,False
435,Anonymized_Llama-4-Maverick-17B-128E-Instruct-FP8,CQ,False
435,Anonymized_DeepSeek-V4-Pro,PQ,False
435,Anonymized_Llama-4-Maverick-17B-128E-Instruct-FP8,PQ,False
435,Anonymized_Llama-4-Maverick_fewshot,CQ,True
435,Anonymized_Llama-4-Maverick-17B-128E-Instruct-FP8,PQ,False
435,Anonymized_Llama-4-Maverick-17B-128E-Instruct-FP8,CQ,False
435,Anonymized_NER,PQ,False
435,Anonymized_Llama-4-Maverick_fewshot,CQ,False
435,Anonymized_Llama-4-Maverick_fewshot,PQ,False
435,Anonymized_Llama-4-Maverick_fewshot,PQ,False
435,Anonymized_NER,CQ,False
435,Anonymized_Llama-4-Maverick-17B-128E-Instruct-FP8,CQ,False
435,Anonymized_DeepSeek-V4-Pro,PQ,False
435,Anonymized_Llama-4-Maverick_fewshot,CQ,True
435,Anonymized_Llama-4-Maverick_fewshot,CQ,True
435,Anonymized_Llama-4-Maverick-17B-128E-Instruct-FP8,PQ,False
435,Anonymized_Llama-4-Maverick-17B-128E-Instruct-FP8,CQ,True
435,Anonymized_Llama-4-Maverick-17B-128E-Instruct-FP8,PQ,False
435,Anonymized_Llama-4-Maverick_fewshot,PQ,False
435,Anonymized_DeepSeek-V4-Pro,CQ,True
435,Anonymized_Llama-4-Maverick_fewshot,CQ,True
435,Anonymized_Llama-4-Maverick_fewshot,PQ,False
435,Anonymized_Llama-4-Maverick_fewshot,PQ,False
435,Anonymized_Llama-4-Maverick_synthetic,CQ,True
435,Anonymized_Llama-4-Maverick_fewshot,PQ,False
435,Anonymized_Llama-4-Maverick_fewshot,PQ,False
435,Anonymized_Llama-4-Maverick_synthetic,PQ,False
435,Anonymized_gpt-4o,CQ,False
435,Anonymized_Llama-4-Maverick_synthetic,CQ,False
435,Anonymized_Llama-4-Maverick_synthetic,CQ,False
435,Anonymized_Llama-4-Maverick_fewshot,CQ,False
435,Anonymized_Llama-4-Maverick_synthetic,PQ,False
435,Anonymized_Llama-4-Maverick-17B-128E-Instruct-FP8,PQ,True
435,Anonymized_Llama-4-Maverick_synthetic,PQ,False
435,Anonymized_Llama-4-Maverick_fewshot,PQ,False
435,Anonymized_Llama-4-Maverick_synthetic,CQ,True
435,Anonymized_Llama-4-Maverick_fewshot,CQ,False
435,Anonymized_Llama-4-Maverick_synthetic,CQ,False
435,Anonymized_Llama-4-Maverick_synthetic,CQ,True
435,Anonymized_Llama-4-Maverick_synthetic,CQ,False
435,Anonymized_Llama-4-Maverick_synthetic,PQ,False
435,Anonymized_Llama-4-Maverick_synthetic,CQ,False
435,Anonymized_Llama-4-Maverick_synthetic,CQ,True
437,Anonymized_gpt-3.5-turbo,PQ,False
435,Anonymized_Llama-4-Maverick_fewshot,PQ,False
435,Anonymized_gpt-3.5-turbo,PQ,False
435,Anonymized_Llama-4-Maverick_synthetic,PQ,False
435,Anonymized_Llama-4-Maverick_synthetic,CQ,True
435,Anonymized_Llama-4-Maverick_fewshot,PQ,False
435,Anonymized_Llama-4-Maverick_fewshot,CQ,False
437,Anonymized_gpt-3.5-turbo,CQ,False
437,Anonymized_gpt-3.5-turbo,PQ,False
437,Anonymized_gpt-3.5-turbo,PQ,False
435,Anonymized_Llama-4-Maverick_synthetic,PQ,True
437,Anonymized_gpt-3.5-turbo,PQ,False
437,Anonymized_gpt-3.5-turbo,CQ,True
435,Anonymized_Llama-4-Maverick_fewshot,CQ,False
437,Anonymized_gpt-3.5-turbo,PQ,False
437,Anonymized_gpt-3.5-turbo,CQ,False
437,Anonymized_gpt-3.5-turbo,CQ,False
437,Anonymized_gpt-3.5-turbo,CQ,False
437,Anonymized_gpt-4o,CQ,False
437,Anonymized_gpt-4o,PQ,False
437,Anonymized_gpt-4o,PQ,False
437,Anonymized_gpt-3.5-turbo,PQ,False
437,Anonymized_gpt-4o,PQ,True
435,Anonymized_Llama-4-Maverick_synthetic,PQ,False
437,Anonymized_gpt-4o,PQ,False
437,Anonymized_gpt-4o,PQ,False
437,Anonymized_gpt-4o,CQ,False
437,Anonymized_gpt-4o,PQ,False
437,Anonymized_gpt-4o,CQ,False
437,Anonymized_gpt-3.5-turbo,PQ,False
435,Anonymized_gpt-4o,PQ,False
437,Anonymized_gpt-4o,CQ,False
437,Anonymized_gpt-3.5-turbo,CQ,False
437,Anonymized_gpt-4o,CQ,True
435,Anonymized_Llama-4-Maverick_synthetic,PQ,False
437,Anonymized_gpt-4o,CQ,False
437,Anonymized_NER,CQ,False
437,Anonymized_gpt-4o,CQ,False
437,Anonymized_NER,CQ,False
437,Anonymized_gpt-3.5-turbo,CQ,True
437,Anonymized_NER,PQ,True
437,Anonymized_gpt-3.5-turbo,PQ,True
437,Anonymized_NER,CQ,False
435,Anonymized_NER,PQ,False
437,Anonymized_NER,CQ,False
437,Anonymized_NER,CQ,True
437,Anonymized_gpt-4o,PQ,False
437,Anonymized_NER,PQ,False
437,Anonymized_NER,CQ,False
437,Anonymized_NER,PQ,True
437,Anonymized_gpt-4o,CQ,False
437,Anonymized_gpt-4o,CQ,False
437,Anonymized_gpt-4o,PQ,False
435,Anonymized_Llama-4-Maverick_synthetic,PQ,False
437,Anonymized_DeepSeek-V4-Pro,PQ,False
437,Anonymized_DeepSeek-V4-Pro,CQ,True
437,Anonymized_NER,PQ,False
437,Anonymized_DeepSeek-V4-Pro,CQ,False
437,Anonymized_NER,PQ,False
437,Anonymized_NER,CQ,False
437,Anonymized_gpt-3.5-turbo,CQ,False
435,Anonymized_Llama-4-Maverick_fewshot,CQ,False
437,Anonymized_DeepSeek-V4-Pro,PQ,False
437,Anonymized_gpt-4o,CQ,False
437,Anonymized_NER,PQ,False
437,Anonymized_DeepSeek-V4-Pro,PQ,False
437,Anonymized_gpt-4o,PQ,True
437,Anonymized_NER,PQ,True
437,Anonymized_DeepSeek-V4-Pro,PQ,True
437,Anonymized_DeepSeek-V4-Pro,PQ,False
437,Anonymized_DeepSeek-V4-Pro,CQ,False
437,Anonymized_DeepSeek-V4-Pro,PQ,False
435,Anonymized_Llama-4-Maverick_synthetic,PQ,False
437,Anonymized_DeepSeek-V4-Pro,PQ,False
437,Anonymized_Llama-4-Maverick-17B-128E-Instruct-FP8,PQ,False
437,Anonymized_DeepSeek-V4-Pro,CQ,False
437,Anonymized_Llama-4-Maverick-17B-128E-Instruct-FP8,PQ,False
437,Anonymized_NER,CQ,False
437,Anonymized_Llama-4-Maverick-17B-128E-Instruct-FP8,CQ,False
437,Anonymized_DeepSeek-V4-Pro,CQ,False
437,Anonymized_Llama-4-Maverick-17B-128E-Instruct-FP8,PQ,False
437,Anonymized_Llama-4-Maverick-17B-128E-Instruct-FP8,CQ,True
437,Anonymized_Llama-4-Maverick-17B-128E-Instruct-FP8,PQ,True
437,Anonymized_DeepSeek-V4-Pro,PQ,False
437,Anonymized_Llama-4-Maverick-17B-128E-Instruct-FP8,PQ,False
437,Anonymized_DeepSeek-V4-Pro,CQ,False
437,Anonymized_Llama-4-Maverick-17B-128E-Instruct-FP8,CQ,False
437,Anonymized_Llama-4-Maverick-17B-128E-Instruct-FP8,CQ,False
437,Anonymized_DeepSeek-V4-Pro,CQ,False
437,Anonymized_gpt-4o,PQ,False
437,Anonymized_gpt-3.5-turbo,CQ,False
437,Anonymized_Llama-4-Maverick-17B-128E-Instruct-FP8,CQ,False
437,Anonymized_gpt-3.5-turbo,PQ,False
437,Anonymized_DeepSeek-V4-Pro,CQ,False
437,Anonymized_Llama-4-Maverick_fewshot,PQ,False
437,Anonymized_Llama-4-Maverick_fewshot,PQ,False
437,Anonymized_Llama-4-Maverick_fewshot,PQ,True
437,Anonymized_gpt-3.5-turbo,CQ,False
437,Anonymized_Llama-4-Maverick-17B-128E-Instruct-FP8,PQ,False
437,Anonymized_Llama-4-Maverick_fewshot,PQ,False
437,Anonymized_DeepSeek-V4-Pro,PQ,False
437,Anonymized_NER,CQ,False
437,Anonymized_Llama-4-Maverick_fewshot,CQ,False
437,Anonymized_Llama-4-Maverick_fewshot,PQ,False
437,Anonymized_Llama-4-Maverick-17B-128E-Instruct-FP8,CQ,False
437,Anonymized_NER,CQ,False
437,Anonymized_NER,PQ,False
437,Anonymized_Llama-4-Maverick_fewshot,CQ,False
437,Anonymized_Llama-4-Maverick-17B-128E-Instruct-FP8,CQ,False
437,Anonymized_DeepSeek-V4-Pro,CQ,False
437,Anonymized_Llama-4-Maverick-17B-128E-Instruct-FP8,PQ,False
437,Anonymized_gpt-3.5-turbo,PQ,False
437,Anonymized_Llama-4-Maverick_fewshot,CQ,True
437,Anonymized_Llama-4-Maverick-17B-128E-Instruct-FP8,PQ,False
437,Anonymized_Llama-4-Maverick_synthetic,PQ,False
437,Anonymized_Llama-4-Maverick_fewshot,PQ,False
437,Anonymized_Llama-4-Maverick_fewshot,PQ,False
437,Anonymized_Llama-4-Maverick_fewshot,CQ,False
437,Anonymized_Llama-4-Maverick_synthetic,CQ,False
437,Anonymized_Llama-4-Maverick-17B-128E-Instruct-FP8,CQ,False
437,Anonymized_Llama-4-Maverick_synthetic,CQ,True
437,Anonymized_Llama-4-Maverick_synthetic,PQ,False
437,Anonymized_NER,PQ,False
437,Anonymized_Llama-4-Maverick-17B-128E-Instruct-FP8,PQ,False
437,Anonymized_Llama-4-Maverick_synthetic,PQ,False
437,Anonymized_DeepSeek-V4-Pro,PQ,True
437,Anonymized_Llama-4-Maverick-17B-128E-Instruct-FP8,PQ,False
437,Anonymized_Llama-4-Maverick_synthetic,CQ,False
437,Anonymized_Llama-4-Maverick_fewshot,PQ,False
437,Anonymized_Llama-4-Maverick_synthetic,CQ,False
437,Anonymized_Llama-4-Maverick_synthetic,PQ,True
437,Anonymized_Llama-4-Maverick_fewshot,CQ,False
437,Anonymized_Llama-4-Maverick-17B-128E-Instruct-FP8,CQ,True
437,Anonymized_Llama-4-Maverick_synthetic,CQ,False
437,Anonymized_Llama-4-Maverick_synthetic,CQ,False
437,Anonymized_NER,PQ,False
437,Anonymized_DeepSeek-V4-Pro,CQ,False
437,Anonymized_Llama-4-Maverick_fewshot,CQ,False
437,Anonymized_Llama-4-Maverick_synthetic,CQ,False
437,Anonymized_Llama-4-Maverick_synthetic,PQ,False
437,Anonymized_Llama-4-Maverick_synthetic,PQ,False
437,Anonymized_Llama-4-Maverick_fewshot,CQ,False
437,Anonymized_Llama-4-Maverick_synthetic,PQ,False
437,Anonymized_Llama-4-Maverick_synthetic,PQ,True
467,Anonymized_gpt-3.5-turbo,CQ,False
467,Anonymized_gpt-3.5-turbo,PQ,False
467,Anonymized_gpt-3.5-turbo,CQ,False
467,Anonymized_gpt-3.5-turbo,CQ,False
437,Anonymized_Llama-4-Maverick-17B-128E-Instruct-FP8,CQ,False
437,Anonymized_Llama-4-Maverick_fewshot,CQ,True
437,Anonymized_Llama-4-Maverick_synthetic,PQ,False
467,Anonymized_gpt-3.5-turbo,PQ,False
437,Anonymized_Llama-4-Maverick_synthetic,CQ,False
467,Anonymized_gpt-3.5-turbo,PQ,False
437,Anonymized_Llama-4-Maverick_synthetic,CQ,False
467,Anonymized_gpt-3.5-turbo,CQ,True
467,Anonymized_gpt-4o,CQ,False
467,Anonymized_gpt-4o,PQ,False
467,Anonymized_gpt-4o,PQ,False
437,Anonymized_Llama-4-Maverick_fewshot,PQ,False
467,Anonymized_gpt-4o,PQ,True
437,Anonymized_Llama-4-Maverick_fewshot,CQ,False
467,Anonymized_gpt-4o,PQ,False
467,Anonymized_gpt-4o,PQ,False
437,Anonymized_Llama-4-Maverick_synthetic,PQ,False
467,Anonymized_gpt-3.5-turbo,PQ,False
467,Anonymized_gpt-3.5-turbo,CQ,True
467,Anonymized_gpt-4o,CQ,True
467,Anonymized_gpt-3.5-turbo,PQ,False
467,Anonymized_gpt-3.5-turbo,PQ,False
467,Anonymized_gpt-3.5-turbo,PQ,False
467,Anonymized_gpt-3.5-turbo,CQ,False
467,Anonymized_gpt-4o,CQ,False
467,Anonymized_gpt-3.5-turbo,CQ,False
467,Anonymized_NER,PQ,False
467,Anonymized_gpt-4o,CQ,True
437,Anonymized_Llama-4-Maverick_fewshot,CQ,False
467,Anonymized_gpt-3.5-turbo,PQ,False
467,Anonymized_NER,CQ,False
467,Anonymized_gpt-4o,CQ,True
467,Anonymized_NER,PQ,False
467,Anonymized_gpt-4o,PQ,False
467,Anonymized_NER,CQ,False
467,Anonymized_NER,CQ,False
467,Anonymized_NER,CQ,True
467,Anonymized_NER,PQ,True
467,Anonymized_gpt-3.5-turbo,CQ,False
467,Anonymized_gpt-4o,PQ,False
467,Anonymized_NER,PQ,False
467,Anonymized_gpt-3.5-turbo,CQ,True
467,Anonymized_NER,CQ,True
467,Anonymized_gpt-4o,CQ,False
467,Anonymized_NER,PQ,False
467,Anonymized_gpt-4o,CQ,True
467,Anonymized_DeepSeek-V4-Pro,CQ,False
467,Anonymized_NER,CQ,False
467,Anonymized_NER,CQ,False
467,Anonymized_NER,CQ,True
467,Anonymized_NER,PQ,False
467,Anonymized_NER,PQ,False
467,Anonymized_NER,PQ,False
467,Anonymized_gpt-4o,CQ,False
467,Anonymized_DeepSeek-V4-Pro,CQ,False
467,Anonymized_DeepSeek-V4-Pro,PQ,False
467,Anonymized_DeepSeek-V4-Pro,PQ,True
467,Anonymized_NER,PQ,False
467,Anonymized_gpt-3.5-turbo,PQ,False
467,Anonymized_NER,PQ,False
467,Anonymized_NER,CQ,False
467,Anonymized_DeepSeek-V4-Pro,CQ,True
467,Anonymized_gpt-3.5-turbo,CQ,True
467,Anonymized_DeepSeek-V4-Pro,CQ,True
437,Anonymized_Llama-4-Maverick_fewshot,PQ,False
467,Anonymized_DeepSeek-V4-Pro,CQ,True
467,Anonymized_gpt-4o,PQ,False
467,Anonymized_DeepSeek-V4-Pro,PQ,False
467,Anonymized_gpt-4o,PQ,False
467,Anonymized_DeepSeek-V4-Pro,PQ,False
467,Anonymized_DeepSeek-V4-Pro,CQ,False
467,Anonymized_gpt-4o,CQ,False
467,Anonymized_Llama-4-Maverick-17B-128E-Instruct-FP8,CQ,False
467,Anonymized_Llama-4-Maverick-17B-128E-Instruct-FP8,PQ,False
467,Anonymized_DeepSeek-V4-Pro,CQ,False
467,Anonymized_DeepSeek-V4-Pro,PQ,False
467,Anonymized_Llama-4-Maverick-17B-128E-Instruct-FP8,CQ,True
467,Anonymized_DeepSeek-V4-Pro,PQ,False
467,Anonymized_DeepSeek-V4-Pro,PQ,False
467,Anonymized_Llama-4-Maverick-17B-128E-Instruct-FP8,PQ,False
467,Anonymized_DeepSeek-V4-Pro,PQ,False
467,Anonymized_DeepSeek-V4-Pro,CQ,True
467,Anonymized_Llama-4-Maverick-17B-128E-Instruct-FP8,PQ,False
467,Anonymized_Llama-4-Maverick-17B-128E-Instruct-FP8,CQ,False
467,Anonymized_Llama-4-Maverick-17B-128E-Instruct-FP8,PQ,False
467,Anonymized_Llama-4-Maverick-17B-128E-Instruct-FP8,CQ,False
467,Anonymized_Llama-4-Maverick_fewshot,PQ,False
467,Anonymized_DeepSeek-V4-Pro,CQ,False
467,Anonymized_NER,CQ,True
467,Anonymized_gpt-4o,CQ,False
467,Anonymized_Llama-4-Maverick_fewshot,PQ,False
467,Anonymized_Llama-4-Maverick_fewshot,PQ,False
467,Anonymized_Llama-4-Maverick_fewshot,CQ,True
467,Anonymized_Llama-4-Maverick-17B-128E-Instruct-FP8,PQ,True
467,Anonymized_Llama-4-Maverick-17B-128E-Instruct-FP8,PQ,False
467,Anonymized_Llama-4-Maverick-17B-128E-Instruct-FP8,CQ,False
467,Anonymized_Llama-4-Maverick-17B-128E-Instruct-FP8,CQ,False
467,Anonymized_Llama-4-Maverick-17B-128E-Instruct-FP8,PQ,False
467,Anonymized_Llama-4-Maverick-17B-128E-Instruct-FP8,CQ,True
467,Anonymized_Llama-4-Maverick-17B-128E-Instruct-FP8,CQ,False
467,Anonymized_Llama-4-Maverick_fewshot,CQ,False
467,Anonymized_Llama-4-Maverick-17B-128E-Instruct-FP8,CQ,True
467,Anonymized_DeepSeek-V4-Pro,PQ,False
467,Anonymized_gpt-3.5-turbo,PQ,False
467,Anonymized_Llama-4-Maverick_fewshot,PQ,False
467,Anonymized_Llama-4-Maverick_fewshot,CQ,False
467,Anonymized_Llama-4-Maverick_fewshot,PQ,False
467,Anonymized_Llama-4-Maverick-17B-128E-Instruct-FP8,PQ,False
437,Anonymized_Llama-4-Maverick_synthetic,CQ,False
467,Anonymized_Llama-4-Maverick_fewshot,CQ,True
467,Anonymized_Llama-4-Maverick_fewshot,CQ,False
467,Anonymized_Llama-4-Maverick-17B-128E-Instruct-FP8,CQ,True
467,Anonymized_DeepSeek-V4-Pro,CQ,False
467,Anonymized_Llama-4-Maverick_fewshot,PQ,False
467,Anonymized_Llama-4-Maverick_fewshot,CQ,True
467,Anonymized_Llama-4-Maverick_fewshot,CQ,False
467,Anonymized_Llama-4-Maverick-17B-128E-Instruct-FP8,PQ,False
467,Anonymized_Llama-4-Maverick_synthetic,PQ,False
467,Anonymized_Llama-4-Maverick_fewshot,PQ,False
467,Anonymized_DeepSeek-V4-Pro,PQ,False
467,Anonymized_Llama-4-Maverick_synthetic,CQ,False
467,Anonymized_Llama-4-Maverick_synthetic,PQ,True
467,Anonymized_Llama-4-Maverick_synthetic,CQ,True
467,Anonymized_Llama-4-Maverick_fewshot,CQ,False
467,Anonymized_Llama-4-Maverick_synthetic,CQ,False
467,Anonymized_Llama-4-Maverick_synthetic,PQ,False
467,Anonymized_Llama-4-Maverick_synthetic,PQ,False
467,Anonymized_Llama-4-Maverick_synthetic,CQ,False
467,Anonymized_Llama-4-Maverick_fewshot,CQ,False
467,Anonymized_gpt-4o,PQ,False
467,Anonymized_Llama-4-Maverick_synthetic,PQ,False
467,Anonymized_Llama-4-Maverick_fewshot,CQ,True
467,Anonymized_Llama-4-Maverick_fewshot,PQ,False
467,Anonymized_Llama-4-Maverick_synthetic,PQ,False
467,Anonymized_Llama-4-Maverick_synthetic,CQ,False
467,Anonymized_Llama-4-Maverick_synthetic,PQ,False
467,Anonymized_Llama-4-Maverick_synthetic,PQ,False
467,Anonymized_Llama-4-Maverick_synthetic,CQ,True
467,Anonymized_Llama-4-Maverick_fewshot,PQ,False
467,Anonymized_Llama-4-Maverick_synthetic,CQ,True
467,Anonymized_Llama-4-Maverick_synthetic,PQ,False
506,Anonymized_gpt-3.5-turbo,PQ,False
506,Anonymized_gpt-4o,CQ,True
506,Anonymized_gpt-3.5-turbo,PQ,False
506,Anonymized_gpt-3.5-turbo,PQ,False
506,Anonymized_gpt-4o,PQ,False
506,Anonymized_gpt-3.5-turbo,CQ,False
506,Anonymized_gpt-4o,PQ,False
506,Anonymized_gpt-4o,CQ,False
506,Anonymized_gpt-4o,CQ,False
506,Anonymized_gpt-3.5-turbo,PQ,False
506,Anonymized_gpt-4o,PQ,False
506,Anonymized_gpt-4o,PQ,False
506,Anonymized_gpt-4o,PQ,False
506,Anonymized_gpt-3.5-turbo,CQ,True
506,Anonymized_gpt-3.5-turbo,CQ,True
506,Anonymized_gpt-3.5-turbo,PQ,False
467,Anonymized_Llama-4-Maverick_fewshot,PQ,False
506,Anonymized_gpt-3.5-turbo,CQ,False
467,Anonymized_Llama-4-Maverick_synthetic,PQ,False
467,Anonymized_Llama-4-Maverick-17B-128E-Instruct-FP8,PQ,False
506,Anonymized_gpt-3.5-turbo,PQ,True
506,Anonymized_gpt-4o,CQ,True
506,Anonymized_gpt-3.5-turbo,PQ,False
506,Anonymized_gpt-3.5-turbo,CQ,False
506,Anonymized_gpt-3.5-turbo,PQ,False
506,Anonymized_gpt-4o,CQ,True
506,Anonymized_gpt-4o,PQ,False
506,Anonymized_gpt-3.5-turbo,CQ,False
506,Anonymized_NER,CQ,True
506,Anonymized_gpt-4o,PQ,False
506,Anonymized_gpt-4o,PQ,False
506,Anonymized_gpt-4o,PQ,False
506,Anonymized_NER,CQ,True
506,Anonymized_NER,PQ,False
506,Anonymized_gpt-4o,CQ,True
506,Anonymized_gpt-3.5-turbo,CQ,True
506,Anonymized_NER,CQ,True
506,Anonymized_gpt-4o,CQ,False
506,Anonymized_NER,PQ,False
506,Anonymized_gpt-4o,CQ,False
506,Anonymized_NER,CQ,False
506,Anonymized_NER,PQ,True
506,Anonymized_NER,CQ,False
506,Anonymized_gpt-4o,CQ,False
506,Anonymized_DeepSeek-V4-Pro,CQ,True
506,Anonymized_NER,CQ,False
506,Anonymized_DeepSeek-V4-Pro,CQ,True
506,Anonymized_NER,PQ,False
506,Anonymized_NER,PQ,False
506,Anonymized_gpt-3.5-turbo,CQ,True
506,Anonymized_NER,PQ,False
506,Anonymized_NER,PQ,False
467,Anonymized_Llama-4-Maverick_synthetic,CQ,True
506,Anonymized_NER,CQ,False
506,Anonymized_DeepSeek-V4-Pro,CQ,False
506,Anonymized_NER,PQ,True
506,Anonymized_NER,PQ,False
506,Anonymized_NER,CQ,False
506,Anonymized_DeepSeek-V4-Pro,PQ,False
506,Anonymized_NER,CQ,False
506,Anonymized_gpt-4o,PQ,True
506,Anonymized_DeepSeek-V4-Pro,CQ,True
506,Anonymized_DeepSeek-V4-Pro,CQ,True
506,Anonymized_DeepSeek-V4-Pro,PQ,True
506,Anonymized_NER,CQ,True
506,Anonymized_DeepSeek-V4-Pro,PQ,True
506,Anonymized_DeepSeek-V4-Pro,PQ,False
506,Anonymized_Llama-4-Maverick-17B-128E-Instruct-FP8,PQ,False
506,Anonymized_Llama-4-Maverick-17B-128E-Instruct-FP8,CQ,True
506,Anonymized_DeepSeek-V4-Pro,PQ,False
506,Anonymized_DeepSeek-V4-Pro,PQ,False
506,Anonymized_NER,PQ,False
506,Anonymized_DeepSeek-V4-Pro,CQ,False
506,Anonymized_Llama-4-Maverick-17B-128E-Instruct-FP8,PQ,False
506,Anonymized_Llama-4-Maverick-17B-128E-Instruct-FP8,CQ,False
506,Anonymized_Llama-4-Maverick-17B-128E-Instruct-FP8,PQ,False
506,Anonymized_Llama-4-Maverick-17B-128E-Instruct-FP8,CQ,True
506,Anonymized_DeepSeek-V4-Pro,CQ,False
506,Anonymized_DeepSeek-V4-Pro,CQ,False
467,Anonymized_Llama-4-Maverick_synthetic,CQ,False
506,Anonymized_Llama-4-Maverick-17B-128E-Instruct-FP8,PQ,False
506,Anonymized_Llama-4-Maverick-17B-128E-Instruct-FP8,CQ,True
506,Anonymized_Llama-4-Maverick-17B-128E-Instruct-FP8,CQ,True
506,Anonymized_DeepSeek-V4-Pro,PQ,False
506,Anonymized_Llama-4-Maverick-17B-128E-Instruct-FP8,CQ,False
506,Anonymized_gpt-4o,CQ,False
506,Anonymized_Llama-4-Maverick-17B-128E-Instruct-FP8,CQ,False
506,Anonymized_Llama-4-Maverick-17B-128E-Instruct-FP8,PQ,False
506,Anonymized_Llama-4-Maverick-17B-128E-Instruct-FP8,PQ,False
506,Anonymized_Llama-4-Maverick_fewshot,PQ,True
506,Anonymized_DeepSeek-V4-Pro,PQ,True
506,Anonymized_Llama-4-Maverick_fewshot,PQ,False
506,Anonymized_Llama-4-Maverick_fewshot,CQ,False
506,Anonymized_Llama-4-Maverick-17B-128E-Instruct-FP8,PQ,False
506,Anonymized_Llama-4-Maverick-17B-128E-Instruct-FP8,PQ,False
506,Anonymized_Llama-4-Maverick_fewshot,CQ,True
506,Anonymized_Llama-4-Maverick_fewshot,PQ,False
506,Anonymized_Llama-4-Maverick_fewshot,CQ,True
506,Anonymized_Llama-4-Maverick-17B-128E-Instruct-FP8,CQ,False
506,Anonymized_Llama-4-Maverick-17B-128E-Instruct-FP8,CQ,True
506,Anonymized_gpt-3.5-turbo,PQ,False
506,Anonymized_Llama-4-Maverick_fewshot,PQ,False
506,Anonymized_DeepSeek-V4-Pro,PQ,False
506,Anonymized_Llama-4-Maverick_fewshot,PQ,False
506,Anonymized_Llama-4-Maverick_fewshot,CQ,False
506,Anonymized_Llama-4-Maverick_fewshot,CQ,False
506,Anonymized_Llama-4-Maverick_fewshot,PQ,False
506,Anonymized_Llama-4-Maverick_fewshot,CQ,True
506,Anonymized_Llama-4-Maverick_fewshot,CQ,False
506,Anonymized_Llama-4-Maverick_fewshot,PQ,False
506,Anonymized_Llama-4-Maverick_fewshot,PQ,False
506,Anonymized_Llama-4-Maverick-17B-128E-Instruct-FP8,CQ,False
506,Anonymized_Llama-4-Maverick_synthetic,CQ,True
506,Anonymized_Llama-4-Maverick_synthetic,CQ,True
506,Anonymized_Llama-4-Maverick-17B-128E-Instruct-FP8,PQ,False
506,Anonymized_Llama-4-Maverick_synthetic,PQ,False
506,Anonymized_DeepSeek-V4-Pro,CQ,False
506,Anonymized_Llama-4-Maverick_fewshot,PQ,False
506,Anonymized_Llama-4-Maverick_synthetic,PQ,False
506,Anonymized_Llama-4-Maverick_fewshot,CQ,True
506,Anonymized_Llama-4-Maverick_fewshot,CQ,False
506,Anonymized_DeepSeek-V4-Pro,CQ,False
506,Anonymized_Llama-4-Maverick_synthetic,PQ,False
506,Anonymized_Llama-4-Maverick-17B-128E-Instruct-FP8,PQ,False
506,Anonymized_Llama-4-Maverick_synthetic,CQ,False
506,Anonymized_Llama-4-Maverick_synthetic,PQ,False
506,Anonymized_Llama-4-Maverick_fewshot,CQ,False
506,Anonymized_Llama-4-Maverick_synthetic,CQ,False
506,Anonymized_Llama-4-Maverick_fewshot,PQ,False
506,Anonymized_Llama-4-Maverick_synthetic,PQ,False
506,Anonymized_Llama-4-Maverick_synthetic,PQ,False
506,Anonymized_DeepSeek-V4-Pro,PQ,False
506,Anonymized_Llama-4-Maverick_synthetic,PQ,False
506,Anonymized_Llama-4-Maverick_synthetic,CQ,True
506,Anonymized_Llama-4-Maverick_synthetic,CQ,False
506,Anonymized_Llama-4-Maverick_synthetic,CQ,True
506,Anonymized_Llama-4-Maverick_synthetic,PQ,True
506,Anonymized_Llama-4-Maverick_synthetic,CQ,False
506,Anonymized_Llama-4-Maverick_synthetic,PQ,False
506,Anonymized_Llama-4-Maverick_synthetic,PQ,True
518,Anonymized_gpt-3.5-turbo,PQ,False
506,Anonymized_Llama-4-Maverick_synthetic,CQ,False
506,Anonymized_Llama-4-Maverick_synthetic,CQ,False
518,Anonymized_gpt-3.5-turbo,PQ,False
518,Anonymized_gpt-3.5-turbo,PQ,False
518,Anonymized_gpt-3.5-turbo,CQ,False
518,Anonymized_gpt-3.5-turbo,CQ,False
518,Anonymized_gpt-3.5-turbo,PQ,False
518,Anonymized_gpt-3.5-turbo,PQ,False
518,Anonymized_gpt-3.5-turbo,PQ,False
518,Anonymized_gpt-3.5-turbo,CQ,True
518,Anonymized_gpt-3.5-turbo,PQ,False
518,Anonymized_gpt-3.5-turbo,CQ,False
518,Anonymized_gpt-3.5-turbo,CQ,False
518,Anonymized_gpt-4o,PQ,False
518,Anonymized_gpt-4o,PQ,True
518,Anonymized_gpt-3.5-turbo,PQ,False
518,Anonymized_gpt-3.5-turbo,PQ,False
518,Anonymized_gpt-3.5-turbo,PQ,False
518,Anonymized_gpt-3.5-turbo,CQ,False
518,Anonymized_gpt-4o,CQ,True
518,Anonymized_gpt-4o,CQ,False
518,Anonymized_gpt-4o,PQ,False
518,Anonymized_gpt-3.5-turbo,CQ,False
518,Anonymized_NER,PQ,False
518,Anonymized_gpt-4o,CQ,True
518,Anonymized_gpt-3.5-turbo,CQ,False
518,Anonymized_gpt-4o,PQ,False
518,Anonymized_gpt-4o,PQ,False
518,Anonymized_gpt-4o,PQ,False
518,Anonymized_gpt-4o,CQ,False
518,Anonymized_gpt-4o,PQ,False
518,Anonymized_gpt-4o,CQ,False
518,Anonymized_NER,CQ,False
518,Anonymized_gpt-4o,CQ,False
518,Anonymized_gpt-3.5-turbo,CQ,True
518,Anonymized_NER,CQ,False
518,Anonymized_NER,PQ,False
518,Anonymized_NER,PQ,False
518,Anonymized_gpt-4o,CQ,False
518,Anonymized_gpt-4o,CQ,False
518,Anonymized_NER,PQ,False
518,Anonymized_gpt-4o,PQ,False
518,Anonymized_NER,PQ,False
518,Anonymized_NER,CQ,False
518,Anonymized_gpt-4o,PQ,False
518,Anonymized_DeepSeek-V4-Pro,CQ,False
518,Anonymized_NER,CQ,False
518,Anonymized_gpt-4o,CQ,False
518,Anonymized_gpt-4o,CQ,True
518,Anonymized_NER,CQ,False
518,Anonymized_NER,PQ,False
518,Anonymized_gpt-4o,PQ,False
518,Anonymized_DeepSeek-V4-Pro,CQ,True
518,Anonymized_NER,CQ,False
518,Anonymized_NER,PQ,False
518,Anonymized_NER,PQ,False
518,Anonymized_DeepSeek-V4-Pro,PQ,False
518,Anonymized_DeepSeek-V4-Pro,CQ,True
518,Anonymized_NER,CQ,True
518,Anonymized_DeepSeek-V4-Pro,CQ,False
518,Anonymized_DeepSeek-V4-Pro,PQ,False
518,Anonymized_DeepSeek-V4-Pro,PQ,False
518,Anonymized_NER,PQ,False
518,Anonymized_DeepSeek-V4-Pro,PQ,False
518,Anonymized_DeepSeek-V4-Pro,PQ,False
518,Anonymized_DeepSeek-V4-Pro,PQ,True
518,Anonymized_DeepSeek-V4-Pro,PQ,False
518,Anonymized_DeepSeek-V4-Pro,CQ,False
518,Anonymized_DeepSeek-V4-Pro,CQ,False
518,Anonymized_NER,CQ,False
518,Anonymized_NER,CQ,False
518,Anonymized_NER,CQ,True
518,Anonymized_DeepSeek-V4-Pro,CQ,False
518,Anonymized_Llama-4-Maverick-17B-128E-Instruct-FP8,CQ,True
518,Anonymized_Llama-4-Maverick-17B-128E-Instruct-FP8,CQ,False
518,Anonymized_Llama-4-Maverick-17B-128E-Instruct-FP8,PQ,False
518,Anonymized_DeepSeek-V4-Pro,CQ,True
518,Anonymized_DeepSeek-V4-Pro,CQ,False
518,Anonymized_NER,PQ,False
518,Anonymized_Llama-4-Maverick-17B-128E-Instruct-FP8,PQ,False
518,Anonymized_Llama-4-Maverick-17B-128E-Instruct-FP8,CQ,True
518,Anonymized_Llama-4-Maverick-17B-128E-Instruct-FP8,CQ,False
518,Anonymized_gpt-3.5-turbo,CQ,False
518,Anonymized_Llama-4-Maverick-17B-128E-Instruct-FP8,CQ,True
518,Anonymized_Llama-4-Maverick-17B-128E-Instruct-FP8,CQ,False
518,Anonymized_Llama-4-Maverick-17B-128E-Instruct-FP8,CQ,False
518,Anonymized_Llama-4-Maverick-17B-128E-Instruct-FP8,PQ,False
518,Anonymized_Llama-4-Maverick-17B-128E-Instruct-FP8,PQ,False
518,Anonymized_Llama-4-Maverick_fewshot,PQ,False
518,Anonymized_Llama-4-Maverick-17B-128E-Instruct-FP8,PQ,False
518,Anonymized_Llama-4-Maverick_fewshot,CQ,False
518,Anonymized_Llama-4-Maverick-17B-128E-Instruct-FP8,PQ,False
518,Anonymized_DeepSeek-V4-Pro,CQ,True
518,Anonymized_Llama-4-Maverick-17B-128E-Instruct-FP8,PQ,True
518,Anonymized_Llama-4-Maverick_fewshot,PQ,False
518,Anonymized_Llama-4-Maverick-17B-128E-Instruct-FP8,PQ,False
518,Anonymized_DeepSeek-V4-Pro,PQ,False
518,Anonymized_Llama-4-Maverick-17B-128E-Instruct-FP8,CQ,False
518,Anonymized_Llama-4-Maverick_fewshot,CQ,True
518,Anonymized_Llama-4-Maverick-17B-128E-Instruct-FP8,CQ,True
518,Anonymized_Llama-4-Maverick_fewshot,CQ,True
518,Anonymized_Llama-4-Maverick_fewshot,PQ,False
518,Anonymized_Llama-4-Maverick_fewshot,PQ,False
518,Anonymized_DeepSeek-V4-Pro,PQ,False
518,Anonymized_Llama-4-Maverick-17B-128E-Instruct-FP8,PQ,False
518,Anonymized_Llama-4-Maverick_synthetic,PQ,True
518,Anonymized_Llama-4-Maverick-17B-128E-Instruct-FP8,CQ,False
518,Anonymized_Llama-4-Maverick_fewshot,PQ,False
518,Anonymized_Llama-4-Maverick_fewshot,PQ,True
518,Anonymized_Llama-4-Maverick_synthetic,PQ,False
518,Anonymized_Llama-4-Maverick_fewshot,CQ,True
518,Anonymized_Llama-4-Maverick_synthetic,CQ,True
518,Anonymized_Llama-4-Maverick_synthetic,CQ,False
518,Anonymized_Llama-4-Maverick_synthetic,CQ,False
518,Anonymized_Llama-4-Maverick_fewshot,CQ,False
518,Anonymized_Llama-4-Maverick_fewshot,PQ,False
518,Anonymized_Llama-4-Maverick_fewshot,CQ,False
518,Anonymized_Llama-4-Maverick_synthetic,CQ,True
518,Anonymized_Llama-4-Maverick_fewshot,CQ,False
518,Anonymized_Llama-4-Maverick_synthetic,CQ,False
518,Anonymized_DeepSeek-V4-Pro,PQ,False
518,Anonymized_Llama-4-Maverick_synthetic,CQ,False
518,Anonymized_Llama-4-Maverick_fewshot,PQ,False
518,Anonymized_Llama-4-Maverick_synthetic,PQ,False
518,Anonymized_Llama-4-Maverick_synthetic,PQ,False
518,Anonymized_Llama-4-Maverick_fewshot,CQ,False
518,Anonymized_Llama-4-Maverick_synthetic,CQ,False
518,Anonymized_Llama-4-Maverick_synthetic,CQ,False
518,Anonymized_Llama-4-Maverick_fewshot,CQ,True
518,Anonymized_Llama-4-Maverick_synthetic,PQ,False
518,Anonymized_Llama-4-Maverick_synthetic,CQ,False
528,Anonymized_gpt-3.5-turbo,CQ,True
518,Anonymized_Llama-4-Maverick_synthetic,PQ,False
518,Anonymized_Llama-4-Maverick_fewshot,CQ,False
528,Anonymized_gpt-3.5-turbo,CQ,False
528,Anonymized_gpt-3.5-turbo,PQ,False
528,Anonymized_gpt-3.5-turbo,PQ,False
528,Anonymized_gpt-3.5-turbo,CQ,False
528,Anonymized_gpt-3.5-turbo,PQ,False
528,Anonymized_gpt-3.5-turbo,CQ,False
528,Anonymized_gpt-3.5-turbo,PQ,False
518,Anonymized_Llama-4-Maverick_synthetic,PQ,False
518,Anonymized_Llama-4-Maverick_fewshot,PQ,False
518,Anonymized_Llama-4-Maverick_synthetic,PQ,False
518,Anonymized_Llama-4-Maverick-17B-128E-Instruct-FP8,PQ,False
528,Anonymized_gpt-3.5-turbo,PQ,False
528,Anonymized_gpt-4o,CQ,False
528,Anonymized_gpt-4o,PQ,False
528,Anonymized_gpt-4o,PQ,False
528,Anonymized_gpt-4o,CQ,False
518,Anonymized_Llama-4-Maverick_synthetic,PQ,False
528,Anonymized_gpt-3.5-turbo,PQ,False
528,Anonymized_gpt-3.5-turbo,CQ,False
528,Anonymized_gpt-3.5-turbo,CQ,True
506,Anonymized_gpt-3.5-turbo,CQ,False
528,Anonymized_gpt-4o,CQ,False
528,Anonymized_gpt-3.5-turbo,PQ,False
528,Anonymized_gpt-4o,PQ,True
528,Anonymized_gpt-3.5-turbo,CQ,False
518,Anonymized_Llama-4-Maverick_synthetic,PQ,False
528,Anonymized_gpt-4o,PQ,False
528,Anonymized_gpt-3.5-turbo,PQ,False
528,Anonymized_gpt-4o,CQ,False
528,Anonymized_NER,CQ,False
528,Anonymized_gpt-4o,PQ,False
528,Anonymized_gpt-4o,PQ,False
528,Anonymized_NER,CQ,False
528,Anonymized_gpt-4o,CQ,False
528,Anonymized_gpt-3.5-turbo,CQ,False
518,Anonymized_Llama-4-Maverick_synthetic,CQ,False
528,Anonymized_NER,CQ,False
528,Anonymized_NER,PQ,False
528,Anonymized_NER,CQ,False
528,Anonymized_NER,CQ,True
528,Anonymized_gpt-4o,CQ,True
528,Anonymized_gpt-3.5-turbo,PQ,False
528,Anonymized_NER,PQ,False
528,Anonymized_NER,PQ,True
518,Anonymized_Llama-4-Maverick_fewshot,PQ,False
528,Anonymized_gpt-4o,PQ,False
528,Anonymized_NER,PQ,False
528,Anonymized_NER,PQ,False
528,Anonymized_gpt-4o,PQ,False
528,Anonymized_DeepSeek-V4-Pro,PQ,False
528,Anonymized_DeepSeek-V4-Pro,PQ,False
528,Anonymized_NER,PQ,False
528,Anonymized_gpt-3.5-turbo,CQ,False
528,Anonymized_gpt-4o,CQ,False
528,Anonymized_NER,PQ,False
528,Anonymized_DeepSeek-V4-Pro,CQ,False
528,Anonymized_NER,PQ,False
528,Anonymized_DeepSeek-V4-Pro,CQ,False
528,Anonymized_NER,CQ,True
528,Anonymized_gpt-4o,CQ,True
528,Anonymized_gpt-3.5-turbo,CQ,True
528,Anonymized_DeepSeek-V4-Pro,CQ,False
528,Anonymized_NER,CQ,False
528,Anonymized_DeepSeek-V4-Pro,PQ,True
528,Anonymized_NER,CQ,True
528,Anonymized_Llama-4-Maverick-17B-128E-Instruct-FP8,PQ,False
528,Anonymized_NER,PQ,True
528,Anonymized_DeepSeek-V4-Pro,PQ,False
528,Anonymized_DeepSeek-V4-Pro,CQ,False
528,Anonymized_Llama-4-Maverick-17B-128E-Instruct-FP8,CQ,False
528,Anonymized_Llama-4-Maverick-17B-128E-Instruct-FP8,PQ,False
528,Anonymized_NER,PQ,False
528,Anonymized_DeepSeek-V4-Pro,CQ,False
528,Anonymized_DeepSeek-V4-Pro,CQ,True
528,Anonymized_DeepSeek-V4-Pro,CQ,False
528,Anonymized_Llama-4-Maverick-17B-128E-Instruct-FP8,PQ,False
528,Anonymized_gpt-3.5-turbo,PQ,False
528,Anonymized_gpt-4o,PQ,False
528,Anonymized_DeepSeek-V4-Pro,PQ,False
528,Anonymized_DeepSeek-V4-Pro,CQ,False
528,Anonymized_DeepSeek-V4-Pro,PQ,False
528,Anonymized_Llama-4-Maverick-17B-128E-Instruct-FP8,PQ,False
528,Anonymized_DeepSeek-V4-Pro,PQ,False
528,Anonymized_DeepSeek-V4-Pro,CQ,False
528,Anonymized_DeepSeek-V4-Pro,CQ,True
528,Anonymized_Llama-4-Maverick-17B-128E-Instruct-FP8,CQ,False
528,Anonymized_Llama-4-Maverick-17B-128E-Instruct-FP8,PQ,False
528,Anonymized_Llama-4-Maverick-17B-128E-Instruct-FP8,CQ,True
528,Anonymized_Llama-4-Maverick_fewshot,PQ,False
528,Anonymized_gpt-4o,CQ,True
528,Anonymized_Llama-4-Maverick-17B-128E-Instruct-FP8,PQ,False
528,Anonymized_Llama-4-Maverick-17B-128E-Instruct-FP8,CQ,False
528,Anonymized_Llama-4-Maverick_fewshot,PQ,False
528,Anonymized_Llama-4-Maverick_fewshot,PQ,True
528,Anonymized_NER,CQ,False
528,Anonymized_gpt-4o,CQ,False
528,Anonymized_Llama-4-Maverick_fewshot,CQ,False
528,Anonymized_DeepSeek-V4-Pro,PQ,False
528,Anonymized_Llama-4-Maverick-17B-128E-Instruct-FP8,PQ,False
528,Anonymized_gpt-4o,PQ,False
528,Anonymized_Llama-4-Maverick_fewshot,CQ,False
528,Anonymized_DeepSeek-V4-Pro,PQ,False
528,Anonymized_Llama-4-Maverick-17B-128E-Instruct-FP8,PQ,False
528,Anonymized_Llama-4-Maverick_fewshot,PQ,False
528,Anonymized_Llama-4-Maverick_fewshot,CQ,False
528,Anonymized_Llama-4-Maverick_fewshot,CQ,True
528,Anonymized_Llama-4-Maverick_fewshot,PQ,False
528,Anonymized_Llama-4-Maverick-17B-128E-Instruct-FP8,CQ,False
528,Anonymized_Llama-4-Maverick_fewshot,CQ,False
528,Anonymized_Llama-4-Maverick-17B-128E-Instruct-FP8,CQ,False
528,Anonymized_Llama-4-Maverick_fewshot,PQ,False
528,Anonymized_DeepSeek-V4-Pro,PQ,False
528,Anonymized_Llama-4-Maverick_fewshot,CQ,False
528,Anonymized_Llama-4-Maverick_synthetic,CQ,False
528,Anonymized_Llama-4-Maverick_fewshot,CQ,True
528,Anonymized_Llama-4-Maverick-17B-128E-Instruct-FP8,PQ,False
528,Anonymized_Llama-4-Maverick_synthetic,CQ,False
528,Anonymized_Llama-4-Maverick_fewshot,CQ,False
528,Anonymized_Llama-4-Maverick_fewshot,PQ,False
528,Anonymized_Llama-4-Maverick_fewshot,PQ,False
528,Anonymized_Llama-4-Maverick_synthetic,CQ,False
528,Anonymized_Llama-4-Maverick_synthetic,CQ,True
528,Anonymized_Llama-4-Maverick_synthetic,CQ,False
528,Anonymized_Llama-4-Maverick_synthetic,PQ,False
528,Anonymized_NER,CQ,False
528,Anonymized_Llama-4-Maverick_fewshot,CQ,True
528,Anonymized_Llama-4-Maverick-17B-128E-Instruct-FP8,CQ,True
528,Anonymized_Llama-4-Maverick-17B-128E-Instruct-FP8,CQ,False
528,Anonymized_Llama-4-Maverick_fewshot,PQ,False
528,Anonymized_Llama-4-Maverick_fewshot,CQ,True
528,Anonymized_Llama-4-Maverick-17B-128E-Instruct-FP8,CQ,False
528,Anonymized_Llama-4-Maverick_synthetic,CQ,False
528,Anonymized_Llama-4-Maverick_synthetic,CQ,True
528,Anonymized_Llama-4-Maverick_synthetic,PQ,False
528,Anonymized_Llama-4-Maverick_synthetic,PQ,False
506,Anonymized_gpt-3.5-turbo,PQ,False
528,Anonymized_Llama-4-Maverick_synthetic,PQ,True
528,Anonymized_Llama-4-Maverick_synthetic,PQ,False
528,Anonymized_Llama-4-Maverick_synthetic,PQ,False
535,Anonymized_gpt-3.5-turbo,PQ,False
535,Anonymized_gpt-3.5-turbo,CQ,False
528,Anonymized_Llama-4-Maverick_synthetic,CQ,False
535,Anonymized_gpt-3.5-turbo,CQ,False
535,Anonymized_gpt-3.5-turbo,PQ,False
528,Anonymized_Llama-4-Maverick-17B-128E-Instruct-FP8,PQ,False
535,Anonymized_gpt-3.5-turbo,PQ,False
535,Anonymized_gpt-3.5-turbo,CQ,True
535,Anonymized_gpt-3.5-turbo,CQ,True
528,Anonymized_Llama-4-Maverick_synthetic,PQ,False
535,Anonymized_gpt-3.5-turbo,PQ,False
528,Anonymized_Llama-4-Maverick_synthetic,CQ,True
528,Anonymized_Llama-4-Maverick_synthetic,PQ,False
535,Anonymized_gpt-3.5-turbo,CQ,False
535,Anonymized_gpt-4o,PQ,False
535,Anonymized_gpt-4o,CQ,False
535,Anonymized_gpt-3.5-turbo,CQ,False
535,Anonymized_gpt-4o,PQ,False
528,Anonymized_Llama-4-Maverick_synthetic,PQ,False
535,Anonymized_gpt-3.5-turbo,CQ,False
535,Anonymized_gpt-4o,CQ,False
535,Anonymized_gpt-3.5-turbo,PQ,False
535,Anonymized_gpt-3.5-turbo,PQ,False
535,Anonymized_gpt-4o,CQ,False
535,Anonymized_gpt-3.5-turbo,PQ,False
535,Anonymized_gpt-4o,PQ,False
535,Anonymized_gpt-3.5-turbo,PQ,False
535,Anonymized_gpt-4o,CQ,False
528,Anonymized_Llama-4-Maverick_synthetic,PQ,False
528,Anonymized_Llama-4-Maverick_synthetic,CQ,False
535,Anonymized_NER,PQ,False
535,Anonymized_gpt-3.5-turbo,CQ,True
535,Anonymized_NER,PQ,False
535,Anonymized_gpt-3.5-turbo,PQ,False
535,Anonymized_NER,PQ,False
535,Anonymized_gpt-3.5-turbo,CQ,False
535,Anonymized_gpt-4o,PQ,False
535,Anonymized_gpt-4o,PQ,False
535,Anonymized_gpt-3.5-turbo,PQ,False
535,Anonymized_gpt-4o,PQ,False
535,Anonymized_NER,CQ,False
535,Anonymized_NER,PQ,False
535,Anonymized_NER,CQ,False
535,Anonymized_NER,CQ,False
535,Anonymized_gpt-4o,CQ,False
528,Anonymized_Llama-4-Maverick-17B-128E-Instruct-FP8,CQ,True
535,Anonymized_gpt-4o,CQ,False
535,Anonymized_DeepSeek-V4-Pro,PQ,False
535,Anonymized_gpt-4o,PQ,False
535,Anonymized_NER,CQ,False
535,Anonymized_gpt-4o,PQ,False
535,Anonymized_NER,PQ,False
535,Anonymized_gpt-4o,CQ,False
528,Anonymized_Llama-4-Maverick_fewshot,PQ,False
535,Anonymized_gpt-4o,CQ,False
535,Anonymized_NER,CQ,False
535,Anonymized_gpt-4o,CQ,True
535,Anonymized_DeepSeek-V4-Pro,PQ,False
535,Anonymized_DeepSeek-V4-Pro,CQ,False
535,Anonymized_NER,CQ,False
535,Anonymized_NER,CQ,True
535,Anonymized_gpt-4o,PQ,False
535,Anonymized_DeepSeek-V4-Pro,CQ,False
535,Anonymized_DeepSeek-V4-Pro,CQ,False
535,Anonymized_DeepSeek-V4-Pro,CQ,True
535,Anonymized_DeepSeek-V4-Pro,PQ,False
535,Anonymized_DeepSeek-V4-Pro,CQ,False
535,Anonymized_NER,PQ,False
535,Anonymized_NER,PQ,False
535,Anonymized_NER,CQ,False
535,Anonymized_DeepSeek-V4-Pro,PQ,False
535,Anonymized_Llama-4-Maverick-17B-128E-Instruct-FP8,CQ,False
535,Anonymized_DeepSeek-V4-Pro,PQ,False
535,Anonymized_DeepSeek-V4-Pro,PQ,False
535,Anonymized_Llama-4-Maverick-17B-128E-Instruct-FP8,PQ,False
535,Anonymized_Llama-4-Maverick-17B-128E-Instruct-FP8,CQ,False
535,Anonymized_DeepSeek-V4-Pro,PQ,False
535,Anonymized_DeepSeek-V4-Pro,PQ,False
535,Anonymized_Llama-4-Maverick-17B-128E-Instruct-FP8,PQ,False
535,Anonymized_gpt-4o,PQ,False
535,Anonymized_DeepSeek-V4-Pro,PQ,False
535,Anonymized_NER,PQ,False
535,Anonymized_Llama-4-Maverick-17B-128E-Instruct-FP8,CQ,True
535,Anonymized_Llama-4-Maverick-17B-128E-Instruct-FP8,PQ,False
535,Anonymized_Llama-4-Maverick-17B-128E-Instruct-FP8,CQ,False
535,Anonymized_NER,PQ,False
535,Anonymized_Llama-4-Maverick_fewshot,PQ,False
535,Anonymized_Llama-4-Maverick-17B-128E-Instruct-FP8,PQ,False
535,Anonymized_Llama-4-Maverick_fewshot,CQ,True
535,Anonymized_Llama-4-Maverick-17B-128E-Instruct-FP8,PQ,False
535,Anonymized_DeepSeek-V4-Pro,CQ,False
535,Anonymized_NER,CQ,False
535,Anonymized_Llama-4-Maverick-17B-128E-Instruct-FP8,CQ,False
535,Anonymized_Llama-4-Maverick-17B-128E-Instruct-FP8,CQ,True
535,Anonymized_Llama-4-Maverick-17B-128E-Instruct-FP8,PQ,False
535,Anonymized_gpt-4o,CQ,True
535,Anonymized_DeepSeek-V4-Pro,CQ,False
535,Anonymized_DeepSeek-V4-Pro,CQ,False
535,Anonymized_Llama-4-Maverick-17B-128E-Instruct-FP8,PQ,False
535,Anonymized_Llama-4-Maverick_fewshot,PQ,False
535,Anonymized_Llama-4-Maverick_fewshot,PQ,False
535,Anonymized_NER,PQ,False
535,Anonymized_Llama-4-Maverick-17B-128E-Instruct-FP8,PQ,False
535,Anonymized_Llama-4-Maverick_fewshot,PQ,False
535,Anonymized_Llama-4-Maverick-17B-128E-Instruct-FP8,CQ,False
535,Anonymized_Llama-4-Maverick_fewshot,CQ,True
535,Anonymized_Llama-4-Maverick_synthetic,PQ,False
535,Anonymized_DeepSeek-V4-Pro,PQ,False
535,Anonymized_Llama-4-Maverick_fewshot,PQ,False
535,Anonymized_gpt-3.5-turbo,CQ,False
535,Anonymized_Llama-4-Maverick_fewshot,CQ,True
535,Anonymized_Llama-4-Maverick_fewshot,CQ,True
535,Anonymized_NER,CQ,False
535,Anonymized_Llama-4-Maverick_fewshot,CQ,False
535,Anonymized_Llama-4-Maverick_fewshot,CQ,False
535,Anonymized_Llama-4-Maverick_synthetic,PQ,False
535,Anonymized_Llama-4-Maverick_synthetic,PQ,False
535,Anonymized_Llama-4-Maverick_synthetic,CQ,False
535,Anonymized_Llama-4-Maverick-17B-128E-Instruct-FP8,PQ,False
535,Anonymized_Llama-4-Maverick_synthetic,CQ,False
535,Anonymized_Llama-4-Maverick-17B-128E-Instruct-FP8,CQ,False
535,Anonymized_DeepSeek-V4-Pro,CQ,True
535,Anonymized_Llama-4-Maverick_fewshot,CQ,False
535,Anonymized_Llama-4-Maverick_fewshot,CQ,False
535,Anonymized_Llama-4-Maverick-17B-128E-Instruct-FP8,CQ,True
535,Anonymized_Llama-4-Maverick_synthetic,CQ,False
535,Anonymized_Llama-4-Maverick_synthetic,PQ,False
535,Anonymized_Llama-4-Maverick_fewshot,CQ,False
535,Anonymized_Llama-4-Maverick_fewshot,PQ,False
535,Anonymized_Llama-4-Maverick_synthetic,CQ,False
535,Anonymized_Llama-4-Maverick-17B-128E-Instruct-FP8,CQ,False
535,Anonymized_Llama-4-Maverick_synthetic,PQ,False
535,Anonymized_Llama-4-Maverick-17B-128E-Instruct-FP8,PQ,False
535,Anonymized_Llama-4-Maverick_synthetic,CQ,True
535,Anonymized_Llama-4-Maverick_synthetic,CQ,False
535,Anonymized_Llama-4-Maverick_synthetic,PQ,False
535,Anonymized_Llama-4-Maverick_synthetic,CQ,False
535,Anonymized_DeepSeek-V4-Pro,CQ,False
535,Anonymized_Llama-4-Maverick_synthetic,CQ,True
575,Anonymized_gpt-3.5-turbo,PQ,False
535,Anonymized_Llama-4-Maverick_synthetic,PQ,False
535,Anonymized_Llama-4-Maverick_synthetic,CQ,False
535,Anonymized_Llama-4-Maverick_synthetic,PQ,False
575,Anonymized_gpt-3.5-turbo,CQ,True
575,Anonymized_gpt-3.5-turbo,PQ,False
535,Anonymized_Llama-4-Maverick_fewshot,PQ,False
575,Anonymized_gpt-3.5-turbo,PQ,False
506,Anonymized_gpt-3.5-turbo,CQ,False
575,Anonymized_gpt-3.5-turbo,CQ,False
575,Anonymized_gpt-3.5-turbo,CQ,True
575,Anonymized_gpt-4o,PQ,False
575,Anonymized_gpt-3.5-turbo,CQ,False
575,Anonymized_gpt-4o,CQ,False
575,Anonymized_gpt-3.5-turbo,PQ,False
575,Anonymized_gpt-3.5-turbo,CQ,True
575,Anonymized_gpt-3.5-turbo,CQ,False
575,Anonymized_gpt-4o,PQ,False
575,Anonymized_gpt-3.5-turbo,CQ,False
575,Anonymized_gpt-4o,CQ,False
575,Anonymized_gpt-3.5-turbo,PQ,False
575,Anonymized_gpt-3.5-turbo,PQ,False
575,Anonymized_gpt-3.5-turbo,PQ,True
575,Anonymized_gpt-4o,CQ,False
535,Anonymized_Llama-4-Maverick_synthetic,PQ,False
535,Anonymized_Llama-4-Maverick_fewshot,CQ,False
575,Anonymized_gpt-3.5-turbo,CQ,False
575,Anonymized_gpt-4o,PQ,True
575,Anonymized_gpt-4o,PQ,False
575,Anonymized_gpt-4o,CQ,True
575,Anonymized_gpt-4o,CQ,False
535,Anonymized_Llama-4-Maverick_fewshot,PQ,False
575,Anonymized_gpt-4o,PQ,False
575,Anonymized_gpt-3.5-turbo,PQ,True
575,Anonymized_gpt-3.5-turbo,PQ,False
575,Anonymized_gpt-4o,CQ,True
575,Anonymized_gpt-4o,CQ,False
575,Anonymized_gpt-4o,PQ,True
575,Anonymized_NER,CQ,False
575,Anonymized_NER,PQ,True
535,Anonymized_Llama-4-Maverick_fewshot,PQ,False
575,Anonymized_NER,CQ,True
575,Anonymized_NER,PQ,False
575,Anonymized_gpt-4o,PQ,True
575,Anonymized_gpt-4o,CQ,False
575,Anonymized_NER,CQ,True
575,Anonymized_NER,PQ,False
575,Anonymized_NER,PQ,True
575,Anonymized_NER,PQ,True
535,Anonymized_Llama-4-Maverick_synthetic,CQ,False
575,Anonymized_DeepSeek-V4-Pro,CQ,False
575,Anonymized_NER,CQ,False
575,Anonymized_gpt-4o,CQ,True
575,Anonymized_gpt-3.5-turbo,CQ,True
575,Anonymized_NER,PQ,False
575,Anonymized_NER,CQ,False
575,Anonymized_gpt-4o,CQ,False
575,Anonymized_DeepSeek-V4-Pro,CQ,False
575,Anonymized_NER,CQ,False
575,Anonymized_DeepSeek-V4-Pro,CQ,False
575,Anonymized_DeepSeek-V4-Pro,CQ,True
575,Anonymized_DeepSeek-V4-Pro,PQ,True
575,Anonymized_gpt-4o,PQ,False
575,Anonymized_DeepSeek-V4-Pro,PQ,True
575,Anonymized_NER,CQ,True
575,Anonymized_DeepSeek-V4-Pro,PQ,False
575,Anonymized_gpt-3.5-turbo,PQ,False
535,Anonymized_Llama-4-Maverick_fewshot,PQ,False
575,Anonymized_DeepSeek-V4-Pro,PQ,False
575,Anonymized_gpt-4o,PQ,False
575,Anonymized_Llama-4-Maverick-17B-128E-Instruct-FP8,PQ,False
575,Anonymized_NER,PQ,False
535,Anonymized_Llama-4-Maverick_synthetic,PQ,False
575,Anonymized_NER,CQ,False
575,Anonymized_DeepSeek-V4-Pro,PQ,False
575,Anonymized_Llama-4-Maverick-17B-128E-Instruct-FP8,CQ,False
575,Anonymized_DeepSeek-V4-Pro,PQ,True
575,Anonymized_DeepSeek-V4-Pro,CQ,True
575,Anonymized_DeepSeek-V4-Pro,PQ,False
575,Anonymized_Llama-4-Maverick-17B-128E-Instruct-FP8,CQ,True
575,Anonymized_gpt-3.5-turbo,CQ,False
575,Anonymized_Llama-4-Maverick-17B-128E-Instruct-FP8,CQ,True
575,Anonymized_Llama-4-Maverick-17B-128E-Instruct-FP8,PQ,False
575,Anonymized_DeepSeek-V4-Pro,PQ,False
575,Anonymized_Llama-4-Maverick-17B-128E-Instruct-FP8,CQ,False
575,Anonymized_Llama-4-Maverick-17B-128E-Instruct-FP8,CQ,False
575,Anonymized_NER,PQ,True
575,Anonymized_NER,PQ,False
575,Anonymized_Llama-4-Maverick-17B-128E-Instruct-FP8,PQ,False
575,Anonymized_DeepSeek-V4-Pro,CQ,False
575,Anonymized_Llama-4-Maverick-17B-128E-Instruct-FP8,CQ,False
575,Anonymized_Llama-4-Maverick-17B-128E-Instruct-FP8,PQ,False
575,Anonymized_Llama-4-Maverick-17B-128E-Instruct-FP8,PQ,False
575,Anonymized_gpt-4o,PQ,True
575,Anonymized_Llama-4-Maverick-17B-128E-Instruct-FP8,CQ,False
575,Anonymized_Llama-4-Maverick_fewshot,PQ,False
575,Anonymized_Llama-4-Maverick_fewshot,CQ,False
575,Anonymized_Llama-4-Maverick_fewshot,PQ,False
575,Anonymized_Llama-4-Maverick_fewshot,CQ,False
575,Anonymized_DeepSeek-V4-Pro,CQ,False
575,Anonymized_Llama-4-Maverick_fewshot,PQ,False
575,Anonymized_Llama-4-Maverick_fewshot,CQ,True
575,Anonymized_Llama-4-Maverick_fewshot,PQ,False
575,Anonymized_Llama-4-Maverick-17B-128E-Instruct-FP8,PQ,False
575,Anonymized_Llama-4-Maverick-17B-128E-Instruct-FP8,PQ,False
575,Anonymized_Llama-4-Maverick_fewshot,PQ,False
575,Anonymized_Llama-4-Maverick-17B-128E-Instruct-FP8,PQ,False
575,Anonymized_DeepSeek-V4-Pro,PQ,True
575,Anonymized_DeepSeek-V4-Pro,CQ,True
575,Anonymized_Llama-4-Maverick-17B-128E-Instruct-FP8,PQ,False
575,Anonymized_Llama-4-Maverick_fewshot,PQ,False
575,Anonymized_Llama-4-Maverick-17B-128E-Instruct-FP8,CQ,False
575,Anonymized_Llama-4-Maverick_synthetic,CQ,True
575,Anonymized_Llama-4-Maverick_fewshot,CQ,True
575,Anonymized_Llama-4-Maverick_fewshot,PQ,True
575,Anonymized_Llama-4-Maverick-17B-128E-Instruct-FP8,PQ,True
575,Anonymized_NER,PQ,False
575,Anonymized_Llama-4-Maverick_fewshot,CQ,True
575,Anonymized_Llama-4-Maverick_synthetic,PQ,True
575,Anonymized_Llama-4-Maverick_synthetic,PQ,False
575,Anonymized_Llama-4-Maverick_fewshot,CQ,False
575,Anonymized_Llama-4-Maverick_fewshot,CQ,False
575,Anonymized_Llama-4-Maverick-17B-128E-Instruct-FP8,CQ,True
575,Anonymized_Llama-4-Maverick_synthetic,CQ,False
575,Anonymized_Llama-4-Maverick_synthetic,CQ,True
575,Anonymized_Llama-4-Maverick_fewshot,PQ,False
575,Anonymized_Llama-4-Maverick_fewshot,CQ,True
575,Anonymized_Llama-4-Maverick_fewshot,PQ,False
575,Anonymized_Llama-4-Maverick_synthetic,PQ,False
575,Anonymized_Llama-4-Maverick_synthetic,CQ,False
575,Anonymized_Llama-4-Maverick_synthetic,PQ,True
575,Anonymized_Llama-4-Maverick_synthetic,CQ,False
575,Anonymized_Llama-4-Maverick_synthetic,PQ,True
575,Anonymized_Llama-4-Maverick_synthetic,CQ,False
575,Anonymized_Llama-4-Maverick-17B-128E-Instruct-FP8,CQ,True
575,Anonymized_Llama-4-Maverick_synthetic,PQ,False
575,Anonymized_Llama-4-Maverick_synthetic,CQ,False
575,Anonymized_Llama-4-Maverick_synthetic,PQ,False
575,Anonymized_Llama-4-Maverick_synthetic,PQ,False
575,Anonymized_DeepSeek-V4-Pro,CQ,True
575,Anonymized_DeepSeek-V4-Pro,PQ,True
575,Anonymized_Llama-4-Maverick_synthetic,CQ,False
590,Anonymized_gpt-3.5-turbo,CQ,False
575,Anonymized_Llama-4-Maverick_fewshot,CQ,False
590,Anonymized_gpt-3.5-turbo,PQ,False
590,Anonymized_gpt-3.5-turbo,PQ,False
590,Anonymized_gpt-3.5-turbo,CQ,True
575,Anonymized_NER,CQ,False
575,Anonymized_Llama-4-Maverick_fewshot,PQ,True
590,Anonymized_gpt-3.5-turbo,CQ,True
590,Anonymized_gpt-3.5-turbo,PQ,False
590,Anonymized_gpt-3.5-turbo,CQ,False
575,Anonymized_Llama-4-Maverick_synthetic,PQ,False
575,Anonymized_Llama-4-Maverick_synthetic,CQ,True
590,Anonymized_gpt-3.5-turbo,CQ,False
575,Anonymized_Llama-4-Maverick_synthetic,CQ,False
590,Anonymized_gpt-3.5-turbo,PQ,False
575,Anonymized_Llama-4-Maverick_fewshot,CQ,False
575,Anonymized_Llama-4-Maverick_synthetic,PQ,True
590,Anonymized_NER,PQ,False
590,Anonymized_gpt-3.5-turbo,PQ,False
590,Anonymized_NER,CQ,False
590,Anonymized_gpt-3.5-turbo,CQ,False
590,Anonymized_NER,CQ,True
590,Anonymized_NER,PQ,False
590,Anonymized_gpt-3.5-turbo,PQ,False
590,Anonymized_gpt-3.5-turbo,PQ,False
590,Anonymized_NER,PQ,False
590,Anonymized_gpt-3.5-turbo,PQ,False
575,Anonymized_NER,CQ,False
590,Anonymized_gpt-3.5-turbo,PQ,True
575,Anonymized_DeepSeek-V4-Pro,CQ,False
590,Anonymized_NER,CQ,True
590,Anonymized_gpt-3.5-turbo,CQ,True
590,Anonymized_NER,PQ,False
590,Anonymized_NER,CQ,False
590,Anonymized_DeepSeek-V4-Pro,CQ,False
590,Anonymized_DeepSeek-V4-Pro,PQ,False
590,Anonymized_NER,PQ,True
590,Anonymized_DeepSeek-V4-Pro,PQ,False
590,Anonymized_DeepSeek-V4-Pro,CQ,True
590,Anonymized_NER,PQ,True
590,Anonymized_NER,CQ,False
590,Anonymized_DeepSeek-V4-Pro,CQ,False
590,Anonymized_DeepSeek-V4-Pro,PQ,False
590,Anonymized_NER,PQ,False
590,Anonymized_DeepSeek-V4-Pro,CQ,False
590,Anonymized_DeepSeek-V4-Pro,PQ,False
590,Anonymized_gpt-3.5-turbo,CQ,True
590,Anonymized_DeepSeek-V4-Pro,CQ,True
590,Anonymized_DeepSeek-V4-Pro,PQ,False
590,Anonymized_DeepSeek-V4-Pro,CQ,True
590,Anonymized_DeepSeek-V4-Pro,CQ,False
590,Anonymized_Llama-4-Maverick-17B-128E-Instruct-FP8,CQ,False
590,Anonymized_NER,CQ,False
590,Anonymized_DeepSeek-V4-Pro,PQ,False
590,Anonymized_DeepSeek-V4-Pro,CQ,False
590,Anonymized_Llama-4-Maverick-17B-128E-Instruct-FP8,PQ,False
590,Anonymized_gpt-3.5-turbo,CQ,False
590,Anonymized_DeepSeek-V4-Pro,PQ,False
590,Anonymized_NER,CQ,True
590,Anonymized_gpt-3.5-turbo,CQ,False
590,Anonymized_gpt-3.5-turbo,PQ,False
590,Anonymized_Llama-4-Maverick-17B-128E-Instruct-FP8,CQ,True
590,Anonymized_DeepSeek-V4-Pro,PQ,False
590,Anonymized_NER,CQ,False
590,Anonymized_DeepSeek-V4-Pro,PQ,True
590,Anonymized_Llama-4-Maverick-17B-128E-Instruct-FP8,CQ,False
590,Anonymized_Llama-4-Maverick-17B-128E-Instruct-FP8,PQ,False
590,Anonymized_NER,CQ,True
590,Anonymized_Llama-4-Maverick-17B-128E-Instruct-FP8,PQ,False
590,Anonymized_Llama-4-Maverick-17B-128E-Instruct-FP8,PQ,False
590,Anonymized_Llama-4-Maverick_fewshot,PQ,False
590,Anonymized_NER,CQ,False
590,Anonymized_Llama-4-Maverick-17B-128E-Instruct-FP8,PQ,False
590,Anonymized_Llama-4-Maverick-17B-128E-Instruct-FP8,CQ,True
590,Anonymized_DeepSeek-V4-Pro,PQ,False
590,Anonymized_Llama-4-Maverick_fewshot,CQ,False
590,Anonymized_Llama-4-Maverick_fewshot,PQ,True
590,Anonymized_Llama-4-Maverick-17B-128E-Instruct-FP8,CQ,False
590,Anonymized_Llama-4-Maverick_fewshot,CQ,False
590,Anonymized_Llama-4-Maverick_fewshot,PQ,False
590,Anonymized_Llama-4-Maverick-17B-128E-Instruct-FP8,CQ,True
590,Anonymized_Llama-4-Maverick-17B-128E-Instruct-FP8,CQ,False
590,Anonymized_Llama-4-Maverick_fewshot,CQ,False
590,Anonymized_Llama-4-Maverick_fewshot,PQ,False
590,Anonymized_Llama-4-Maverick-17B-128E-Instruct-FP8,PQ,False
590,Anonymized_Llama-4-Maverick_fewshot,CQ,True
590,Anonymized_Llama-4-Maverick_fewshot,CQ,True
590,Anonymized_Llama-4-Maverick-17B-128E-Instruct-FP8,CQ,True
590,Anonymized_Llama-4-Maverick_fewshot,CQ,False
590,Anonymized_NER,PQ,False
590,Anonymized_DeepSeek-V4-Pro,CQ,True
590,Anonymized_Llama-4-Maverick_synthetic,PQ,False
590,Anonymized_Llama-4-Maverick_fewshot,CQ,False
590,Anonymized_Llama-4-Maverick_fewshot,PQ,False
590,Anonymized_Llama-4-Maverick_synthetic,PQ,False
590,Anonymized_NER,PQ,False
590,Anonymized_Llama-4-Maverick-17B-128E-Instruct-FP8,PQ,False
590,Anonymized_Llama-4-Maverick_fewshot,PQ,False
590,Anonymized_Llama-4-Maverick_fewshot,PQ,False
590,Anonymized_Llama-4-Maverick-17B-128E-Instruct-FP8,PQ,False
590,Anonymized_Llama-4-Maverick_fewshot,PQ,False
590,Anonymized_Llama-4-Maverick_synthetic,CQ,False
590,Anonymized_Llama-4-Maverick_synthetic,PQ,False
590,Anonymized_Llama-4-Maverick_fewshot,PQ,False
590,Anonymized_Llama-4-Maverick_synthetic,CQ,False
590,Anonymized_Llama-4-Maverick_synthetic,CQ,False
590,Anonymized_Llama-4-Maverick-17B-128E-Instruct-FP8,CQ,False
590,Anonymized_Llama-4-Maverick_fewshot,PQ,False
590,Anonymized_Llama-4-Maverick_synthetic,CQ,True
590,Anonymized_Llama-4-Maverick_synthetic,PQ,False
590,Anonymized_Llama-4-Maverick_fewshot,CQ,True
590,Anonymized_Llama-4-Maverick-17B-128E-Instruct-FP8,PQ,False
590,Anonymized_Llama-4-Maverick_synthetic,PQ,False
590,Anonymized_DeepSeek-V4-Pro,CQ,False
590,Anonymized_Llama-4-Maverick_synthetic,PQ,False
590,Anonymized_Llama-4-Maverick-17B-128E-Instruct-FP8,PQ,True
590,Anonymized_Llama-4-Maverick_fewshot,CQ,False
590,Anonymized_Llama-4-Maverick_synthetic,CQ,False
616,Anonymized_gpt-3.5-turbo,PQ,False
616,Anonymized_gpt-3.5-turbo,CQ,False
616,Anonymized_gpt-3.5-turbo,CQ,True
616,Anonymized_gpt-3.5-turbo,PQ,False
616,Anonymized_gpt-3.5-turbo,PQ,False
616,Anonymized_gpt-3.5-turbo,CQ,False
616,Anonymized_gpt-3.5-turbo,PQ,False
616,Anonymized_gpt-3.5-turbo,CQ,False
616,Anonymized_gpt-3.5-turbo,CQ,False
590,Anonymized_Llama-4-Maverick_fewshot,CQ,True
590,Anonymized_Llama-4-Maverick_synthetic,CQ,True
590,Anonymized_Llama-4-Maverick_synthetic,PQ,False
590,Anonymized_Llama-4-Maverick-17B-128E-Instruct-FP8,CQ,False
616,Anonymized_gpt-3.5-turbo,PQ,True
616,Anonymized_NER,PQ,False
590,Anonymized_Llama-4-Maverick_synthetic,CQ,False
590,Anonymized_Llama-4-Maverick_synthetic,PQ,True
616,Anonymized_gpt-3.5-turbo,PQ,False
616,Anonymized_gpt-3.5-turbo,PQ,False
590,Anonymized_Llama-4-Maverick_synthetic,CQ,True
616,Anonymized_gpt-3.5-turbo,CQ,False
616,Anonymized_NER,PQ,False
590,Anonymized_Llama-4-Maverick_synthetic,PQ,False
590,Anonymized_Llama-4-Maverick_synthetic,CQ,True
616,Anonymized_gpt-3.5-turbo,CQ,False
616,Anonymized_NER,CQ,False
616,Anonymized_NER,CQ,True
616,Anonymized_NER,CQ,True
616,Anonymized_gpt-3.5-turbo,CQ,True
616,Anonymized_gpt-3.5-turbo,PQ,True
616,Anonymized_NER,PQ,True
616,Anonymized_NER,PQ,True
616,Anonymized_NER,PQ,False
590,Anonymized_Llama-4-Maverick_synthetic,PQ,False
616,Anonymized_gpt-3.5-turbo,CQ,False
616,Anonymized_DeepSeek-V4-Pro,PQ,False
616,Anonymized_gpt-3.5-turbo,PQ,False
616,Anonymized_DeepSeek-V4-Pro,PQ,False
616,Anonymized_DeepSeek-V4-Pro,PQ,True
616,Anonymized_DeepSeek-V4-Pro,CQ,False
616,Anonymized_NER,PQ,False
616,Anonymized_NER,CQ,False
616,Anonymized_DeepSeek-V4-Pro,CQ,False
616,Anonymized_DeepSeek-V4-Pro,CQ,True
616,Anonymized_gpt-3.5-turbo,PQ,True
616,Anonymized_DeepSeek-V4-Pro,CQ,True
616,Anonymized_DeepSeek-V4-Pro,PQ,False
616,Anonymized_NER,PQ,True
616,Anonymized_DeepSeek-V4-Pro,PQ,False
616,Anonymized_Llama-4-Maverick-17B-128E-Instruct-FP8,PQ,False
616,Anonymized_DeepSeek-V4-Pro,PQ,False
616,Anonymized_Llama-4-Maverick-17B-128E-Instruct-FP8,CQ,False
616,Anonymized_DeepSeek-V4-Pro,CQ,True
616,Anonymized_NER,CQ,False
616,Anonymized_DeepSeek-V4-Pro,CQ,False
616,Anonymized_DeepSeek-V4-Pro,CQ,False
616,Anonymized_Llama-4-Maverick-17B-128E-Instruct-FP8,CQ,False
616,Anonymized_NER,PQ,False
616,Anonymized_DeepSeek-V4-Pro,CQ,False
616,Anonymized_Llama-4-Maverick-17B-128E-Instruct-FP8,CQ,False
616,Anonymized_NER,CQ,False
616,Anonymized_Llama-4-Maverick-17B-128E-Instruct-FP8,CQ,True
616,Anonymized_Llama-4-Maverick-17B-128E-Instruct-FP8,PQ,False
616,Anonymized_gpt-3.5-turbo,CQ,True
616,Anonymized_NER,PQ,False
616,Anonymized_Llama-4-Maverick-17B-128E-Instruct-FP8,CQ,True
616,Anonymized_Llama-4-Maverick-17B-128E-Instruct-FP8,CQ,False
616,Anonymized_Llama-4-Maverick-17B-128E-Instruct-FP8,PQ,True
616,Anonymized_Llama-4-Maverick-17B-128E-Instruct-FP8,CQ,False
616,Anonymized_Llama-4-Maverick_fewshot,PQ,False
616,Anonymized_DeepSeek-V4-Pro,CQ,False
616,Anonymized_Llama-4-Maverick-17B-128E-Instruct-FP8,PQ,False
616,Anonymized_NER,CQ,False
616,Anonymized_Llama-4-Maverick-17B-128E-Instruct-FP8,PQ,False
616,Anonymized_NER,CQ,True
616,Anonymized_NER,CQ,False
616,Anonymized_Llama-4-Maverick-17B-128E-Instruct-FP8,PQ,False
616,Anonymized_NER,CQ,False
616,Anonymized_DeepSeek-V4-Pro,PQ,False
590,Anonymized_Llama-4-Maverick_synthetic,CQ,True
590,Anonymized_NER,PQ,False
616,Anonymized_Llama-4-Maverick-17B-128E-Instruct-FP8,CQ,False
616,Anonymized_Llama-4-Maverick_fewshot,CQ,True
616,Anonymized_DeepSeek-V4-Pro,CQ,False
616,Anonymized_Llama-4-Maverick-17B-128E-Instruct-FP8,CQ,False
616,Anonymized_Llama-4-Maverick_fewshot,CQ,False
616,Anonymized_Llama-4-Maverick-17B-128E-Instruct-FP8,PQ,False
616,Anonymized_DeepSeek-V4-Pro,PQ,False
616,Anonymized_Llama-4-Maverick_fewshot,CQ,False
616,Anonymized_DeepSeek-V4-Pro,PQ,True
616,Anonymized_Llama-4-Maverick_fewshot,CQ,False
616,Anonymized_Llama-4-Maverick_fewshot,CQ,False
616,Anonymized_Llama-4-Maverick_fewshot,PQ,False
616,Anonymized_Llama-4-Maverick_synthetic,PQ,False
616,Anonymized_Llama-4-Maverick-17B-128E-Instruct-FP8,CQ,True
616,Anonymized_Llama-4-Maverick_fewshot,PQ,False
616,Anonymized_Llama-4-Maverick_fewshot,PQ,False
616,Anonymized_Llama-4-Maverick_synthetic,CQ,False
616,Anonymized_Llama-4-Maverick-17B-128E-Instruct-FP8,PQ,False
616,Anonymized_Llama-4-Maverick_fewshot,PQ,False
616,Anonymized_NER,PQ,False
616,Anonymized_Llama-4-Maverick_fewshot,PQ,True
616,Anonymized_Llama-4-Maverick_synthetic,CQ,False
616,Anonymized_Llama-4-Maverick_fewshot,CQ,False
616,Anonymized_Llama-4-Maverick-17B-128E-Instruct-FP8,PQ,False
616,Anonymized_Llama-4-Maverick_synthetic,PQ,False
616,Anonymized_Llama-4-Maverick_fewshot,PQ,False
616,Anonymized_Llama-4-Maverick_synthetic,CQ,False
616,Anonymized_Llama-4-Maverick_synthetic,CQ,False
616,Anonymized_Llama-4-Maverick_fewshot,CQ,True
616,Anonymized_DeepSeek-V4-Pro,PQ,False
616,Anonymized_Llama-4-Maverick_synthetic,PQ,True
616,Anonymized_Llama-4-Maverick_synthetic,CQ,True
616,Anonymized_Llama-4-Maverick_fewshot,CQ,True
616,Anonymized_Llama-4-Maverick_fewshot,PQ,False
616,Anonymized_Llama-4-Maverick_fewshot,CQ,False
616,Anonymized_Llama-4-Maverick-17B-128E-Instruct-FP8,PQ,False
616,Anonymized_Llama-4-Maverick_synthetic,PQ,False
616,Anonymized_Llama-4-Maverick_synthetic,CQ,True
616,Anonymized_Llama-4-Maverick_synthetic,CQ,False
616,Anonymized_Llama-4-Maverick_fewshot,PQ,False
628,Anonymized_gpt-3.5-turbo,CQ,True
628,Anonymized_gpt-3.5-turbo,PQ,False
616,Anonymized_Llama-4-Maverick_synthetic,PQ,False
616,Anonymized_Llama-4-Maverick_synthetic,PQ,True
628,Anonymized_gpt-3.5-turbo,PQ,False
628,Anonymized_gpt-3.5-turbo,PQ,False
616,Anonymized_Llama-4-Maverick_synthetic,PQ,True
616,Anonymized_Llama-4-Maverick_synthetic,CQ,False
628,Anonymized_gpt-3.5-turbo,CQ,True
628,Anonymized_gpt-3.5-turbo,PQ,False
616,Anonymized_Llama-4-Maverick_synthetic,PQ,False
628,Anonymized_NER,PQ,False
628,Anonymized_gpt-3.5-turbo,CQ,False
628,Anonymized_NER,CQ,False
616,Anonymized_Llama-4-Maverick_synthetic,CQ,False
616,Anonymized_Llama-4-Maverick_fewshot,CQ,False
628,Anonymized_gpt-3.5-turbo,PQ,False
628,Anonymized_NER,PQ,False
628,Anonymized_gpt-3.5-turbo,CQ,True
628,Anonymized_NER,PQ,False
628,Anonymized_NER,CQ,False
628,Anonymized_NER,PQ,True
628,Anonymized_NER,PQ,False
616,Anonymized_Llama-4-Maverick_fewshot,PQ,True
616,Anonymized_Llama-4-Maverick_synthetic,CQ,True
628,Anonymized_gpt-3.5-turbo,CQ,False
628,Anonymized_NER,CQ,True
628,Anonymized_NER,PQ,False
628,Anonymized_NER,CQ,False
628,Anonymized_gpt-3.5-turbo,PQ,False
628,Anonymized_gpt-3.5-turbo,CQ,False
628,Anonymized_NER,PQ,False
628,Anonymized_DeepSeek-V4-Pro,CQ,True
628,Anonymized_NER,PQ,False
628,Anonymized_NER,CQ,False
628,Anonymized_NER,CQ,True
628,Anonymized_gpt-3.5-turbo,PQ,False
628,Anonymized_gpt-3.5-turbo,PQ,False
628,Anonymized_gpt-3.5-turbo,PQ,False
628,Anonymized_NER,PQ,False
628,Anonymized_gpt-3.5-turbo,CQ,False
628,Anonymized_DeepSeek-V4-Pro,PQ,True
616,Anonymized_Llama-4-Maverick_synthetic,PQ,False
628,Anonymized_gpt-3.5-turbo,CQ,True
628,Anonymized_NER,CQ,True
628,Anonymized_gpt-3.5-turbo,CQ,True
628,Anonymized_DeepSeek-V4-Pro,PQ,False
628,Anonymized_NER,CQ,False
628,Anonymized_DeepSeek-V4-Pro,CQ,True
628,Anonymized_Llama-4-Maverick-17B-128E-Instruct-FP8,PQ,False
628,Anonymized_gpt-3.5-turbo,PQ,False
628,Anonymized_Llama-4-Maverick-17B-128E-Instruct-FP8,CQ,True
628,Anonymized_DeepSeek-V4-Pro,PQ,False
628,Anonymized_Llama-4-Maverick-17B-128E-Instruct-FP8,CQ,True
628,Anonymized_gpt-3.5-turbo,CQ,False
628,Anonymized_DeepSeek-V4-Pro,PQ,False
628,Anonymized_Llama-4-Maverick-17B-128E-Instruct-FP8,CQ,True
628,Anonymized_DeepSeek-V4-Pro,PQ,False
628,Anonymized_Llama-4-Maverick-17B-128E-Instruct-FP8,CQ,True
628,Anonymized_Llama-4-Maverick-17B-128E-Instruct-FP8,CQ,True
628,Anonymized_Llama-4-Maverick-17B-128E-Instruct-FP8,PQ,False
628,Anonymized_DeepSeek-V4-Pro,CQ,False
628,Anonymized_Llama-4-Maverick-17B-128E-Instruct-FP8,CQ,True
628,Anonymized_DeepSeek-V4-Pro,CQ,True
628,Anonymized_NER,PQ,False
628,Anonymized_DeepSeek-V4-Pro,CQ,True
628,Anonymized_DeepSeek-V4-Pro,CQ,False
628,Anonymized_DeepSeek-V4-Pro,CQ,True
628,Anonymized_Llama-4-Maverick_fewshot,PQ,False
628,Anonymized_Llama-4-Maverick_fewshot,CQ,True
628,Anonymized_DeepSeek-V4-Pro,PQ,False
628,Anonymized_Llama-4-Maverick_fewshot,PQ,False
628,Anonymized_DeepSeek-V4-Pro,PQ,False
628,Anonymized_Llama-4-Maverick_fewshot,PQ,False
628,Anonymized_Llama-4-Maverick-17B-128E-Instruct-FP8,PQ,False
628,Anonymized_DeepSeek-V4-Pro,PQ,False
628,Anonymized_Llama-4-Maverick-17B-128E-Instruct-FP8,PQ,False
628,Anonymized_Llama-4-Maverick-17B-128E-Instruct-FP8,PQ,False
628,Anonymized_Llama-4-Maverick_fewshot,PQ,False
628,Anonymized_DeepSeek-V4-Pro,PQ,True
628,Anonymized_Llama-4-Maverick_fewshot,CQ,True
628,Anonymized_Llama-4-Maverick-17B-128E-Instruct-FP8,CQ,False
628,Anonymized_Llama-4-Maverick-17B-128E-Instruct-FP8,PQ,False
628,Anonymized_Llama-4-Maverick-17B-128E-Instruct-FP8,PQ,False
628,Anonymized_Llama-4-Maverick_fewshot,PQ,False
628,Anonymized_DeepSeek-V4-Pro,CQ,True
628,Anonymized_Llama-4-Maverick_fewshot,CQ,True
628,Anonymized_Llama-4-Maverick_fewshot,PQ,False
628,Anonymized_Llama-4-Maverick_fewshot,CQ,True
628,Anonymized_Llama-4-Maverick-17B-128E-Instruct-FP8,CQ,False
628,Anonymized_DeepSeek-V4-Pro,PQ,False
616,Anonymized_Llama-4-Maverick_synthetic,PQ,False
628,Anonymized_Llama-4-Maverick_synthetic,CQ,False
628,Anonymized_Llama-4-Maverick-17B-128E-Instruct-FP8,PQ,False
628,Anonymized_Llama-4-Maverick-17B-128E-Instruct-FP8,CQ,False
628,Anonymized_Llama-4-Maverick_fewshot,CQ,False
628,Anonymized_Llama-4-Maverick_synthetic,CQ,False
628,Anonymized_Llama-4-Maverick_fewshot,PQ,False
628,Anonymized_Llama-4-Maverick_fewshot,PQ,False
628,Anonymized_NER,CQ,False
628,Anonymized_Llama-4-Maverick-17B-128E-Instruct-FP8,PQ,False
628,Anonymized_DeepSeek-V4-Pro,CQ,False
628,Anonymized_Llama-4-Maverick_fewshot,PQ,False
628,Anonymized_Llama-4-Maverick_synthetic,CQ,True
628,Anonymized_NER,CQ,False
628,Anonymized_Llama-4-Maverick_synthetic,CQ,False
628,Anonymized_Llama-4-Maverick_fewshot,CQ,False
628,Anonymized_Llama-4-Maverick_synthetic,PQ,False
628,Anonymized_Llama-4-Maverick-17B-128E-Instruct-FP8,PQ,False
628,Anonymized_Llama-4-Maverick_synthetic,CQ,True
628,Anonymized_Llama-4-Maverick_synthetic,PQ,False
628,Anonymized_Llama-4-Maverick_synthetic,PQ,False
628,Anonymized_Llama-4-Maverick_synthetic,PQ,False
628,Anonymized_Llama-4-Maverick_fewshot,CQ,False
628,Anonymized_Llama-4-Maverick_synthetic,CQ,False
628,Anonymized_Llama-4-Maverick_synthetic,PQ,False
628,Anonymized_Llama-4-Maverick_synthetic,CQ,False
628,Anonymized_Llama-4-Maverick_synthetic,CQ,False
628,Anonymized_Llama-4-Maverick-17B-128E-Instruct-FP8,CQ,False
678,Anonymized_gpt-3.5-turbo,PQ,False
628,Anonymized_Llama-4-Maverick_synthetic,CQ,False
678,Anonymized_gpt-3.5-turbo,PQ,False
678,Anonymized_gpt-3.5-turbo,PQ,False
678,Anonymized_gpt-3.5-turbo,PQ,False
628,Anonymized_Llama-4-Maverick_synthetic,PQ,False
678,Anonymized_gpt-3.5-turbo,CQ,False
678,Anonymized_gpt-3.5-turbo,CQ,True
678,Anonymized_gpt-3.5-turbo,CQ,True
628,Anonymized_Llama-4-Maverick_fewshot,PQ,False
678,Anonymized_gpt-3.5-turbo,PQ,False
628,Anonymized_Llama-4-Maverick_fewshot,CQ,True
628,Anonymized_Llama-4-Maverick_synthetic,CQ,False
678,Anonymized_gpt-3.5-turbo,PQ,False
678,Anonymized_gpt-3.5-turbo,CQ,False
678,Anonymized_gpt-3.5-turbo,PQ,False
678,Anonymized_NER,PQ,False
678,Anonymized_gpt-3.5-turbo,PQ,False
678,Anonymized_gpt-3.5-turbo,CQ,False
678,Anonymized_NER,PQ,False
678,Anonymized_gpt-3.5-turbo,CQ,False
678,Anonymized_NER,CQ,False
678,Anonymized_gpt-3.5-turbo,PQ,True
628,Anonymized_Llama-4-Maverick_fewshot,CQ,False
678,Anonymized_gpt-3.5-turbo,CQ,False
678,Anonymized_gpt-3.5-turbo,PQ,False
678,Anonymized_gpt-3.5-turbo,CQ,True
678,Anonymized_NER,CQ,False
678,Anonymized_NER,PQ,False
628,Anonymized_Llama-4-Maverick_synthetic,PQ,True
628,Anonymized_Llama-4-Maverick_synthetic,PQ,False
678,Anonymized_NER,CQ,False
678,Anonymized_NER,PQ,False
678,Anonymized_NER,PQ,True
678,Anonymized_NER,PQ,False
678,Anonymized_NER,PQ,False
628,Anonymized_Llama-4-Maverick_fewshot,CQ,True
678,Anonymized_DeepSeek-V4-Pro,PQ,False
678,Anonymized_gpt-3.5-turbo,CQ,False
678,Anonymized_DeepSeek-V4-Pro,CQ,False
678,Anonymized_DeepSeek-V4-Pro,PQ,False
678,Anonymized_DeepSeek-V4-Pro,PQ,True
678,Anonymized_DeepSeek-V4-Pro,PQ,False
678,Anonymized_NER,CQ,False
678,Anonymized_gpt-3.5-turbo,CQ,False
678,Anonymized_DeepSeek-V4-Pro,CQ,False
678,Anonymized_DeepSeek-V4-Pro,PQ,False
628,Anonymized_Llama-4-Maverick_synthetic,PQ,False
678,Anonymized_Llama-4-Maverick-17B-128E-Instruct-FP8,CQ,False
678,Anonymized_DeepSeek-V4-Pro,CQ,False
678,Anonymized_DeepSeek-V4-Pro,CQ,False
678,Anonymized_NER,CQ,False
678,Anonymized_NER,PQ,False
678,Anonymized_Llama-4-Maverick-17B-128E-Instruct-FP8,CQ,False
678,Anonymized_Llama-4-Maverick-17B-128E-Instruct-FP8,PQ,False
678,Anonymized_Llama-4-Maverick-17B-128E-Instruct-FP8,CQ,False
678,Anonymized_NER,CQ,True
678,Anonymized_Llama-4-Maverick-17B-128E-Instruct-FP8,PQ,False
678,Anonymized_NER,PQ,False
678,Anonymized_NER,CQ,False
678,Anonymized_Llama-4-Maverick-17B-128E-Instruct-FP8,CQ,True
628,Anonymized_Llama-4-Maverick_synthetic,PQ,False
678,Anonymized_DeepSeek-V4-Pro,CQ,False
678,Anonymized_Llama-4-Maverick-17B-128E-Instruct-FP8,PQ,False
678,Anonymized_DeepSeek-V4-Pro,PQ,False
628,Anonymized_DeepSeek-V4-Pro,CQ,False
678,Anonymized_DeepSeek-V4-Pro,CQ,True
678,Anonymized_DeepSeek-V4-Pro,PQ,False
678,Anonymized_Llama-4-Maverick-17B-128E-Instruct-FP8,CQ,False
678,Anonymized_Llama-4-Maverick-17B-128E-Instruct-FP8,PQ,False
678,Anonymized_Llama-4-Maverick-17B-128E-Instruct-FP8,CQ,True
678,Anonymized_DeepSeek-V4-Pro,CQ,True
678,Anonymized_Llama-4-Maverick-17B-128E-Instruct-FP8,PQ,False
678,Anonymized_Llama-4-Maverick_fewshot,CQ,False
678,Anonymized_Llama-4-Maverick-17B-128E-Instruct-FP8,PQ,False
678,Anonymized_NER,CQ,False
678,Anonymized_Llama-4-Maverick-17B-128E-Instruct-FP8,CQ,True
678,Anonymized_Llama-4-Maverick_fewshot,PQ,False
678,Anonymized_Llama-4-Maverick_fewshot,CQ,False
678,Anonymized_Llama-4-Maverick-17B-128E-Instruct-FP8,PQ,False
678,Anonymized_DeepSeek-V4-Pro,PQ,False
678,Anonymized_Llama-4-Maverick_fewshot,CQ,False
678,Anonymized_Llama-4-Maverick_fewshot,CQ,False
678,Anonymized_Llama-4-Maverick_fewshot,PQ,False
678,Anonymized_Llama-4-Maverick_fewshot,PQ,False
678,Anonymized_Llama-4-Maverick-17B-128E-Instruct-FP8,CQ,False
678,Anonymized_Llama-4-Maverick_fewshot,PQ,False
678,Anonymized_DeepSeek-V4-Pro,CQ,False
678,Anonymized_Llama-4-Maverick_fewshot,PQ,False
678,Anonymized_Llama-4-Maverick_synthetic,PQ,False
678,Anonymized_Llama-4-Maverick_fewshot,CQ,True
678,Anonymized_Llama-4-Maverick_fewshot,PQ,False
678,Anonymized_Llama-4-Maverick_synthetic,PQ,True
678,Anonymized_DeepSeek-V4-Pro,PQ,False
678,Anonymized_Llama-4-Maverick-17B-128E-Instruct-FP8,PQ,False
678,Anonymized_NER,CQ,True
678,Anonymized_Llama-4-Maverick_fewshot,PQ,False
678,Anonymized_Llama-4-Maverick_synthetic,PQ,False
678,Anonymized_Llama-4-Maverick_synthetic,CQ,False
678,Anonymized_Llama-4-Maverick_synthetic,CQ,True
678,Anonymized_Llama-4-Maverick_fewshot,PQ,False
678,Anonymized_Llama-4-Maverick_fewshot,CQ,False
678,Anonymized_Llama-4-Maverick-17B-128E-Instruct-FP8,CQ,False
678,Anonymized_Llama-4-Maverick-17B-128E-Instruct-FP8,PQ,False
678,Anonymized_NER,CQ,False
678,Anonymized_Llama-4-Maverick_fewshot,PQ,False
678,Anonymized_Llama-4-Maverick_fewshot,PQ,False
678,Anonymized_Llama-4-Maverick_synthetic,PQ,False
678,Anonymized_Llama-4-Maverick-17B-128E-Instruct-FP8,CQ,False
678,Anonymized_Llama-4-Maverick_synthetic,PQ,False
678,Anonymized_Llama-4-Maverick_fewshot,CQ,False
678,Anonymized_Llama-4-Maverick_synthetic,PQ,False
678,Anonymized_Llama-4-Maverick_synthetic,CQ,False
678,Anonymized_Llama-4-Maverick_synthetic,CQ,False
678,Anonymized_Llama-4-Maverick_synthetic,PQ,False
678,Anonymized_Llama-4-Maverick_synthetic,CQ,False
678,Anonymized_Llama-4-Maverick_synthetic,PQ,False
678,Anonymized_Llama-4-Maverick_synthetic,CQ,False
678,Anonymized_Llama-4-Maverick_synthetic,PQ,False
678,Anonymized_Llama-4-Maverick_fewshot,CQ,False
678,Anonymized_NER,PQ,False
678,Anonymized_Llama-4-Maverick_synthetic,PQ,False
683,Anonymized_gpt-3.5-turbo,PQ,False
683,Anonymized_gpt-3.5-turbo,CQ,False
683,Anonymized_gpt-3.5-turbo,CQ,False
678,Anonymized_Llama-4-Maverick-17B-128E-Instruct-FP8,PQ,False
683,Anonymized_gpt-3.5-turbo,PQ,False
678,Anonymized_Llama-4-Maverick_synthetic,CQ,True
683,Anonymized_gpt-3.5-turbo,PQ,True
683,Anonymized_gpt-3.5-turbo,PQ,False
683,Anonymized_gpt-3.5-turbo,PQ,False
683,Anonymized_gpt-3.5-turbo,PQ,False
683,Anonymized_gpt-3.5-turbo,CQ,False
683,Anonymized_NER,CQ,False
683,Anonymized_gpt-3.5-turbo,CQ,False
683,Anonymized_NER,PQ,False
683,Anonymized_NER,PQ,False
683,Anonymized_NER,PQ,False
683,Anonymized_gpt-3.5-turbo,PQ,False
683,Anonymized_NER,CQ,False
683,Anonymized_NER,CQ,True
683,Anonymized_gpt-3.5-turbo,PQ,False
678,Anonymized_Llama-4-Maverick_fewshot,CQ,False
678,Anonymized_DeepSeek-V4-Pro,PQ,False
683,Anonymized_NER,CQ,True
683,Anonymized_gpt-3.5-turbo,PQ,False
683,Anonymized_NER,CQ,False
683,Anonymized_NER,PQ,False
683,Anonymized_NER,CQ,False
683,Anonymized_gpt-3.5-turbo,CQ,False
683,Anonymized_DeepSeek-V4-Pro,PQ,False
683,Anonymized_gpt-3.5-turbo,CQ,False
683,Anonymized_NER,CQ,False
683,Anonymized_NER,PQ,False
683,Anonymized_NER,CQ,False
683,Anonymized_DeepSeek-V4-Pro,PQ,True
683,Anonymized_DeepSeek-V4-Pro,CQ,False
683,Anonymized_gpt-3.5-turbo,CQ,True
678,Anonymized_DeepSeek-V4-Pro,CQ,True
683,Anonymized_DeepSeek-V4-Pro,CQ,True
683,Anonymized_NER,CQ,False
678,Anonymized_Llama-4-Maverick_synthetic,CQ,False
683,Anonymized_gpt-3.5-turbo,CQ,False
683,Anonymized_DeepSeek-V4-Pro,CQ,False
683,Anonymized_DeepSeek-V4-Pro,CQ,False
683,Anonymized_DeepSeek-V4-Pro,CQ,False
683,Anonymized_DeepSeek-V4-Pro,PQ,False
678,Anonymized_Llama-4-Maverick_fewshot,CQ,True
683,Anonymized_NER,PQ,False
678,Anonymized_Llama-4-Maverick_synthetic,CQ,False
683,Anonymized_DeepSeek-V4-Pro,CQ,False
683,Anonymized_Llama-4-Maverick-17B-128E-Instruct-FP8,PQ,False
683,Anonymized_Llama-4-Maverick-17B-128E-Instruct-FP8,CQ,True
683,Anonymized_NER,PQ,True
683,Anonymized_NER,PQ,False
683,Anonymized_NER,PQ,True
678,Anonymized_DeepSeek-V4-Pro,CQ,False
683,Anonymized_Llama-4-Maverick-17B-128E-Instruct-FP8,CQ,False
683,Anonymized_gpt-3.5-turbo,CQ,True
683,Anonymized_DeepSeek-V4-Pro,CQ,False
683,Anonymized_Llama-4-Maverick-17B-128E-Instruct-FP8,CQ,False
683,Anonymized_DeepSeek-V4-Pro,PQ,False
683,Anonymized_Llama-4-Maverick-17B-128E-Instruct-FP8,CQ,False
683,Anonymized_DeepSeek-V4-Pro,CQ,False
683,Anonymized_Llama-4-Maverick-17B-128E-Instruct-FP8,PQ,False
683,Anonymized_Llama-4-Maverick-17B-128E-Instruct-FP8,CQ,True
683,Anonymized_NER,PQ,False
683,Anonymized_Llama-4-Maverick-17B-128E-Instruct-FP8,CQ,True
683,Anonymized_Llama-4-Maverick-17B-128E-Instruct-FP8,CQ,False
683,Anonymized_DeepSeek-V4-Pro,PQ,False
683,Anonymized_Llama-4-Maverick_fewshot,PQ,False
683,Anonymized_Llama-4-Maverick_fewshot,PQ,False
683,Anonymized_Llama-4-Maverick_fewshot,CQ,False
683,Anonymized_Llama-4-Maverick-17B-128E-Instruct-FP8,CQ,False
683,Anonymized_Llama-4-Maverick-17B-128E-Instruct-FP8,PQ,False
683,Anonymized_gpt-3.5-turbo,CQ,False
683,Anonymized_Llama-4-Maverick-17B-128E-Instruct-FP8,PQ,False
683,Anonymized_Llama-4-Maverick-17B-128E-Instruct-FP8,CQ,False
683,Anonymized_DeepSeek-V4-Pro,PQ,True
678,Anonymized_Llama-4-Maverick_synthetic,CQ,False
683,Anonymized_DeepSeek-V4-Pro,CQ,True
683,Anonymized_Llama-4-Maverick_fewshot,PQ,False
683,Anonymized_Llama-4-Maverick_fewshot,PQ,True
683,Anonymized_gpt-3.5-turbo,PQ,False
683,Anonymized_NER,CQ,False
683,Anonymized_Llama-4-Maverick_fewshot,CQ,True
683,Anonymized_Llama-4-Maverick_fewshot,CQ,False
683,Anonymized_Llama-4-Maverick_fewshot,PQ,False
683,Anonymized_Llama-4-Maverick_fewshot,CQ,False
683,Anonymized_Llama-4-Maverick_fewshot,PQ,False
683,Anonymized_Llama-4-Maverick-17B-128E-Instruct-FP8,PQ,False
683,Anonymized_Llama-4-Maverick_fewshot,CQ,False
683,Anonymized_Llama-4-Maverick_synthetic,PQ,False
683,Anonymized_Llama-4-Maverick_fewshot,CQ,False
683,Anonymized_Llama-4-Maverick-17B-128E-Instruct-FP8,PQ,False
683,Anonymized_DeepSeek-V4-Pro,PQ,True
683,Anonymized_Llama-4-Maverick-17B-128E-Instruct-FP8,CQ,False
683,Anonymized_Llama-4-Maverick_synthetic,CQ,False
683,Anonymized_Llama-4-Maverick_fewshot,PQ,False
683,Anonymized_Llama-4-Maverick_fewshot,CQ,False
683,Anonymized_Llama-4-Maverick_synthetic,CQ,False
683,Anonymized_Llama-4-Maverick_synthetic,PQ,False
683,Anonymized_Llama-4-Maverick-17B-128E-Instruct-FP8,PQ,False
683,Anonymized_DeepSeek-V4-Pro,CQ,False
683,Anonymized_Llama-4-Maverick_synthetic,PQ,False
683,Anonymized_Llama-4-Maverick_synthetic,PQ,False
683,Anonymized_Llama-4-Maverick_fewshot,CQ,True
683,Anonymized_Llama-4-Maverick_synthetic,CQ,False
683,Anonymized_Llama-4-Maverick-17B-128E-Instruct-FP8,PQ,False
683,Anonymized_Llama-4-Maverick_synthetic,PQ,True
683,Anonymized_Llama-4-Maverick_fewshot,PQ,False
683,Anonymized_Llama-4-Maverick_synthetic,CQ,False
683,Anonymized_Llama-4-Maverick_fewshot,PQ,False
683,Anonymized_Llama-4-Maverick_synthetic,CQ,False
683,Anonymized_DeepSeek-V4-Pro,PQ,False
683,Anonymized_DeepSeek-V4-Pro,PQ,False
683,Anonymized_Llama-4-Maverick-17B-128E-Instruct-FP8,PQ,False
683,Anonymized_Llama-4-Maverick_synthetic,CQ,True
683,Anonymized_Llama-4-Maverick-17B-128E-Instruct-FP8,PQ,False
683,Anonymized_Llama-4-Maverick_synthetic,CQ,False
683,Anonymized_DeepSeek-V4-Pro,PQ,False
683,Anonymized_Llama-4-Maverick_fewshot,PQ,False
683,Anonymized_Llama-4-Maverick_synthetic,PQ,False
683,Anonymized_Llama-4-Maverick_synthetic,PQ,False
683,Anonymized_Llama-4-Maverick_synthetic,CQ,False
685,Anonymized_gpt-3.5-turbo,PQ,False
685,Anonymized_gpt-3.5-turbo,CQ,True
685,Anonymized_gpt-3.5-turbo,CQ,True
683,Anonymized_Llama-4-Maverick_fewshot,CQ,False
685,Anonymized_gpt-3.5-turbo,CQ,True
685,Anonymized_gpt-3.5-turbo,PQ,False
685,Anonymized_gpt-3.5-turbo,CQ,False
685,Anonymized_gpt-3.5-turbo,PQ,False
685,Anonymized_gpt-3.5-turbo,PQ,False
685,Anonymized_gpt-3.5-turbo,PQ,False
685,Anonymized_NER,CQ,False
683,Anonymized_Llama-4-Maverick_synthetic,CQ,True
685,Anonymized_gpt-3.5-turbo,PQ,False
683,Anonymized_Llama-4-Maverick_synthetic,PQ,True
685,Anonymized_gpt-3.5-turbo,PQ,False
685,Anonymized_gpt-3.5-turbo,CQ,False
685,Anonymized_NER,PQ,False
685,Anonymized_gpt-3.5-turbo,CQ,False
685,Anonymized_NER,PQ,False
683,Anonymized_Llama-4-Maverick_synthetic,CQ,False
685,Anonymized_gpt-3.5-turbo,PQ,True
685,Anonymized_gpt-3.5-turbo,CQ,False
685,Anonymized_gpt-3.5-turbo,CQ,True
685,Anonymized_NER,CQ,False
685,Anonymized_DeepSeek-V4-Pro,PQ,False
685,Anonymized_NER,CQ,True
685,Anonymized_gpt-3.5-turbo,PQ,True
685,Anonymized_NER,PQ,False
685,Anonymized_gpt-3.5-turbo,CQ,False
683,Anonymized_Llama-4-Maverick_synthetic,PQ,False
685,Anonymized_DeepSeek-V4-Pro,PQ,False
683,Anonymized_Llama-4-Maverick_synthetic,PQ,False
685,Anonymized_DeepSeek-V4-Pro,CQ,False
685,Anonymized_DeepSeek-V4-Pro,CQ,False
685,Anonymized_DeepSeek-V4-Pro,CQ,False
685,Anonymized_DeepSeek-V4-Pro,PQ,False
683,Anonymized_Llama-4-Maverick_fewshot,CQ,False
685,Anonymized_NER,PQ,True
685,Anonymized_DeepSeek-V4-Pro,PQ,True
685,Anonymized_gpt-3.5-turbo,PQ,False
685,Anonymized_NER,CQ,False
685,Anonymized_DeepSeek-V4-Pro,CQ,False
685,Anonymized_DeepSeek-V4-Pro,PQ,False
685,Anonymized_NER,PQ,False
685,Anonymized_DeepSeek-V4-Pro,CQ,False
685,Anonymized_DeepSeek-V4-Pro,PQ,False
685,Anonymized_DeepSeek-V4-Pro,PQ,False
685,Anonymized_DeepSeek-V4-Pro,PQ,False
685,Anonymized_gpt-3.5-turbo,CQ,True
685,Anonymized_DeepSeek-V4-Pro,CQ,True
685,Anonymized_Llama-4-Maverick-17B-128E-Instruct-FP8,PQ,False
685,Anonymized_NER,CQ,True
685,Anonymized_Llama-4-Maverick-17B-128E-Instruct-FP8,PQ,False
685,Anonymized_Llama-4-Maverick-17B-128E-Instruct-FP8,PQ,False
685,Anonymized_NER,CQ,False
685,Anonymized_Llama-4-Maverick-17B-128E-Instruct-FP8,CQ,True
685,Anonymized_Llama-4-Maverick-17B-128E-Instruct-FP8,PQ,True
685,Anonymized_Llama-4-Maverick-17B-128E-Instruct-FP8,PQ,False
685,Anonymized_NER,PQ,False
685,Anonymized_Llama-4-Maverick-17B-128E-Instruct-FP8,CQ,False
685,Anonymized_Llama-4-Maverick-17B-128E-Instruct-FP8,CQ,False
685,Anonymized_NER,CQ,False
685,Anonymized_NER,PQ,False
685,Anonymized_DeepSeek-V4-Pro,CQ,False
685,Anonymized_NER,PQ,True
685,Anonymized_NER,CQ,False
685,Anonymized_Llama-4-Maverick-17B-128E-Instruct-FP8,CQ,True
685,Anonymized_Llama-4-Maverick-17B-128E-Instruct-FP8,PQ,False
685,Anonymized_Llama-4-Maverick_fewshot,PQ,False
685,Anonymized_Llama-4-Maverick-17B-128E-Instruct-FP8,CQ,True
685,Anonymized_NER,CQ,False
685,Anonymized_DeepSeek-V4-Pro,CQ,True
685,Anonymized_Llama-4-Maverick_fewshot,CQ,False
685,Anonymized_Llama-4-Maverick_fewshot,CQ,False
685,Anonymized_Llama-4-Maverick_fewshot,PQ,False
685,Anonymized_Llama-4-Maverick_fewshot,CQ,True
685,Anonymized_DeepSeek-V4-Pro,CQ,True
685,Anonymized_Llama-4-Maverick-17B-128E-Instruct-FP8,PQ,False
685,Anonymized_Llama-4-Maverick-17B-128E-Instruct-FP8,CQ,True
685,Anonymized_Llama-4-Maverick-17B-128E-Instruct-FP8,CQ,False
685,Anonymized_DeepSeek-V4-Pro,PQ,False
685,Anonymized_Llama-4-Maverick_fewshot,PQ,False
685,Anonymized_Llama-4-Maverick_fewshot,CQ,True
685,Anonymized_Llama-4-Maverick-17B-128E-Instruct-FP8,CQ,True
685,Anonymized_Llama-4-Maverick-17B-128E-Instruct-FP8,CQ,False
685,Anonymized_Llama-4-Maverick_synthetic,CQ,False
685,Anonymized_Llama-4-Maverick_synthetic,PQ,False
685,Anonymized_Llama-4-Maverick_fewshot,CQ,False
685,Anonymized_Llama-4-Maverick_synthetic,PQ,False
685,Anonymized_Llama-4-Maverick_synthetic,CQ,False
685,Anonymized_DeepSeek-V4-Pro,PQ,False
685,Anonymized_NER,PQ,False
685,Anonymized_Llama-4-Maverick_fewshot,PQ,True
685,Anonymized_Llama-4-Maverick_synthetic,CQ,True
685,Anonymized_NER,CQ,True
685,Anonymized_Llama-4-Maverick-17B-128E-Instruct-FP8,CQ,True
685,Anonymized_NER,PQ,True
685,Anonymized_Llama-4-Maverick_fewshot,PQ,False
685,Anonymized_Llama-4-Maverick_synthetic,PQ,False
685,Anonymized_Llama-4-Maverick_synthetic,CQ,True
685,Anonymized_Llama-4-Maverick_fewshot,PQ,False
685,Anonymized_Llama-4-Maverick_synthetic,PQ,False
685,Anonymized_Llama-4-Maverick_fewshot,PQ,False
685,Anonymized_Llama-4-Maverick_fewshot,PQ,False
685,Anonymized_Llama-4-Maverick_synthetic,PQ,True
685,Anonymized_Llama-4-Maverick_synthetic,CQ,True
685,Anonymized_Llama-4-Maverick-17B-128E-Instruct-FP8,PQ,False
685,Anonymized_Llama-4-Maverick_fewshot,PQ,False
685,Anonymized_Llama-4-Maverick_synthetic,CQ,False
685,Anonymized_Llama-4-Maverick_synthetic,PQ,False
685,Anonymized_Llama-4-Maverick_fewshot,CQ,True
685,Anonymized_Llama-4-Maverick_synthetic,PQ,True
685,Anonymized_Llama-4-Maverick-17B-128E-Instruct-FP8,PQ,False
685,Anonymized_Llama-4-Maverick_fewshot,PQ,False
685,Anonymized_Llama-4-Maverick_fewshot,CQ,True
685,Anonymized_Llama-4-Maverick_synthetic,CQ,False
689,Anonymized_gpt-3.5-turbo,PQ,False
685,Anonymized_Llama-4-Maverick_synthetic,CQ,False
689,Anonymized_gpt-3.5-turbo,PQ,False
689,Anonymized_gpt-3.5-turbo,CQ,True
685,Anonymized_Llama-4-Maverick_synthetic,PQ,False
685,Anonymized_Llama-4-Maverick_synthetic,PQ,False
685,Anonymized_DeepSeek-V4-Pro,CQ,True
689,Anonymized_gpt-3.5-turbo,PQ,False
689,Anonymized_gpt-3.5-turbo,PQ,False
689,Anonymized_gpt-3.5-turbo,CQ,False
689,Anonymized_gpt-3.5-turbo,PQ,False
689,Anonymized_gpt-3.5-turbo,PQ,False
685,Anonymized_Llama-4-Maverick-17B-128E-Instruct-FP8,PQ,False
689,Anonymized_gpt-3.5-turbo,CQ,True
689,Anonymized_gpt-3.5-turbo,CQ,False
689,Anonymized_gpt-3.5-turbo,CQ,True
689,Anonymized_gpt-3.5-turbo,PQ,False
689,Anonymized_NER,PQ,False
689,Anonymized_gpt-3.5-turbo,CQ,False
689,Anonymized_NER,PQ,False
689,Anonymized_NER,CQ,False
685,Anonymized_Llama-4-Maverick_synthetic,PQ,False
685,Anonymized_Llama-4-Maverick_synthetic,CQ,False
689,Anonymized_gpt-3.5-turbo,CQ,False
689,Anonymized_gpt-3.5-turbo,PQ,False
689,Anonymized_NER,PQ,False
689,Anonymized_NER,PQ,False
689,Anonymized_NER,PQ,False
689,Anonymized_DeepSeek-V4-Pro,PQ,False
689,Anonymized_NER,CQ,False
689,Anonymized_NER,CQ,True
689,Anonymized_gpt-3.5-turbo,CQ,False
689,Anonymized_NER,PQ,False
689,Anonymized_NER,PQ,False
689,Anonymized_NER,CQ,False
685,Anonymized_Llama-4-Maverick_fewshot,CQ,False
689,Anonymized_DeepSeek-V4-Pro,CQ,False
685,Anonymized_Llama-4-Maverick_fewshot,CQ,True
689,Anonymized_DeepSeek-V4-Pro,CQ,False
689,Anonymized_DeepSeek-V4-Pro,CQ,False
685,Anonymized_Llama-4-Maverick_fewshot,CQ,False
689,Anonymized_DeepSeek-V4-Pro,CQ,False
689,Anonymized_gpt-3.5-turbo,PQ,False
689,Anonymized_NER,CQ,False
689,Anonymized_DeepSeek-V4-Pro,PQ,False
689,Anonymized_DeepSeek-V4-Pro,PQ,False
689,Anonymized_NER,CQ,True
689,Anonymized_NER,CQ,False
689,Anonymized_DeepSeek-V4-Pro,PQ,False
689,Anonymized_NER,CQ,True
689,Anonymized_DeepSeek-V4-Pro,CQ,True
689,Anonymized_Llama-4-Maverick-17B-128E-Instruct-FP8,CQ,False
689,Anonymized_DeepSeek-V4-Pro,PQ,False
689,Anonymized_DeepSeek-V4-Pro,PQ,False
689,Anonymized_DeepSeek-V4-Pro,CQ,True
689,Anonymized_NER,PQ,False
689,Anonymized_DeepSeek-V4-Pro,PQ,False
689,Anonymized_DeepSeek-V4-Pro,PQ,False
689,Anonymized_NER,CQ,False
689,Anonymized_NER,CQ,False
685,Anonymized_Llama-4-Maverick_synthetic,CQ,False
689,Anonymized_DeepSeek-V4-Pro,CQ,False
689,Anonymized_DeepSeek-V4-Pro,PQ,False
689,Anonymized_DeepSeek-V4-Pro,CQ,False
689,Anonymized_Llama-4-Maverick-17B-128E-Instruct-FP8,PQ,False
689,Anonymized_NER,PQ,False
689,Anonymized_DeepSeek-V4-Pro,PQ,False
689,Anonymized_Llama-4-Maverick-17B-128E-Instruct-FP8,CQ,False
689,Anonymized_Llama-4-Maverick-17B-128E-Instruct-FP8,PQ,False
689,Anonymized_NER,PQ,False
689,Anonymized_Llama-4-Maverick-17B-128E-Instruct-FP8,PQ,False
689,Anonymized_Llama-4-Maverick-17B-128E-Instruct-FP8,CQ,True
689,Anonymized_Llama-4-Maverick_fewshot,PQ,False
689,Anonymized_Llama-4-Maverick-17B-128E-Instruct-FP8,CQ,False
689,Anonymized_DeepSeek-V4-Pro,CQ,False
689,Anonymized_Llama-4-Maverick-17B-128E-Instruct-FP8,CQ,False
689,Anonymized_Llama-4-Maverick_fewshot,PQ,False
689,Anonymized_Llama-4-Maverick-17B-128E-Instruct-FP8,CQ,True
689,Anonymized_Llama-4-Maverick_fewshot,PQ,False
689,Anonymized_Llama-4-Maverick-17B-128E-Instruct-FP8,CQ,True
689,Anonymized_DeepSeek-V4-Pro,CQ,False
689,Anonymized_Llama-4-Maverick-17B-128E-Instruct-FP8,PQ,False
689,Anonymized_Llama-4-Maverick_fewshot,PQ,False
689,Anonymized_Llama-4-Maverick-17B-128E-Instruct-FP8,PQ,False
689,Anonymized_Llama-4-Maverick_fewshot,CQ,True
689,Anonymized_Llama-4-Maverick_fewshot,PQ,False
689,Anonymized_Llama-4-Maverick-17B-128E-Instruct-FP8,PQ,False
689,Anonymized_Llama-4-Maverick_synthetic,CQ,False
689,Anonymized_gpt-3.5-turbo,CQ,True
689,Anonymized_gpt-3.5-turbo,PQ,False
689,Anonymized_Llama-4-Maverick-17B-128E-Instruct-FP8,PQ,False
689,Anonymized_Llama-4-Maverick_fewshot,CQ,False
689,Anonymized_Llama-4-Maverick_synthetic,PQ,False
689,Anonymized_Llama-4-Maverick_synthetic,PQ,False
689,Anonymized_Llama-4-Maverick_fewshot,CQ,False
689,Anonymized_gpt-3.5-turbo,CQ,False
689,Anonymized_Llama-4-Maverick_fewshot,CQ,True
689,Anonymized_Llama-4-Maverick-17B-128E-Instruct-FP8,PQ,False
689,Anonymized_Llama-4-Maverick_fewshot,CQ,True
689,Anonymized_Llama-4-Maverick_fewshot,PQ,False
689,Anonymized_Llama-4-Maverick-17B-128E-Instruct-FP8,CQ,False
689,Anonymized_Llama-4-Maverick_synthetic,PQ,False
689,Anonymized_Llama-4-Maverick_fewshot,PQ,False
689,Anonymized_Llama-4-Maverick_synthetic,PQ,False
689,Anonymized_Llama-4-Maverick_synthetic,PQ,False
689,Anonymized_Llama-4-Maverick_synthetic,PQ,False
689,Anonymized_Llama-4-Maverick_fewshot,CQ,True
689,Anonymized_Llama-4-Maverick_synthetic,PQ,False
689,Anonymized_Llama-4-Maverick_fewshot,CQ,False
689,Anonymized_Llama-4-Maverick_fewshot,CQ,False
689,Anonymized_Llama-4-Maverick_synthetic,CQ,False
689,Anonymized_Llama-4-Maverick-17B-128E-Instruct-FP8,PQ,False
689,Anonymized_Llama-4-Maverick_fewshot,PQ,False
689,Anonymized_Llama-4-Maverick_synthetic,CQ,False
689,Anonymized_Llama-4-Maverick-17B-128E-Instruct-FP8,CQ,True
689,Anonymized_Llama-4-Maverick_synthetic,PQ,True
689,Anonymized_Llama-4-Maverick_synthetic,CQ,True
689,Anonymized_Llama-4-Maverick_fewshot,PQ,False
689,Anonymized_Llama-4-Maverick_fewshot,CQ,False
689,Anonymized_Llama-4-Maverick-17B-128E-Instruct-FP8,PQ,False
689,Anonymized_Llama-4-Maverick_synthetic,CQ,False
701,Anonymized_gpt-3.5-turbo,PQ,False
701,Anonymized_gpt-3.5-turbo,PQ,False
701,Anonymized_gpt-3.5-turbo,CQ,False
689,Anonymized_Llama-4-Maverick_fewshot,CQ,True
701,Anonymized_gpt-3.5-turbo,CQ,True
689,Anonymized_Llama-4-Maverick_synthetic,CQ,False
689,Anonymized_Llama-4-Maverick_synthetic,PQ,False
689,Anonymized_Llama-4-Maverick_synthetic,PQ,False
689,Anonymized_Llama-4-Maverick_synthetic,CQ,False
701,Anonymized_gpt-3.5-turbo,PQ,False
701,Anonymized_gpt-3.5-turbo,CQ,False
701,Anonymized_gpt-4o,PQ,False
701,Anonymized_gpt-4o,PQ,False
701,Anonymized_gpt-3.5-turbo,CQ,False
701,Anonymized_gpt-4o,CQ,False
701,Anonymized_gpt-3.5-turbo,CQ,False
689,Anonymized_Llama-4-Maverick_synthetic,CQ,False
689,Anonymized_Llama-4-Maverick-17B-128E-Instruct-FP8,CQ,False
701,Anonymized_gpt-3.5-turbo,PQ,True
701,Anonymized_gpt-3.5-turbo,PQ,True
689,Anonymized_Llama-4-Maverick_synthetic,CQ,True
701,Anonymized_gpt-4o,CQ,True
701,Anonymized_gpt-4o,PQ,True
701,Anonymized_gpt-3.5-turbo,PQ,False
701,Anonymized_gpt-4o,PQ,False
701,Anonymized_gpt-4o,CQ,False
701,Anonymized_gpt-3.5-turbo,CQ,True
689,Anonymized_Llama-4-Maverick_fewshot,PQ,False
701,Anonymized_gpt-3.5-turbo,PQ,False
701,Anonymized_NER,CQ,False
701,Anonymized_gpt-4o,CQ,True
701,Anonymized_NER,PQ,False
701,Anonymized_gpt-3.5-turbo,PQ,False
701,Anonymized_gpt-3.5-turbo,CQ,False
701,Anonymized_gpt-4o,CQ,True
701,Anonymized_gpt-3.5-turbo,CQ,False
701,Anonymized_gpt-4o,CQ,False
701,Anonymized_gpt-4o,PQ,False
701,Anonymized_NER,PQ,False
689,Anonymized_Llama-4-Maverick_synthetic,CQ,True
701,Anonymized_NER,CQ,True
701,Anonymized_gpt-3.5-turbo,PQ,True
701,Anonymized_gpt-3.5-turbo,CQ,True
701,Anonymized_gpt-4o,PQ,True
701,Anonymized_gpt-4o,CQ,False
701,Anonymized_gpt-4o,PQ,False
701,Anonymized_NER,CQ,False
701,Anonymized_NER,PQ,True
701,Anonymized_NER,PQ,True
701,Anonymized_gpt-3.5-turbo,PQ,False
701,Anonymized_gpt-4o,PQ,False
701,Anonymized_gpt-4o,PQ,False
701,Anonymized_NER,CQ,True
701,Anonymized_gpt-3.5-turbo,CQ,True
701,Anonymized_NER,PQ,False
701,Anonymized_gpt-4o,PQ,False
701,Anonymized_NER,PQ,True
701,Anonymized_DeepSeek-V4-Pro,CQ,True
701,Anonymized_gpt-4o,CQ,False
701,Anonymized_DeepSeek-V4-Pro,PQ,False
701,Anonymized_DeepSeek-V4-Pro,PQ,False
701,Anonymized_NER,PQ,False
701,Anonymized_DeepSeek-V4-Pro,PQ,False
701,Anonymized_gpt-4o,CQ,True
701,Anonymized_DeepSeek-V4-Pro,CQ,False
701,Anonymized_NER,CQ,False
701,Anonymized_Llama-4-Maverick-17B-128E-Instruct-FP8,CQ,True
701,Anonymized_DeepSeek-V4-Pro,PQ,False
701,Anonymized_DeepSeek-V4-Pro,CQ,True
701,Anonymized_DeepSeek-V4-Pro,CQ,False
701,Anonymized_DeepSeek-V4-Pro,CQ,False
701,Anonymized_NER,CQ,False
701,Anonymized_DeepSeek-V4-Pro,CQ,False
701,Anonymized_Llama-4-Maverick-17B-128E-Instruct-FP8,PQ,False
701,Anonymized_Llama-4-Maverick-17B-128E-Instruct-FP8,PQ,False
701,Anonymized_NER,CQ,False
701,Anonymized_Llama-4-Maverick-17B-128E-Instruct-FP8,PQ,False
701,Anonymized_NER,CQ,True
701,Anonymized_Llama-4-Maverick-17B-128E-Instruct-FP8,CQ,False
701,Anonymized_gpt-4o,CQ,False
701,Anonymized_NER,PQ,False
701,Anonymized_Llama-4-Maverick-17B-128E-Instruct-FP8,PQ,False
701,Anonymized_Llama-4-Maverick-17B-128E-Instruct-FP8,CQ,False
701,Anonymized_NER,PQ,False
701,Anonymized_Llama-4-Maverick-17B-128E-Instruct-FP8,PQ,False
701,Anonymized_NER,CQ,True
701,Anonymized_NER,CQ,False
701,Anonymized_DeepSeek-V4-Pro,PQ,False
701,Anonymized_DeepSeek-V4-Pro,CQ,False
701,Anonymized_DeepSeek-V4-Pro,CQ,False
701,Anonymized_Llama-4-Maverick-17B-128E-Instruct-FP8,CQ,True
701,Anonymized_Llama-4-Maverick_fewshot,PQ,False
701,Anonymized_NER,PQ,False
701,Anonymized_DeepSeek-V4-Pro,PQ,False
701,Anonymized_DeepSeek-V4-Pro,CQ,True
701,Anonymized_Llama-4-Maverick_fewshot,PQ,False
701,Anonymized_DeepSeek-V4-Pro,PQ,True
701,Anonymized_DeepSeek-V4-Pro,CQ,True
701,Anonymized_DeepSeek-V4-Pro,PQ,False
701,Anonymized_Llama-4-Maverick_fewshot,PQ,False
701,Anonymized_Llama-4-Maverick_fewshot,CQ,False
701,Anonymized_DeepSeek-V4-Pro,PQ,True
701,Anonymized_Llama-4-Maverick-17B-128E-Instruct-FP8,CQ,True
701,Anonymized_Llama-4-Maverick-17B-128E-Instruct-FP8,CQ,False
701,Anonymized_Llama-4-Maverick_fewshot,CQ,False
701,Anonymized_Llama-4-Maverick_fewshot,CQ,False
701,Anonymized_Llama-4-Maverick_fewshot,CQ,False
701,Anonymized_Llama-4-Maverick_synthetic,CQ,True
701,Anonymized_Llama-4-Maverick-17B-128E-Instruct-FP8,CQ,False
701,Anonymized_Llama-4-Maverick_fewshot,PQ,False
701,Anonymized_Llama-4-Maverick_fewshot,CQ,True
701,Anonymized_Llama-4-Maverick_fewshot,CQ,True
701,Anonymized_Llama-4-Maverick_fewshot,PQ,False
701,Anonymized_Llama-4-Maverick-17B-128E-Instruct-FP8,PQ,False
701,Anonymized_Llama-4-Maverick_synthetic,PQ,False
701,Anonymized_Llama-4-Maverick_synthetic,PQ,False
701,Anonymized_Llama-4-Maverick_fewshot,PQ,True
701,Anonymized_Llama-4-Maverick-17B-128E-Instruct-FP8,PQ,False
701,Anonymized_DeepSeek-V4-Pro,PQ,False
701,Anonymized_Llama-4-Maverick_synthetic,PQ,True
701,Anonymized_Llama-4-Maverick_fewshot,PQ,False
701,Anonymized_Llama-4-Maverick-17B-128E-Instruct-FP8,CQ,False
701,Anonymized_Llama-4-Maverick-17B-128E-Instruct-FP8,PQ,False
701,Anonymized_Llama-4-Maverick_fewshot,CQ,True
701,Anonymized_Llama-4-Maverick_synthetic,PQ,False
701,Anonymized_Llama-4-Maverick_synthetic,CQ,False
701,Anonymized_Llama-4-Maverick_fewshot,PQ,False
701,Anonymized_Llama-4-Maverick-17B-128E-Instruct-FP8,PQ,False
701,Anonymized_Llama-4-Maverick_synthetic,PQ,False
701,Anonymized_Llama-4-Maverick_synthetic,PQ,False
701,Anonymized_Llama-4-Maverick_synthetic,PQ,True
701,Anonymized_Llama-4-Maverick_synthetic,PQ,False
701,Anonymized_Llama-4-Maverick_fewshot,PQ,False
701,Anonymized_Llama-4-Maverick_synthetic,CQ,True
701,Anonymized_Llama-4-Maverick_fewshot,CQ,True
701,Anonymized_Llama-4-Maverick_fewshot,CQ,False
701,Anonymized_Llama-4-Maverick_fewshot,CQ,False
701,Anonymized_Llama-4-Maverick_fewshot,PQ,False
733,Anonymized_gpt-3.5-turbo,PQ,False
701,Anonymized_Llama-4-Maverick_synthetic,CQ,False
733,Anonymized_gpt-3.5-turbo,CQ,True
701,Anonymized_Llama-4-Maverick_synthetic,PQ,False
733,Anonymized_gpt-3.5-turbo,PQ,False
733,Anonymized_gpt-3.5-turbo,PQ,False
733,Anonymized_gpt-3.5-turbo,CQ,False
701,Anonymized_Llama-4-Maverick_synthetic,CQ,False
701,Anonymized_Llama-4-Maverick_synthetic,CQ,False
701,Anonymized_Llama-4-Maverick_synthetic,PQ,False
701,Anonymized_Llama-4-Maverick-17B-128E-Instruct-FP8,CQ,False
733,Anonymized_gpt-3.5-turbo,PQ,True
733,Anonymized_gpt-4o,CQ,False
733,Anonymized_gpt-3.5-turbo,CQ,False
701,Anonymized_Llama-4-Maverick_synthetic,CQ,False
701,Anonymized_Llama-4-Maverick_synthetic,CQ,True
701,Anonymized_Llama-4-Maverick_synthetic,CQ,True
733,Anonymized_gpt-3.5-turbo,PQ,False
733,Anonymized_gpt-4o,PQ,False
733,Anonymized_gpt-4o,CQ,False
701,Anonymized_Llama-4-Maverick_synthetic,CQ,False
733,Anonymized_gpt-3.5-turbo,CQ,False
733,Anonymized_gpt-3.5-turbo,CQ,True
733,Anonymized_gpt-3.5-turbo,PQ,False
733,Anonymized_gpt-4o,CQ,False
733,Anonymized_gpt-4o,PQ,False
733,Anonymized_gpt-4o,CQ,True
733,Anonymized_gpt-4o,PQ,False
733,Anonymized_gpt-4o,CQ,False
733,Anonymized_gpt-4o,PQ,False
733,Anonymized_gpt-4o,PQ,True
701,Anonymized_Llama-4-Maverick-17B-128E-Instruct-FP8,CQ,True
733,Anonymized_gpt-3.5-turbo,CQ,False
733,Anonymized_gpt-4o,CQ,True
733,Anonymized_gpt-4o,PQ,False
733,Anonymized_NER,PQ,True
733,Anonymized_gpt-3.5-turbo,PQ,False
733,Anonymized_gpt-4o,CQ,True
733,Anonymized_gpt-3.5-turbo,CQ,True
733,Anonymized_gpt-3.5-turbo,PQ,False
733,Anonymized_gpt-3.5-turbo,PQ,False
733,Anonymized_gpt-4o,PQ,True
733,Anonymized_NER,CQ,True
733,Anonymized_NER,CQ,False
733,Anonymized_NER,CQ,False
733,Anonymized_gpt-4o,CQ,True
733,Anonymized_gpt-4o,CQ,True
733,Anonymized_NER,PQ,False
733,Anonymized_NER,PQ,False
733,Anonymized_gpt-3.5-turbo,CQ,True
733,Anonymized_NER,PQ,False
733,Anonymized_gpt-4o,CQ,False
733,Anonymized_DeepSeek-V4-Pro,CQ,False
733,Anonymized_gpt-4o,PQ,False
733,Anonymized_NER,CQ,True
733,Anonymized_gpt-3.5-turbo,PQ,True
733,Anonymized_NER,CQ,False
733,Anonymized_DeepSeek-V4-Pro,CQ,False
733,Anonymized_NER,PQ,True
733,Anonymized_DeepSeek-V4-Pro,CQ,True
733,Anonymized_gpt-4o,PQ,False
733,Anonymized_DeepSeek-V4-Pro,PQ,False
733,Anonymized_DeepSeek-V4-Pro,PQ,True
733,Anonymized_DeepSeek-V4-Pro,PQ,False
733,Anonymized_NER,PQ,False
733,Anonymized_DeepSeek-V4-Pro,CQ,False
733,Anonymized_DeepSeek-V4-Pro,CQ,False
733,Anonymized_DeepSeek-V4-Pro,CQ,False
733,Anonymized_gpt-4o,PQ,False
733,Anonymized_Llama-4-Maverick-17B-128E-Instruct-FP8,PQ,False
733,Anonymized_NER,PQ,False
733,Anonymized_DeepSeek-V4-Pro,CQ,False
733,Anonymized_Llama-4-Maverick-17B-128E-Instruct-FP8,PQ,False
733,Anonymized_gpt-3.5-turbo,CQ,True
733,Anonymized_Llama-4-Maverick-17B-128E-Instruct-FP8,CQ,False
733,Anonymized_NER,CQ,False
733,Anonymized_NER,CQ,False
733,Anonymized_Llama-4-Maverick-17B-128E-Instruct-FP8,PQ,False
733,Anonymized_Llama-4-Maverick-17B-128E-Instruct-FP8,CQ,True
733,Anonymized_NER,PQ,True
733,Anonymized_NER,PQ,False
733,Anonymized_NER,CQ,True
733,Anonymized_NER,CQ,False
733,Anonymized_DeepSeek-V4-Pro,CQ,True
733,Anonymized_Llama-4-Maverick-17B-128E-Instruct-FP8,CQ,False
733,Anonymized_Llama-4-Maverick-17B-128E-Instruct-FP8,PQ,False
733,Anonymized_Llama-4-Maverick_fewshot,PQ,False
733,Anonymized_DeepSeek-V4-Pro,PQ,False
733,Anonymized_Llama-4-Maverick-17B-128E-Instruct-FP8,CQ,False
733,Anonymized_Llama-4-Maverick-17B-128E-Instruct-FP8,PQ,False
733,Anonymized_Llama-4-Maverick-17B-128E-Instruct-FP8,CQ,True
733,Anonymized_Llama-4-Maverick-17B-128E-Instruct-FP8,CQ,True
733,Anonymized_Llama-4-Maverick-17B-128E-Instruct-FP8,CQ,True
733,Anonymized_Llama-4-Maverick_fewshot,PQ,False
733,Anonymized_DeepSeek-V4-Pro,PQ,False
733,Anonymized_Llama-4-Maverick_fewshot,CQ,False
733,Anonymized_Llama-4-Maverick_fewshot,CQ,False
733,Anonymized_Llama-4-Maverick_fewshot,CQ,True
733,Anonymized_DeepSeek-V4-Pro,PQ,False
733,Anonymized_NER,CQ,True
733,Anonymized_NER,PQ,False
733,Anonymized_DeepSeek-V4-Pro,CQ,True
733,Anonymized_Llama-4-Maverick_fewshot,PQ,True
733,Anonymized_Llama-4-Maverick-17B-128E-Instruct-FP8,CQ,False
733,Anonymized_Llama-4-Maverick_fewshot,CQ,True
733,Anonymized_DeepSeek-V4-Pro,PQ,False
733,Anonymized_gpt-3.5-turbo,CQ,True
733,Anonymized_Llama-4-Maverick_fewshot,PQ,False
733,Anonymized_DeepSeek-V4-Pro,PQ,False
733,Anonymized_Llama-4-Maverick-17B-128E-Instruct-FP8,PQ,False
733,Anonymized_Llama-4-Maverick-17B-128E-Instruct-FP8,PQ,False
701,Anonymized_Llama-4-Maverick-17B-128E-Instruct-FP8,PQ,False
733,Anonymized_Llama-4-Maverick_fewshot,PQ,False
733,Anonymized_Llama-4-Maverick_synthetic,PQ,False
733,Anonymized_Llama-4-Maverick_synthetic,CQ,False
733,Anonymized_Llama-4-Maverick_synthetic,PQ,False
733,Anonymized_Llama-4-Maverick_fewshot,CQ,False
733,Anonymized_Llama-4-Maverick-17B-128E-Instruct-FP8,PQ,False
733,Anonymized_Llama-4-Maverick-17B-128E-Instruct-FP8,PQ,False
733,Anonymized_Llama-4-Maverick_synthetic,CQ,False
733,Anonymized_Llama-4-Maverick-17B-128E-Instruct-FP8,CQ,False
733,Anonymized_Llama-4-Maverick_fewshot,CQ,False
733,Anonymized_DeepSeek-V4-Pro,PQ,False
733,Anonymized_Llama-4-Maverick_synthetic,PQ,False
733,Anonymized_Llama-4-Maverick_fewshot,PQ,False
733,Anonymized_Llama-4-Maverick_fewshot,CQ,False
733,Anonymized_Llama-4-Maverick_synthetic,CQ,False
733,Anonymized_Llama-4-Maverick-17B-128E-Instruct-FP8,CQ,True
733,Anonymized_Llama-4-Maverick_synthetic,PQ,False
733,Anonymized_Llama-4-Maverick_fewshot,PQ,False
733,Anonymized_Llama-4-Maverick_synthetic,PQ,False
733,Anonymized_Llama-4-Maverick_synthetic,CQ,False
733,Anonymized_Llama-4-Maverick_fewshot,PQ,False
733,Anonymized_Llama-4-Maverick_synthetic,PQ,False
733,Anonymized_Llama-4-Maverick_synthetic,CQ,True
733,Anonymized_Llama-4-Maverick_synthetic,PQ,False
733,Anonymized_Llama-4-Maverick_synthetic,CQ,False
733,Anonymized_Llama-4-Maverick_fewshot,CQ,True
733,Anonymized_Llama-4-Maverick_fewshot,PQ,False
733,Anonymized_Llama-4-Maverick_fewshot,CQ,False
733,Anonymized_Llama-4-Maverick_fewshot,PQ,False
733,Anonymized_Llama-4-Maverick_synthetic,CQ,True
733,Anonymized_Llama-4-Maverick_synthetic,CQ,True
779,Anonymized_gpt-3.5-turbo,CQ,True
779,Anonymized_gpt-3.5-turbo,CQ,False
733,Anonymized_Llama-4-Maverick_synthetic,PQ,False
779,Anonymized_gpt-3.5-turbo,PQ,False
733,Anonymized_Llama-4-Maverick_synthetic,PQ,True
779,Anonymized_gpt-3.5-turbo,PQ,False
779,Anonymized_gpt-3.5-turbo,CQ,False
733,Anonymized_DeepSeek-V4-Pro,CQ,True
779,Anonymized_gpt-3.5-turbo,CQ,False
733,Anonymized_Llama-4-Maverick_fewshot,CQ,True
779,Anonymized_gpt-3.5-turbo,PQ,False
733,Anonymized_Llama-4-Maverick_synthetic,PQ,True
779,Anonymized_gpt-3.5-turbo,PQ,False
779,Anonymized_gpt-3.5-turbo,CQ,False
733,Anonymized_Llama-4-Maverick-17B-128E-Instruct-FP8,PQ,False
779,Anonymized_gpt-3.5-turbo,PQ,False
779,Anonymized_gpt-3.5-turbo,PQ,False
779,Anonymized_gpt-4o,CQ,False
779,Anonymized_gpt-4o,PQ,False
779,Anonymized_gpt-3.5-turbo,PQ,False
779,Anonymized_gpt-3.5-turbo,PQ,False
779,Anonymized_gpt-4o,CQ,False
779,Anonymized_gpt-4o,PQ,False
779,Anonymized_gpt-4o,CQ,False
779,Anonymized_gpt-4o,PQ,False
779,Anonymized_gpt-4o,PQ,False
779,Anonymized_gpt-4o,CQ,False
779,Anonymized_gpt-4o,CQ,False
733,Anonymized_DeepSeek-V4-Pro,PQ,True
779,Anonymized_gpt-4o,PQ,False
733,Anonymized_Llama-4-Maverick_synthetic,CQ,True
779,Anonymized_gpt-3.5-turbo,CQ,False
779,Anonymized_gpt-4o,CQ,True
779,Anonymized_NER,CQ,False
779,Anonymized_gpt-4o,PQ,False
779,Anonymized_gpt-3.5-turbo,CQ,False
779,Anonymized_NER,PQ,False
779,Anonymized_gpt-4o,CQ,False
779,Anonymized_gpt-3.5-turbo,CQ,False
779,Anonymized_gpt-4o,PQ,False
779,Anonymized_NER,PQ,False
779,Anonymized_NER,PQ,False
779,Anonymized_gpt-4o,PQ,False
779,Anonymized_gpt-4o,CQ,False
779,Anonymized_NER,CQ,False
733,Anonymized_Llama-4-Maverick_synthetic,CQ,True
779,Anonymized_gpt-4o,CQ,False
779,Anonymized_NER,PQ,False
779,Anonymized_DeepSeek-V4-Pro,CQ,False
779,Anonymized_NER,CQ,False
779,Anonymized_DeepSeek-V4-Pro,PQ,False
779,Anonymized_NER,CQ,False
779,Anonymized_NER,PQ,False
779,Anonymized_NER,CQ,False
779,Anonymized_gpt-4o,CQ,True
779,Anonymized_DeepSeek-V4-Pro,CQ,False
779,Anonymized_DeepSeek-V4-Pro,PQ,False
779,Anonymized_DeepSeek-V4-Pro,CQ,False
779,Anonymized_DeepSeek-V4-Pro,PQ,True
779,Anonymized_NER,CQ,True
779,Anonymized_NER,PQ,False
779,Anonymized_DeepSeek-V4-Pro,PQ,False
779,Anonymized_NER,CQ,False
779,Anonymized_gpt-4o,PQ,False
779,Anonymized_DeepSeek-V4-Pro,CQ,False
779,Anonymized_Llama-4-Maverick-17B-128E-Instruct-FP8,PQ,False
779,Anonymized_Llama-4-Maverick-17B-128E-Instruct-FP8,CQ,True
779,Anonymized_gpt-4o,PQ,False
779,Anonymized_NER,CQ,False
779,Anonymized_NER,PQ,False
779,Anonymized_Llama-4-Maverick-17B-128E-Instruct-FP8,PQ,False
779,Anonymized_DeepSeek-V4-Pro,CQ,False
779,Anonymized_Llama-4-Maverick-17B-128E-Instruct-FP8,PQ,False
779,Anonymized_Llama-4-Maverick-17B-128E-Instruct-FP8,PQ,False
779,Anonymized_Llama-4-Maverick-17B-128E-Instruct-FP8,CQ,False
779,Anonymized_DeepSeek-V4-Pro,CQ,True
779,Anonymized_gpt-3.5-turbo,PQ,False
779,Anonymized_gpt-3.5-turbo,CQ,True
779,Anonymized_DeepSeek-V4-Pro,PQ,False
779,Anonymized_Llama-4-Maverick-17B-128E-Instruct-FP8,CQ,False
779,Anonymized_DeepSeek-V4-Pro,CQ,False
779,Anonymized_Llama-4-Maverick-17B-128E-Instruct-FP8,PQ,False
779,Anonymized_DeepSeek-V4-Pro,PQ,False
779,Anonymized_Llama-4-Maverick-17B-128E-Instruct-FP8,PQ,False
779,Anonymized_DeepSeek-V4-Pro,PQ,False
779,Anonymized_Llama-4-Maverick-17B-128E-Instruct-FP8,PQ,False
779,Anonymized_gpt-3.5-turbo,CQ,True
779,Anonymized_gpt-3.5-turbo,PQ,False
779,Anonymized_Llama-4-Maverick-17B-128E-Instruct-FP8,CQ,False
779,Anonymized_Llama-4-Maverick_fewshot,CQ,False
779,Anonymized_DeepSeek-V4-Pro,CQ,False
779,Anonymized_Llama-4-Maverick_fewshot,PQ,False
779,Anonymized_Llama-4-Maverick-17B-128E-Instruct-FP8,PQ,False
779,Anonymized_Llama-4-Maverick-17B-128E-Instruct-FP8,CQ,False
779,Anonymized_DeepSeek-V4-Pro,CQ,False
779,Anonymized_Llama-4-Maverick-17B-128E-Instruct-FP8,PQ,False
779,Anonymized_Llama-4-Maverick_fewshot,CQ,False
779,Anonymized_Llama-4-Maverick_fewshot,PQ,False
779,Anonymized_DeepSeek-V4-Pro,CQ,True
779,Anonymized_Llama-4-Maverick-17B-128E-Instruct-FP8,PQ,False
779,Anonymized_Llama-4-Maverick_fewshot,PQ,False
779,Anonymized_Llama-4-Maverick_fewshot,CQ,False
779,Anonymized_NER,PQ,False
779,Anonymized_Llama-4-Maverick_fewshot,PQ,False
779,Anonymized_Llama-4-Maverick_fewshot,PQ,False
779,Anonymized_Llama-4-Maverick_synthetic,PQ,False
779,Anonymized_Llama-4-Maverick_fewshot,CQ,False
779,Anonymized_NER,CQ,True
779,Anonymized_Llama-4-Maverick_fewshot,CQ,False
779,Anonymized_Llama-4-Maverick_synthetic,PQ,False
779,Anonymized_Llama-4-Maverick_fewshot,CQ,False
779,Anonymized_Llama-4-Maverick_fewshot,CQ,True
779,Anonymized_Llama-4-Maverick_fewshot,PQ,False
779,Anonymized_Llama-4-Maverick-17B-128E-Instruct-FP8,CQ,True
779,Anonymized_NER,CQ,False
779,Anonymized_Llama-4-Maverick_fewshot,PQ,False
779,Anonymized_Llama-4-Maverick_synthetic,PQ,False
779,Anonymized_Llama-4-Maverick_synthetic,PQ,False
779,Anonymized_Llama-4-Maverick_synthetic,PQ,False
779,Anonymized_DeepSeek-V4-Pro,PQ,False
779,Anonymized_NER,PQ,False
779,Anonymized_Llama-4-Maverick_synthetic,PQ,False
779,Anonymized_Llama-4-Maverick-17B-128E-Instruct-FP8,CQ,False
779,Anonymized_Llama-4-Maverick_synthetic,PQ,False
779,Anonymized_Llama-4-Maverick_synthetic,CQ,False
779,Anonymized_Llama-4-Maverick_synthetic,PQ,False
779,Anonymized_Llama-4-Maverick-17B-128E-Instruct-FP8,CQ,True
779,Anonymized_DeepSeek-V4-Pro,PQ,False
779,Anonymized_Llama-4-Maverick_fewshot,CQ,False
779,Anonymized_Llama-4-Maverick_synthetic,CQ,False
779,Anonymized_DeepSeek-V4-Pro,PQ,False
779,Anonymized_Llama-4-Maverick_synthetic,CQ,False
779,Anonymized_Llama-4-Maverick_synthetic,CQ,False
779,Anonymized_Llama-4-Maverick_fewshot,CQ,False
779,Anonymized_Llama-4-Maverick_synthetic,CQ,False
779,Anonymized_Llama-4-Maverick_synthetic,CQ,False
779,Anonymized_Llama-4-Maverick_synthetic,CQ,False
779,Anonymized_Llama-4-Maverick_fewshot,PQ,False
790,Anonymized_gpt-3.5-turbo,CQ,False
779,Anonymized_Llama-4-Maverick_synthetic,CQ,True
790,Anonymized_gpt-3.5-turbo,PQ,False
790,Anonymized_gpt-3.5-turbo,CQ,False
790,Anonymized_gpt-3.5-turbo,CQ,True
790,Anonymized_gpt-3.5-turbo,PQ,False
779,Anonymized_Llama-4-Maverick_synthetic,CQ,False
790,Anonymized_gpt-3.5-turbo,PQ,False
779,Anonymized_Llama-4-Maverick_fewshot,PQ,False
779,Anonymized_Llama-4-Maverick-17B-128E-Instruct-FP8,CQ,False
779,Anonymized_Llama-4-Maverick_synthetic,CQ,False
779,Anonymized_Llama-4-Maverick_synthetic,PQ,False
790,Anonymized_gpt-3.5-turbo,PQ,False
779,Anonymized_Llama-4-Maverick_fewshot,CQ,True
790,Anonymized_gpt-3.5-turbo,CQ,False
790,Anonymized_gpt-3.5-turbo,CQ,False
779,Anonymized_Llama-4-Maverick-17B-128E-Instruct-FP8,CQ,False
790,Anonymized_gpt-4o,PQ,False
790,Anonymized_gpt-3.5-turbo,PQ,False
790,Anonymized_gpt-4o,CQ,True
790,Anonymized_gpt-4o,CQ,True
790,Anonymized_gpt-3.5-turbo,CQ,False
790,Anonymized_gpt-4o,CQ,True
790,Anonymized_gpt-3.5-turbo,PQ,False
790,Anonymized_gpt-4o,PQ,True
790,Anonymized_gpt-3.5-turbo,CQ,False
790,Anonymized_gpt-4o,PQ,False
790,Anonymized_gpt-4o,PQ,False
779,Anonymized_NER,PQ,False
790,Anonymized_gpt-3.5-turbo,CQ,True
790,Anonymized_gpt-4o,CQ,False
790,Anonymized_gpt-3.5-turbo,CQ,True
790,Anonymized_gpt-4o,CQ,False
790,Anonymized_NER,PQ,False
790,Anonymized_gpt-3.5-turbo,PQ,False
790,Anonymized_gpt-4o,PQ,False
779,Anonymized_Llama-4-Maverick_fewshot,PQ,False
790,Anonymized_gpt-4o,PQ,False
790,Anonymized_gpt-4o,PQ,False
790,Anonymized_NER,PQ,False
779,Anonymized_Llama-4-Maverick_synthetic,PQ,False
790,Anonymized_NER,PQ,False
790,Anonymized_gpt-4o,PQ,False
790,Anonymized_NER,PQ,False
790,Anonymized_NER,CQ,False
790,Anonymized_NER,CQ,True
790,Anonymized_gpt-4o,CQ,False
790,Anonymized_NER,CQ,True
790,Anonymized_NER,CQ,True
790,Anonymized_NER,CQ,False
790,Anonymized_DeepSeek-V4-Pro,CQ,False
790,Anonymized_DeepSeek-V4-Pro,CQ,False
790,Anonymized_DeepSeek-V4-Pro,PQ,False
790,Anonymized_NER,CQ,True
790,Anonymized_NER,CQ,False
790,Anonymized_DeepSeek-V4-Pro,PQ,False
790,Anonymized_gpt-3.5-turbo,PQ,True
790,Anonymized_gpt-4o,PQ,False
790,Anonymized_DeepSeek-V4-Pro,CQ,True
790,Anonymized_gpt-4o,PQ,False
790,Anonymized_DeepSeek-V4-Pro,CQ,False
467,Anonymized_Llama-4-Maverick_synthetic,CQ,False
790,Anonymized_NER,CQ,False
790,Anonymized_gpt-4o,CQ,False
790,Anonymized_DeepSeek-V4-Pro,CQ,True
790,Anonymized_gpt-4o,CQ,False
790,Anonymized_DeepSeek-V4-Pro,PQ,False
790,Anonymized_Llama-4-Maverick-17B-128E-Instruct-FP8,PQ,False
790,Anonymized_gpt-3.5-turbo,CQ,True
790,Anonymized_NER,PQ,True
790,Anonymized_DeepSeek-V4-Pro,PQ,True
790,Anonymized_Llama-4-Maverick-17B-128E-Instruct-FP8,CQ,True
790,Anonymized_DeepSeek-V4-Pro,PQ,False
790,Anonymized_gpt-3.5-turbo,PQ,False
790,Anonymized_gpt-3.5-turbo,PQ,False
790,Anonymized_Llama-4-Maverick-17B-128E-Instruct-FP8,PQ,False
790,Anonymized_gpt-4o,CQ,True
790,Anonymized_NER,PQ,False
790,Anonymized_DeepSeek-V4-Pro,PQ,True
790,Anonymized_DeepSeek-V4-Pro,CQ,False
790,Anonymized_NER,PQ,False
790,Anonymized_DeepSeek-V4-Pro,PQ,False
790,Anonymized_Llama-4-Maverick-17B-128E-Instruct-FP8,CQ,True
790,Anonymized_NER,CQ,False
790,Anonymized_Llama-4-Maverick-17B-128E-Instruct-FP8,PQ,False
790,Anonymized_NER,PQ,False
790,Anonymized_Llama-4-Maverick-17B-128E-Instruct-FP8,PQ,False
790,Anonymized_DeepSeek-V4-Pro,PQ,False
790,Anonymized_DeepSeek-V4-Pro,CQ,True
790,Anonymized_Llama-4-Maverick-17B-128E-Instruct-FP8,PQ,False
790,Anonymized_Llama-4-Maverick-17B-128E-Instruct-FP8,PQ,False
790,Anonymized_Llama-4-Maverick-17B-128E-Instruct-FP8,PQ,False
790,Anonymized_Llama-4-Maverick-17B-128E-Instruct-FP8,CQ,True
790,Anonymized_NER,PQ,True
790,Anonymized_DeepSeek-V4-Pro,PQ,False
790,Anonymized_Llama-4-Maverick_fewshot,PQ,False
790,Anonymized_Llama-4-Maverick_fewshot,PQ,True
790,Anonymized_Llama-4-Maverick_fewshot,CQ,True
790,Anonymized_Llama-4-Maverick_fewshot,PQ,False
790,Anonymized_Llama-4-Maverick_fewshot,PQ,False
790,Anonymized_Llama-4-Maverick-17B-128E-Instruct-FP8,CQ,True
790,Anonymized_Llama-4-Maverick_fewshot,CQ,False
790,Anonymized_Llama-4-Maverick_fewshot,CQ,True
790,Anonymized_Llama-4-Maverick-17B-128E-Instruct-FP8,CQ,False
790,Anonymized_Llama-4-Maverick_fewshot,PQ,False
790,Anonymized_Llama-4-Maverick-17B-128E-Instruct-FP8,CQ,False
790,Anonymized_Llama-4-Maverick-17B-128E-Instruct-FP8,CQ,True
790,Anonymized_Llama-4-Maverick_fewshot,CQ,True
790,Anonymized_Llama-4-Maverick_synthetic,PQ,True
790,Anonymized_Llama-4-Maverick_fewshot,PQ,True
790,Anonymized_Llama-4-Maverick_fewshot,CQ,True
790,Anonymized_NER,CQ,True
790,Anonymized_Llama-4-Maverick_synthetic,PQ,False
790,Anonymized_Llama-4-Maverick-17B-128E-Instruct-FP8,CQ,True
790,Anonymized_Llama-4-Maverick_fewshot,CQ,False
790,Anonymized_DeepSeek-V4-Pro,CQ,True
790,Anonymized_Llama-4-Maverick_fewshot,PQ,False
790,Anonymized_Llama-4-Maverick_fewshot,CQ,False
790,Anonymized_Llama-4-Maverick_synthetic,PQ,False
790,Anonymized_Llama-4-Maverick_synthetic,CQ,False
790,Anonymized_DeepSeek-V4-Pro,CQ,True
790,Anonymized_Llama-4-Maverick-17B-128E-Instruct-FP8,PQ,False
790,Anonymized_DeepSeek-V4-Pro,PQ,False
790,Anonymized_Llama-4-Maverick_fewshot,PQ,False
790,Anonymized_Llama-4-Maverick_fewshot,CQ,True
790,Anonymized_Llama-4-Maverick-17B-128E-Instruct-FP8,CQ,False
790,Anonymized_gpt-4o,CQ,True
790,Anonymized_Llama-4-Maverick_synthetic,PQ,True
790,Anonymized_Llama-4-Maverick_synthetic,CQ,False
790,Anonymized_NER,PQ,True
790,Anonymized_Llama-4-Maverick_synthetic,PQ,False
790,Anonymized_Llama-4-Maverick_fewshot,PQ,False
790,Anonymized_Llama-4-Maverick_synthetic,CQ,True
790,Anonymized_Llama-4-Maverick_synthetic,PQ,False
790,Anonymized_Llama-4-Maverick_fewshot,PQ,False
790,Anonymized_Llama-4-Maverick_synthetic,CQ,True
790,Anonymized_Llama-4-Maverick_synthetic,PQ,False
790,Anonymized_Llama-4-Maverick-17B-128E-Instruct-FP8,PQ,False
790,Anonymized_Llama-4-Maverick_synthetic,CQ,False
790,Anonymized_Llama-4-Maverick_synthetic,CQ,True
790,Anonymized_Llama-4-Maverick_synthetic,PQ,True
790,Anonymized_Llama-4-Maverick_synthetic,PQ,False
790,Anonymized_Llama-4-Maverick_synthetic,CQ,False
794,Anonymized_gpt-3.5-turbo,PQ,False
794,Anonymized_gpt-3.5-turbo,CQ,True
794,Anonymized_gpt-3.5-turbo,CQ,True
790,Anonymized_Llama-4-Maverick_fewshot,CQ,False
794,Anonymized_gpt-3.5-turbo,CQ,True
794,Anonymized_gpt-3.5-turbo,PQ,False
790,Anonymized_Llama-4-Maverick-17B-128E-Instruct-FP8,CQ,False
790,Anonymized_Llama-4-Maverick_synthetic,CQ,True
794,Anonymized_gpt-3.5-turbo,PQ,False
790,Anonymized_Llama-4-Maverick_synthetic,CQ,False
794,Anonymized_gpt-3.5-turbo,PQ,False
794,Anonymized_gpt-4o,CQ,True
794,Anonymized_gpt-3.5-turbo,CQ,True
794,Anonymized_gpt-4o,PQ,True
790,Anonymized_DeepSeek-V4-Pro,CQ,False
790,Anonymized_Llama-4-Maverick_synthetic,CQ,True
794,Anonymized_gpt-3.5-turbo,CQ,True
794,Anonymized_gpt-4o,PQ,False
790,Anonymized_Llama-4-Maverick-17B-128E-Instruct-FP8,PQ,False
794,Anonymized_gpt-3.5-turbo,PQ,False
794,Anonymized_gpt-3.5-turbo,CQ,True
794,Anonymized_gpt-4o,CQ,True
794,Anonymized_gpt-3.5-turbo,CQ,False
794,Anonymized_gpt-4o,CQ,True
794,Anonymized_gpt-3.5-turbo,CQ,False
794,Anonymized_NER,CQ,True
794,Anonymized_gpt-4o,PQ,False
794,Anonymized_gpt-4o,CQ,True
794,Anonymized_gpt-3.5-turbo,PQ,False
790,Anonymized_Llama-4-Maverick_synthetic,PQ,False
794,Anonymized_gpt-3.5-turbo,PQ,True
794,Anonymized_gpt-3.5-turbo,PQ,False
794,Anonymized_gpt-4o,PQ,False
794,Anonymized_NER,CQ,True
794,Anonymized_gpt-4o,CQ,True
794,Anonymized_gpt-3.5-turbo,PQ,False
794,Anonymized_gpt-4o,PQ,False
794,Anonymized_NER,PQ,False
794,Anonymized_NER,PQ,False
794,Anonymized_NER,PQ,True
794,Anonymized_NER,PQ,False
794,Anonymized_gpt-4o,CQ,True
794,Anonymized_NER,CQ,True
794,Anonymized_gpt-4o,CQ,False
794,Anonymized_NER,PQ,False
794,Anonymized_gpt-4o,PQ,False
794,Anonymized_gpt-4o,PQ,False
794,Anonymized_gpt-4o,PQ,False
794,Anonymized_gpt-4o,PQ,False
794,Anonymized_gpt-3.5-turbo,CQ,True
794,Anonymized_gpt-4o,CQ,False
794,Anonymized_DeepSeek-V4-Pro,CQ,True
794,Anonymized_DeepSeek-V4-Pro,CQ,True
794,Anonymized_NER,PQ,False
794,Anonymized_gpt-3.5-turbo,CQ,True
794,Anonymized_gpt-3.5-turbo,PQ,False
794,Anonymized_DeepSeek-V4-Pro,PQ,False
794,Anonymized_DeepSeek-V4-Pro,CQ,True
794,Anonymized_DeepSeek-V4-Pro,PQ,False
794,Anonymized_DeepSeek-V4-Pro,PQ,False
794,Anonymized_DeepSeek-V4-Pro,PQ,False
794,Anonymized_NER,CQ,True
794,Anonymized_DeepSeek-V4-Pro,CQ,True
794,Anonymized_NER,PQ,True
794,Anonymized_DeepSeek-V4-Pro,PQ,False
794,Anonymized_DeepSeek-V4-Pro,PQ,True
794,Anonymized_NER,CQ,True
794,Anonymized_NER,PQ,False
794,Anonymized_DeepSeek-V4-Pro,CQ,True
794,Anonymized_DeepSeek-V4-Pro,CQ,True
794,Anonymized_Llama-4-Maverick-17B-128E-Instruct-FP8,CQ,True
794,Anonymized_NER,CQ,False
794,Anonymized_NER,CQ,True
794,Anonymized_NER,CQ,False
794,Anonymized_DeepSeek-V4-Pro,PQ,False
794,Anonymized_NER,PQ,False
794,Anonymized_DeepSeek-V4-Pro,PQ,False
794,Anonymized_gpt-4o,CQ,True
794,Anonymized_DeepSeek-V4-Pro,PQ,True
794,Anonymized_Llama-4-Maverick-17B-128E-Instruct-FP8,CQ,True
794,Anonymized_DeepSeek-V4-Pro,CQ,True
794,Anonymized_Llama-4-Maverick-17B-128E-Instruct-FP8,CQ,True
794,Anonymized_DeepSeek-V4-Pro,CQ,False
794,Anonymized_Llama-4-Maverick-17B-128E-Instruct-FP8,CQ,True
794,Anonymized_Llama-4-Maverick_fewshot,PQ,False
794,Anonymized_Llama-4-Maverick_fewshot,PQ,False
794,Anonymized_Llama-4-Maverick_fewshot,PQ,False
794,Anonymized_Llama-4-Maverick_fewshot,CQ,True
794,Anonymized_Llama-4-Maverick_fewshot,CQ,False
794,Anonymized_Llama-4-Maverick-17B-128E-Instruct-FP8,CQ,False
794,Anonymized_NER,CQ,False
794,Anonymized_Llama-4-Maverick_fewshot,CQ,True
794,Anonymized_Llama-4-Maverick-17B-128E-Instruct-FP8,PQ,False
794,Anonymized_Llama-4-Maverick_fewshot,CQ,True
794,Anonymized_Llama-4-Maverick-17B-128E-Instruct-FP8,CQ,True
794,Anonymized_Llama-4-Maverick-17B-128E-Instruct-FP8,PQ,False
794,Anonymized_Llama-4-Maverick-17B-128E-Instruct-FP8,PQ,False
794,Anonymized_NER,CQ,True
794,Anonymized_DeepSeek-V4-Pro,CQ,True
794,Anonymized_Llama-4-Maverick-17B-128E-Instruct-FP8,PQ,False
794,Anonymized_Llama-4-Maverick_fewshot,CQ,True
794,Anonymized_Llama-4-Maverick-17B-128E-Instruct-FP8,PQ,True
794,Anonymized_NER,PQ,False
794,Anonymized_Llama-4-Maverick-17B-128E-Instruct-FP8,CQ,False
794,Anonymized_Llama-4-Maverick-17B-128E-Instruct-FP8,PQ,False
794,Anonymized_Llama-4-Maverick-17B-128E-Instruct-FP8,PQ,False
794,Anonymized_DeepSeek-V4-Pro,CQ,False
794,Anonymized_Llama-4-Maverick_fewshot,CQ,False
794,Anonymized_Llama-4-Maverick_fewshot,PQ,False
794,Anonymized_Llama-4-Maverick-17B-128E-Instruct-FP8,PQ,False
794,Anonymized_Llama-4-Maverick_fewshot,CQ,True
794,Anonymized_gpt-4o,PQ,False
794,Anonymized_Llama-4-Maverick_synthetic,CQ,True
794,Anonymized_Llama-4-Maverick_synthetic,PQ,False
794,Anonymized_Llama-4-Maverick_synthetic,PQ,False
794,Anonymized_Llama-4-Maverick_synthetic,PQ,False
794,Anonymized_Llama-4-Maverick-17B-128E-Instruct-FP8,CQ,True
794,Anonymized_Llama-4-Maverick_fewshot,PQ,False
794,Anonymized_Llama-4-Maverick_synthetic,PQ,True
794,Anonymized_Llama-4-Maverick_fewshot,PQ,False
794,Anonymized_Llama-4-Maverick-17B-128E-Instruct-FP8,CQ,True
794,Anonymized_Llama-4-Maverick-17B-128E-Instruct-FP8,PQ,False
794,Anonymized_gpt-4o,CQ,False
794,Anonymized_Llama-4-Maverick_fewshot,CQ,True
794,Anonymized_Llama-4-Maverick_fewshot,CQ,True
794,Anonymized_Llama-4-Maverick_synthetic,CQ,True
794,Anonymized_Llama-4-Maverick_synthetic,PQ,False
794,Anonymized_Llama-4-Maverick_synthetic,PQ,False
794,Anonymized_Llama-4-Maverick_fewshot,CQ,False
794,Anonymized_Llama-4-Maverick_synthetic,CQ,False
794,Anonymized_Llama-4-Maverick_synthetic,CQ,True
794,Anonymized_Llama-4-Maverick_synthetic,CQ,True
794,Anonymized_Llama-4-Maverick_fewshot,PQ,False
794,Anonymized_Llama-4-Maverick_synthetic,PQ,False
794,Anonymized_Llama-4-Maverick_synthetic,CQ,False
794,Anonymized_Llama-4-Maverick-17B-128E-Instruct-FP8,CQ,True
794,Anonymized_Llama-4-Maverick_synthetic,PQ,False
794,Anonymized_Llama-4-Maverick_fewshot,PQ,False
794,Anonymized_Llama-4-Maverick_fewshot,PQ,False
796,Anonymized_gpt-3.5-turbo,CQ,False
794,Anonymized_Llama-4-Maverick_fewshot,PQ,False
796,Anonymized_gpt-3.5-turbo,PQ,False
796,Anonymized_gpt-3.5-turbo,CQ,False
796,Anonymized_gpt-3.5-turbo,PQ,False
794,Anonymized_Llama-4-Maverick_synthetic,CQ,True
794,Anonymized_Llama-4-Maverick_synthetic,CQ,False
794,Anonymized_Llama-4-Maverick-17B-128E-Instruct-FP8,PQ,False
796,Anonymized_gpt-3.5-turbo,PQ,False
796,Anonymized_gpt-3.5-turbo,PQ,True
796,Anonymized_gpt-3.5-turbo,CQ,True
796,Anonymized_gpt-3.5-turbo,CQ,False
794,Anonymized_Llama-4-Maverick_synthetic,PQ,False
796,Anonymized_gpt-3.5-turbo,CQ,False
794,Anonymized_DeepSeek-V4-Pro,PQ,False
796,Anonymized_gpt-3.5-turbo,CQ,True
796,Anonymized_gpt-3.5-turbo,CQ,False
794,Anonymized_Llama-4-Maverick_synthetic,PQ,False
796,Anonymized_gpt-4o,CQ,True
794,Anonymized_Llama-4-Maverick_synthetic,CQ,True
796,Anonymized_gpt-4o,CQ,False
794,Anonymized_Llama-4-Maverick_synthetic,CQ,True
796,Anonymized_gpt-4o,CQ,True
796,Anonymized_gpt-4o,PQ,False
796,Anonymized_gpt-3.5-turbo,PQ,False
796,Anonymized_gpt-4o,CQ,False
796,Anonymized_NER,CQ,False
796,Anonymized_gpt-4o,PQ,False
796,Anonymized_gpt-3.5-turbo,PQ,False
796,Anonymized_NER,PQ,False
796,Anonymized_NER,CQ,False
796,Anonymized_gpt-4o,PQ,False
796,Anonymized_gpt-4o,CQ,False
796,Anonymized_gpt-4o,PQ,False
796,Anonymized_gpt-4o,CQ,True
796,Anonymized_gpt-3.5-turbo,CQ,False
796,Anonymized_gpt-4o,PQ,False
796,Anonymized_gpt-4o,PQ,False
796,Anonymized_NER,CQ,True
796,Anonymized_NER,PQ,True
796,Anonymized_gpt-3.5-turbo,PQ,False
796,Anonymized_gpt-3.5-turbo,CQ,False
796,Anonymized_NER,CQ,False
796,Anonymized_NER,PQ,False
796,Anonymized_gpt-3.5-turbo,PQ,False
796,Anonymized_gpt-3.5-turbo,CQ,True
796,Anonymized_NER,CQ,True
796,Anonymized_NER,PQ,False
796,Anonymized_DeepSeek-V4-Pro,CQ,False
796,Anonymized_gpt-4o,PQ,False
796,Anonymized_DeepSeek-V4-Pro,CQ,False
796,Anonymized_DeepSeek-V4-Pro,PQ,False
796,Anonymized_NER,CQ,False
796,Anonymized_NER,PQ,False
796,Anonymized_DeepSeek-V4-Pro,CQ,False
796,Anonymized_NER,CQ,False
796,Anonymized_DeepSeek-V4-Pro,PQ,False
796,Anonymized_NER,CQ,False
796,Anonymized_DeepSeek-V4-Pro,PQ,False
796,Anonymized_DeepSeek-V4-Pro,CQ,False
796,Anonymized_DeepSeek-V4-Pro,PQ,False
796,Anonymized_DeepSeek-V4-Pro,PQ,False
796,Anonymized_NER,PQ,False
796,Anonymized_DeepSeek-V4-Pro,CQ,False
796,Anonymized_DeepSeek-V4-Pro,PQ,False
796,Anonymized_gpt-4o,PQ,False
796,Anonymized_gpt-4o,CQ,False
796,Anonymized_gpt-4o,PQ,False
796,Anonymized_gpt-3.5-turbo,PQ,False
796,Anonymized_DeepSeek-V4-Pro,CQ,True
796,Anonymized_Llama-4-Maverick-17B-128E-Instruct-FP8,PQ,False
796,Anonymized_NER,PQ,True
796,Anonymized_gpt-4o,CQ,True
796,Anonymized_NER,PQ,False
796,Anonymized_NER,CQ,True
796,Anonymized_DeepSeek-V4-Pro,CQ,False
796,Anonymized_gpt-4o,PQ,False
796,Anonymized_DeepSeek-V4-Pro,PQ,False
796,Anonymized_DeepSeek-V4-Pro,PQ,False
796,Anonymized_NER,CQ,False
796,Anonymized_gpt-3.5-turbo,PQ,False
796,Anonymized_Llama-4-Maverick-17B-128E-Instruct-FP8,PQ,False
796,Anonymized_Llama-4-Maverick-17B-128E-Instruct-FP8,CQ,True
796,Anonymized_Llama-4-Maverick-17B-128E-Instruct-FP8,PQ,False
796,Anonymized_Llama-4-Maverick_fewshot,PQ,False
796,Anonymized_DeepSeek-V4-Pro,PQ,False
796,Anonymized_Llama-4-Maverick_fewshot,CQ,False
796,Anonymized_Llama-4-Maverick-17B-128E-Instruct-FP8,PQ,False
796,Anonymized_Llama-4-Maverick_fewshot,PQ,False
796,Anonymized_Llama-4-Maverick-17B-128E-Instruct-FP8,PQ,False
796,Anonymized_Llama-4-Maverick-17B-128E-Instruct-FP8,CQ,True
796,Anonymized_Llama-4-Maverick-17B-128E-Instruct-FP8,PQ,False
796,Anonymized_Llama-4-Maverick_fewshot,CQ,False
796,Anonymized_gpt-4o,CQ,False
796,Anonymized_Llama-4-Maverick-17B-128E-Instruct-FP8,PQ,False
796,Anonymized_Llama-4-Maverick_fewshot,CQ,True
796,Anonymized_DeepSeek-V4-Pro,CQ,True
796,Anonymized_Llama-4-Maverick_fewshot,PQ,False
796,Anonymized_DeepSeek-V4-Pro,PQ,False
796,Anonymized_Llama-4-Maverick-17B-128E-Instruct-FP8,PQ,False
796,Anonymized_Llama-4-Maverick-17B-128E-Instruct-FP8,CQ,False
796,Anonymized_Llama-4-Maverick_fewshot,PQ,False
796,Anonymized_Llama-4-Maverick-17B-128E-Instruct-FP8,CQ,False
796,Anonymized_Llama-4-Maverick_synthetic,PQ,False
796,Anonymized_Llama-4-Maverick_synthetic,CQ,False
796,Anonymized_gpt-4o,CQ,False
796,Anonymized_Llama-4-Maverick_fewshot,PQ,False
796,Anonymized_Llama-4-Maverick_fewshot,CQ,True
796,Anonymized_Llama-4-Maverick-17B-128E-Instruct-FP8,CQ,False
796,Anonymized_Llama-4-Maverick_fewshot,CQ,True
796,Anonymized_Llama-4-Maverick_fewshot,PQ,False
796,Anonymized_Llama-4-Maverick-17B-128E-Instruct-FP8,CQ,True
796,Anonymized_Llama-4-Maverick_fewshot,CQ,False
796,Anonymized_Llama-4-Maverick_synthetic,PQ,False
796,Anonymized_Llama-4-Maverick_synthetic,CQ,False
796,Anonymized_Llama-4-Maverick_synthetic,CQ,False
796,Anonymized_Llama-4-Maverick_fewshot,CQ,True
796,Anonymized_Llama-4-Maverick-17B-128E-Instruct-FP8,CQ,False
796,Anonymized_Llama-4-Maverick_fewshot,CQ,False
796,Anonymized_Llama-4-Maverick_fewshot,PQ,False
796,Anonymized_Llama-4-Maverick_synthetic,PQ,False
796,Anonymized_Llama-4-Maverick-17B-128E-Instruct-FP8,PQ,False
796,Anonymized_Llama-4-Maverick-17B-128E-Instruct-FP8,CQ,False
796,Anonymized_DeepSeek-V4-Pro,CQ,True
796,Anonymized_Llama-4-Maverick_synthetic,CQ,True
796,Anonymized_Llama-4-Maverick_fewshot,CQ,True
796,Anonymized_Llama-4-Maverick_synthetic,CQ,False
796,Anonymized_Llama-4-Maverick-17B-128E-Instruct-FP8,CQ,True
796,Anonymized_Llama-4-Maverick-17B-128E-Instruct-FP8,CQ,False
796,Anonymized_Llama-4-Maverick_fewshot,PQ,False
796,Anonymized_Llama-4-Maverick_synthetic,PQ,False
796,Anonymized_NER,PQ,False
796,Anonymized_Llama-4-Maverick_synthetic,PQ,False
796,Anonymized_Llama-4-Maverick_fewshot,PQ,False
796,Anonymized_NER,PQ,False
796,Anonymized_Llama-4-Maverick_synthetic,CQ,False
796,Anonymized_Llama-4-Maverick_synthetic,PQ,False
796,Anonymized_Llama-4-Maverick_synthetic,PQ,False
796,Anonymized_Llama-4-Maverick_synthetic,PQ,False
796,Anonymized_Llama-4-Maverick_fewshot,CQ,False
796,Anonymized_Llama-4-Maverick-17B-128E-Instruct-FP8,PQ,False
813,Anonymized_gpt-3.5-turbo,CQ,False
813,Anonymized_gpt-3.5-turbo,PQ,True
796,Anonymized_Llama-4-Maverick_synthetic,PQ,True
796,Anonymized_Llama-4-Maverick_synthetic,CQ,False
813,Anonymized_gpt-3.5-turbo,PQ,False
813,Anonymized_gpt-3.5-turbo,CQ,True
796,Anonymized_DeepSeek-V4-Pro,CQ,False
813,Anonymized_gpt-3.5-turbo,CQ,False
796,Anonymized_Llama-4-Maverick_synthetic,PQ,False
813,Anonymized_gpt-3.5-turbo,CQ,False
813,Anonymized_gpt-3.5-turbo,PQ,False
813,Anonymized_gpt-3.5-turbo,CQ,False
813,Anonymized_gpt-3.5-turbo,CQ,True
813,Anonymized_gpt-3.5-turbo,PQ,False
813,Anonymized_gpt-3.5-turbo,CQ,True
813,Anonymized_gpt-4o,CQ,False
813,Anonymized_gpt-3.5-turbo,CQ,False
813,Anonymized_gpt-4o,PQ,False
813,Anonymized_gpt-4o,CQ,False
796,Anonymized_Llama-4-Maverick_synthetic,CQ,True
796,Anonymized_Llama-4-Maverick_synthetic,CQ,True
796,Anonymized_Llama-4-Maverick_fewshot,PQ,False
813,Anonymized_gpt-4o,CQ,True
796,Anonymized_Llama-4-Maverick_synthetic,CQ,True
813,Anonymized_gpt-4o,PQ,False
813,Anonymized_gpt-3.5-turbo,PQ,False
813,Anonymized_gpt-3.5-turbo,PQ,False
813,Anonymized_gpt-4o,PQ,False
813,Anonymized_gpt-4o,CQ,True
813,Anonymized_gpt-4o,PQ,True
813,Anonymized_gpt-4o,CQ,False
813,Anonymized_gpt-3.5-turbo,PQ,False
813,Anonymized_gpt-4o,PQ,False
813,Anonymized_gpt-3.5-turbo,PQ,False
813,Anonymized_gpt-4o,CQ,False
813,Anonymized_NER,PQ,False
813,Anonymized_gpt-4o,CQ,False
813,Anonymized_gpt-4o,PQ,False
813,Anonymized_gpt-3.5-turbo,PQ,False
813,Anonymized_gpt-3.5-turbo,CQ,False
813,Anonymized_gpt-4o,CQ,True
813,Anonymized_NER,PQ,False
813,Anonymized_NER,CQ,False
813,Anonymized_NER,PQ,True
813,Anonymized_NER,CQ,False
813,Anonymized_gpt-4o,CQ,True
813,Anonymized_gpt-4o,PQ,False
813,Anonymized_NER,CQ,False
813,Anonymized_NER,PQ,False
813,Anonymized_gpt-4o,CQ,False
813,Anonymized_NER,PQ,False
813,Anonymized_NER,PQ,False
813,Anonymized_NER,PQ,False
813,Anonymized_gpt-3.5-turbo,PQ,False
813,Anonymized_NER,PQ,False
813,Anonymized_NER,CQ,True
813,Anonymized_NER,CQ,False
813,Anonymized_gpt-4o,PQ,False
813,Anonymized_NER,CQ,False
813,Anonymized_DeepSeek-V4-Pro,CQ,False
813,Anonymized_gpt-4o,PQ,False
813,Anonymized_NER,CQ,True
813,Anonymized_NER,CQ,False
813,Anonymized_NER,PQ,False
813,Anonymized_DeepSeek-V4-Pro,PQ,True
813,Anonymized_DeepSeek-V4-Pro,CQ,False
813,Anonymized_DeepSeek-V4-Pro,PQ,False
813,Anonymized_gpt-3.5-turbo,CQ,False
813,Anonymized_DeepSeek-V4-Pro,CQ,False
813,Anonymized_DeepSeek-V4-Pro,CQ,False
813,Anonymized_DeepSeek-V4-Pro,PQ,False
813,Anonymized_DeepSeek-V4-Pro,PQ,False
813,Anonymized_DeepSeek-V4-Pro,CQ,True
813,Anonymized_DeepSeek-V4-Pro,CQ,False
813,Anonymized_Llama-4-Maverick-17B-128E-Instruct-FP8,CQ,True
813,Anonymized_DeepSeek-V4-Pro,PQ,False
813,Anonymized_DeepSeek-V4-Pro,PQ,False
813,Anonymized_DeepSeek-V4-Pro,CQ,False
813,Anonymized_NER,CQ,False
813,Anonymized_gpt-4o,PQ,False
813,Anonymized_DeepSeek-V4-Pro,PQ,False
813,Anonymized_Llama-4-Maverick-17B-128E-Instruct-FP8,PQ,False
813,Anonymized_DeepSeek-V4-Pro,PQ,False
813,Anonymized_DeepSeek-V4-Pro,CQ,False
813,Anonymized_Llama-4-Maverick-17B-128E-Instruct-FP8,PQ,False
813,Anonymized_NER,CQ,False
813,Anonymized_Llama-4-Maverick-17B-128E-Instruct-FP8,PQ,False
813,Anonymized_NER,PQ,True
813,Anonymized_Llama-4-Maverick-17B-128E-Instruct-FP8,CQ,False
813,Anonymized_Llama-4-Maverick_fewshot,CQ,False
813,Anonymized_Llama-4-Maverick-17B-128E-Instruct-FP8,PQ,False
813,Anonymized_Llama-4-Maverick-17B-128E-Instruct-FP8,PQ,False
813,Anonymized_Llama-4-Maverick_fewshot,PQ,False
813,Anonymized_Llama-4-Maverick_fewshot,CQ,True
813,Anonymized_Llama-4-Maverick_fewshot,PQ,False
813,Anonymized_Llama-4-Maverick_fewshot,CQ,False
813,Anonymized_Llama-4-Maverick-17B-128E-Instruct-FP8,PQ,False
813,Anonymized_DeepSeek-V4-Pro,PQ,True
813,Anonymized_Llama-4-Maverick_fewshot,CQ,False
813,Anonymized_Llama-4-Maverick_fewshot,CQ,True
813,Anonymized_Llama-4-Maverick-17B-128E-Instruct-FP8,CQ,True
813,Anonymized_Llama-4-Maverick_fewshot,CQ,False
813,Anonymized_Llama-4-Maverick-17B-128E-Instruct-FP8,CQ,False
813,Anonymized_DeepSeek-V4-Pro,CQ,True
813,Anonymized_DeepSeek-V4-Pro,CQ,False
813,Anonymized_Llama-4-Maverick-17B-128E-Instruct-FP8,PQ,False
813,Anonymized_Llama-4-Maverick-17B-128E-Instruct-FP8,CQ,False
813,Anonymized_Llama-4-Maverick_fewshot,CQ,False
813,Anonymized_Llama-4-Maverick_fewshot,PQ,False
813,Anonymized_Llama-4-Maverick_synthetic,PQ,False
813,Anonymized_Llama-4-Maverick_synthetic,CQ,False
813,Anonymized_Llama-4-Maverick_fewshot,PQ,False
813,Anonymized_DeepSeek-V4-Pro,PQ,False
813,Anonymized_Llama-4-Maverick-17B-128E-Instruct-FP8,CQ,False
813,Anonymized_Llama-4-Maverick_synthetic,PQ,False
813,Anonymized_Llama-4-Maverick_synthetic,CQ,False
813,Anonymized_Llama-4-Maverick_fewshot,CQ,True
813,Anonymized_Llama-4-Maverick_synthetic,CQ,False
813,Anonymized_Llama-4-Maverick_fewshot,PQ,False
813,Anonymized_Llama-4-Maverick-17B-128E-Instruct-FP8,CQ,False
813,Anonymized_Llama-4-Maverick_synthetic,CQ,True
813,Anonymized_Llama-4-Maverick_fewshot,CQ,True
813,Anonymized_Llama-4-Maverick_synthetic,PQ,False
813,Anonymized_Llama-4-Maverick_fewshot,PQ,False
813,Anonymized_Llama-4-Maverick_synthetic,CQ,False
813,Anonymized_Llama-4-Maverick_synthetic,PQ,True
813,Anonymized_Llama-4-Maverick-17B-128E-Instruct-FP8,PQ,False
813,Anonymized_Llama-4-Maverick_synthetic,CQ,False
813,Anonymized_Llama-4-Maverick_synthetic,PQ,False
813,Anonymized_Llama-4-Maverick_fewshot,PQ,False
813,Anonymized_Llama-4-Maverick_synthetic,CQ,True
813,Anonymized_Llama-4-Maverick_synthetic,PQ,False
813,Anonymized_Llama-4-Maverick-17B-128E-Instruct-FP8,CQ,True
813,Anonymized_Llama-4-Maverick_fewshot,PQ,False
813,Anonymized_Llama-4-Maverick-17B-128E-Instruct-FP8,CQ,True
813,Anonymized_Llama-4-Maverick_synthetic,PQ,False
813,Anonymized_Llama-4-Maverick_synthetic,PQ,False
813,Anonymized_Llama-4-Maverick_synthetic,CQ,True
813,Anonymized_Llama-4-Maverick_synthetic,PQ,False
819,Anonymized_gpt-3.5-turbo,PQ,False
813,Anonymized_Llama-4-Maverick-17B-128E-Instruct-FP8,CQ,False
819,Anonymized_gpt-3.5-turbo,PQ,False
819,Anonymized_gpt-3.5-turbo,CQ,False
819,Anonymized_gpt-3.5-turbo,CQ,False
813,Anonymized_Llama-4-Maverick_synthetic,CQ,False
813,Anonymized_Llama-4-Maverick_fewshot,CQ,False
813,Anonymized_Llama-4-Maverick_synthetic,CQ,False
819,Anonymized_gpt-3.5-turbo,CQ,False
819,Anonymized_gpt-4o,CQ,True
819,Anonymized_gpt-3.5-turbo,CQ,True
819,Anonymized_gpt-3.5-turbo,PQ,False
813,Anonymized_Llama-4-Maverick_synthetic,PQ,True
819,Anonymized_gpt-3.5-turbo,PQ,False
813,Anonymized_Llama-4-Maverick_fewshot,PQ,False
813,Anonymized_Llama-4-Maverick-17B-128E-Instruct-FP8,PQ,False
819,Anonymized_gpt-4o,CQ,False
819,Anonymized_gpt-4o,CQ,False
819,Anonymized_gpt-4o,PQ,False
819,Anonymized_gpt-4o,PQ,False
819,Anonymized_gpt-4o,PQ,False
819,Anonymized_gpt-3.5-turbo,CQ,True
819,Anonymized_gpt-3.5-turbo,CQ,False
819,Anonymized_gpt-4o,PQ,False
819,Anonymized_gpt-3.5-turbo,CQ,False
819,Anonymized_gpt-3.5-turbo,PQ,False
819,Anonymized_gpt-3.5-turbo,CQ,False
819,Anonymized_gpt-3.5-turbo,PQ,False
819,Anonymized_gpt-4o,CQ,False
819,Anonymized_gpt-4o,PQ,False
819,Anonymized_NER,CQ,True
819,Anonymized_gpt-4o,CQ,False
819,Anonymized_gpt-4o,CQ,False
819,Anonymized_gpt-3.5-turbo,CQ,True
819,Anonymized_gpt-4o,PQ,False
819,Anonymized_NER,CQ,True
819,Anonymized_NER,CQ,False
819,Anonymized_NER,CQ,False
819,Anonymized_gpt-3.5-turbo,CQ,False
819,Anonymized_NER,PQ,False
813,Anonymized_Llama-4-Maverick_fewshot,PQ,False
819,Anonymized_gpt-3.5-turbo,PQ,False
819,Anonymized_gpt-4o,PQ,False
819,Anonymized_gpt-4o,PQ,False
819,Anonymized_gpt-4o,CQ,False
819,Anonymized_NER,PQ,False
819,Anonymized_NER,PQ,False
819,Anonymized_NER,CQ,False
819,Anonymized_gpt-4o,PQ,False
819,Anonymized_NER,PQ,False
819,Anonymized_gpt-4o,PQ,False
819,Anonymized_gpt-3.5-turbo,PQ,False
819,Anonymized_gpt-3.5-turbo,PQ,False
819,Anonymized_NER,CQ,True
819,Anonymized_NER,CQ,False
819,Anonymized_DeepSeek-V4-Pro,CQ,False
819,Anonymized_NER,PQ,False
819,Anonymized_DeepSeek-V4-Pro,PQ,False
819,Anonymized_DeepSeek-V4-Pro,CQ,False
819,Anonymized_DeepSeek-V4-Pro,PQ,False
819,Anonymized_NER,PQ,False
819,Anonymized_DeepSeek-V4-Pro,CQ,True
819,Anonymized_NER,PQ,False
819,Anonymized_DeepSeek-V4-Pro,CQ,False
819,Anonymized_gpt-4o,CQ,True
819,Anonymized_DeepSeek-V4-Pro,CQ,False
819,Anonymized_DeepSeek-V4-Pro,PQ,False
819,Anonymized_NER,PQ,False
819,Anonymized_Llama-4-Maverick-17B-128E-Instruct-FP8,CQ,False
819,Anonymized_NER,CQ,False
819,Anonymized_Llama-4-Maverick-17B-128E-Instruct-FP8,PQ,False
819,Anonymized_DeepSeek-V4-Pro,PQ,False
819,Anonymized_Llama-4-Maverick-17B-128E-Instruct-FP8,PQ,False
819,Anonymized_Llama-4-Maverick-17B-128E-Instruct-FP8,PQ,False
819,Anonymized_DeepSeek-V4-Pro,PQ,True
819,Anonymized_DeepSeek-V4-Pro,CQ,False
819,Anonymized_DeepSeek-V4-Pro,CQ,True
819,Anonymized_Llama-4-Maverick-17B-128E-Instruct-FP8,PQ,False
819,Anonymized_Llama-4-Maverick-17B-128E-Instruct-FP8,CQ,False
819,Anonymized_gpt-4o,CQ,True
819,Anonymized_DeepSeek-V4-Pro,CQ,True
819,Anonymized_DeepSeek-V4-Pro,CQ,False
819,Anonymized_NER,CQ,False
819,Anonymized_Llama-4-Maverick-17B-128E-Instruct-FP8,CQ,False
819,Anonymized_DeepSeek-V4-Pro,PQ,False
819,Anonymized_Llama-4-Maverick-17B-128E-Instruct-FP8,CQ,False
819,Anonymized_Llama-4-Maverick-17B-128E-Instruct-FP8,PQ,False
819,Anonymized_Llama-4-Maverick-17B-128E-Instruct-FP8,CQ,True
819,Anonymized_DeepSeek-V4-Pro,PQ,False
819,Anonymized_gpt-4o,CQ,False
819,Anonymized_Llama-4-Maverick-17B-128E-Instruct-FP8,CQ,False
819,Anonymized_Llama-4-Maverick_fewshot,PQ,False
819,Anonymized_DeepSeek-V4-Pro,PQ,False
819,Anonymized_DeepSeek-V4-Pro,PQ,False
819,Anonymized_Llama-4-Maverick-17B-128E-Instruct-FP8,CQ,True
819,Anonymized_NER,CQ,False
819,Anonymized_Llama-4-Maverick-17B-128E-Instruct-FP8,PQ,False
819,Anonymized_Llama-4-Maverick_fewshot,CQ,True
819,Anonymized_Llama-4-Maverick-17B-128E-Instruct-FP8,PQ,False
819,Anonymized_Llama-4-Maverick-17B-128E-Instruct-FP8,PQ,False
819,Anonymized_DeepSeek-V4-Pro,PQ,False
819,Anonymized_Llama-4-Maverick_fewshot,PQ,False
819,Anonymized_Llama-4-Maverick_fewshot,PQ,False
819,Anonymized_Llama-4-Maverick_fewshot,PQ,False
819,Anonymized_Llama-4-Maverick_fewshot,CQ,True
819,Anonymized_Llama-4-Maverick_fewshot,CQ,False
819,Anonymized_DeepSeek-V4-Pro,CQ,False
819,Anonymized_Llama-4-Maverick_fewshot,CQ,False
819,Anonymized_Llama-4-Maverick_fewshot,PQ,False
819,Anonymized_Llama-4-Maverick_synthetic,PQ,False
819,Anonymized_Llama-4-Maverick_fewshot,PQ,False
819,Anonymized_Llama-4-Maverick_fewshot,CQ,True
819,Anonymized_Llama-4-Maverick-17B-128E-Instruct-FP8,CQ,True
819,Anonymized_Llama-4-Maverick_fewshot,CQ,False
819,Anonymized_Llama-4-Maverick-17B-128E-Instruct-FP8,CQ,False
819,Anonymized_NER,PQ,False
819,Anonymized_Llama-4-Maverick_fewshot,CQ,False
819,Anonymized_Llama-4-Maverick_fewshot,PQ,False
819,Anonymized_gpt-3.5-turbo,PQ,False
819,Anonymized_Llama-4-Maverick_synthetic,CQ,False
819,Anonymized_Llama-4-Maverick_synthetic,PQ,False
819,Anonymized_Llama-4-Maverick-17B-128E-Instruct-FP8,PQ,False
819,Anonymized_Llama-4-Maverick_synthetic,PQ,False
819,Anonymized_Llama-4-Maverick_synthetic,CQ,False
819,Anonymized_Llama-4-Maverick_fewshot,PQ,True
819,Anonymized_NER,PQ,False
819,Anonymized_Llama-4-Maverick_synthetic,PQ,False
819,Anonymized_Llama-4-Maverick_fewshot,PQ,False
819,Anonymized_Llama-4-Maverick_synthetic,CQ,True
819,Anonymized_Llama-4-Maverick_synthetic,PQ,False
819,Anonymized_Llama-4-Maverick_synthetic,CQ,False
819,Anonymized_Llama-4-Maverick_synthetic,PQ,False
819,Anonymized_Llama-4-Maverick_synthetic,CQ,True
819,Anonymized_Llama-4-Maverick_synthetic,PQ,True
819,Anonymized_Llama-4-Maverick_synthetic,CQ,False
819,Anonymized_Llama-4-Maverick_synthetic,CQ,True
878,Anonymized_gpt-3.5-turbo,PQ,False
819,Anonymized_Llama-4-Maverick-17B-128E-Instruct-FP8,CQ,False
878,Anonymized_gpt-3.5-turbo,CQ,True
819,Anonymized_Llama-4-Maverick_synthetic,PQ,False
819,Anonymized_Llama-4-Maverick_fewshot,CQ,False
819,Anonymized_Llama-4-Maverick_fewshot,PQ,False
878,Anonymized_gpt-3.5-turbo,PQ,False
878,Anonymized_gpt-3.5-turbo,PQ,False
878,Anonymized_gpt-3.5-turbo,CQ,True
819,Anonymized_Llama-4-Maverick_synthetic,PQ,False
878,Anonymized_gpt-3.5-turbo,CQ,False
819,Anonymized_Llama-4-Maverick_synthetic,PQ,False
819,Anonymized_Llama-4-Maverick_synthetic,CQ,False
878,Anonymized_gpt-3.5-turbo,CQ,False
878,Anonymized_gpt-3.5-turbo,CQ,True
819,Anonymized_Llama-4-Maverick_fewshot,CQ,False
819,Anonymized_Llama-4-Maverick-17B-128E-Instruct-FP8,PQ,False
878,Anonymized_gpt-3.5-turbo,PQ,False
878,Anonymized_gpt-4o,PQ,True
878,Anonymized_gpt-3.5-turbo,PQ,False
878,Anonymized_gpt-4o,PQ,False
878,Anonymized_gpt-4o,CQ,True
878,Anonymized_gpt-3.5-turbo,PQ,False
878,Anonymized_gpt-4o,CQ,True
878,Anonymized_gpt-4o,PQ,False
878,Anonymized_gpt-4o,CQ,False
878,Anonymized_gpt-3.5-turbo,CQ,True
878,Anonymized_gpt-4o,PQ,False
878,Anonymized_gpt-4o,CQ,False
878,Anonymized_gpt-3.5-turbo,PQ,False
819,Anonymized_Llama-4-Maverick_synthetic,CQ,False
878,Anonymized_NER,PQ,False
878,Anonymized_NER,PQ,True
878,Anonymized_gpt-3.5-turbo,CQ,False
878,Anonymized_gpt-3.5-turbo,CQ,False
878,Anonymized_gpt-4o,PQ,False
878,Anonymized_NER,PQ,False
878,Anonymized_NER,PQ,False
878,Anonymized_gpt-3.5-turbo,PQ,False
878,Anonymized_gpt-4o,CQ,True
878,Anonymized_NER,CQ,True
878,Anonymized_gpt-4o,CQ,True
878,Anonymized_NER,PQ,False
878,Anonymized_gpt-4o,CQ,False
878,Anonymized_gpt-3.5-turbo,CQ,False
878,Anonymized_gpt-3.5-turbo,PQ,False
878,Anonymized_NER,CQ,True
819,Anonymized_Llama-4-Maverick_synthetic,CQ,False
819,Anonymized_Llama-4-Maverick_fewshot,CQ,False
878,Anonymized_gpt-4o,PQ,False
878,Anonymized_gpt-4o,CQ,True
878,Anonymized_gpt-3.5-turbo,CQ,True
878,Anonymized_gpt-3.5-turbo,PQ,True
878,Anonymized_NER,CQ,False
878,Anonymized_gpt-4o,PQ,False
878,Anonymized_NER,PQ,False
878,Anonymized_DeepSeek-V4-Pro,PQ,False
878,Anonymized_gpt-4o,PQ,False
878,Anonymized_NER,CQ,True
878,Anonymized_DeepSeek-V4-Pro,PQ,False
878,Anonymized_NER,PQ,False
878,Anonymized_NER,CQ,False
878,Anonymized_DeepSeek-V4-Pro,CQ,True
878,Anonymized_NER,CQ,True
878,Anonymized_NER,PQ,False
878,Anonymized_DeepSeek-V4-Pro,PQ,False
878,Anonymized_DeepSeek-V4-Pro,PQ,False
878,Anonymized_DeepSeek-V4-Pro,CQ,True
878,Anonymized_DeepSeek-V4-Pro,PQ,False
878,Anonymized_NER,PQ,False
878,Anonymized_Llama-4-Maverick-17B-128E-Instruct-FP8,PQ,True
878,Anonymized_DeepSeek-V4-Pro,CQ,False
878,Anonymized_gpt-4o,CQ,False
878,Anonymized_Llama-4-Maverick-17B-128E-Instruct-FP8,PQ,False
878,Anonymized_DeepSeek-V4-Pro,CQ,True
878,Anonymized_NER,CQ,True
878,Anonymized_NER,CQ,False
878,Anonymized_Llama-4-Maverick-17B-128E-Instruct-FP8,PQ,False
878,Anonymized_Llama-4-Maverick-17B-128E-Instruct-FP8,PQ,False
878,Anonymized_Llama-4-Maverick-17B-128E-Instruct-FP8,CQ,True
878,Anonymized_Llama-4-Maverick-17B-128E-Instruct-FP8,PQ,False
878,Anonymized_DeepSeek-V4-Pro,PQ,False
878,Anonymized_Llama-4-Maverick-17B-128E-Instruct-FP8,CQ,False
878,Anonymized_Llama-4-Maverick-17B-128E-Instruct-FP8,CQ,False
878,Anonymized_Llama-4-Maverick-17B-128E-Instruct-FP8,PQ,False
878,Anonymized_DeepSeek-V4-Pro,CQ,False
878,Anonymized_Llama-4-Maverick-17B-128E-Instruct-FP8,PQ,False
878,Anonymized_Llama-4-Maverick-17B-128E-Instruct-FP8,CQ,True
878,Anonymized_Llama-4-Maverick-17B-128E-Instruct-FP8,CQ,False
878,Anonymized_DeepSeek-V4-Pro,PQ,True
878,Anonymized_NER,CQ,False
878,Anonymized_Llama-4-Maverick-17B-128E-Instruct-FP8,PQ,False
878,Anonymized_Llama-4-Maverick-17B-128E-Instruct-FP8,PQ,False
878,Anonymized_NER,CQ,False
878,Anonymized_Llama-4-Maverick-17B-128E-Instruct-FP8,CQ,True
878,Anonymized_DeepSeek-V4-Pro,PQ,False
878,Anonymized_Llama-4-Maverick_fewshot,PQ,True
878,Anonymized_Llama-4-Maverick-17B-128E-Instruct-FP8,CQ,False
878,Anonymized_DeepSeek-V4-Pro,CQ,False
878,Anonymized_Llama-4-Maverick_fewshot,CQ,True
878,Anonymized_NER,PQ,False
878,Anonymized_gpt-4o,CQ,False
878,Anonymized_Llama-4-Maverick_fewshot,CQ,False
878,Anonymized_DeepSeek-V4-Pro,CQ,True
878,Anonymized_DeepSeek-V4-Pro,CQ,True
878,Anonymized_Llama-4-Maverick_fewshot,CQ,False
878,Anonymized_DeepSeek-V4-Pro,CQ,False
878,Anonymized_gpt-4o,PQ,False
878,Anonymized_DeepSeek-V4-Pro,CQ,False
878,Anonymized_Llama-4-Maverick_fewshot,PQ,False
878,Anonymized_DeepSeek-V4-Pro,PQ,False
878,Anonymized_Llama-4-Maverick_synthetic,PQ,False
878,Anonymized_gpt-4o,PQ,False
878,Anonymized_Llama-4-Maverick_synthetic,PQ,False
878,Anonymized_Llama-4-Maverick-17B-128E-Instruct-FP8,CQ,True
878,Anonymized_Llama-4-Maverick_fewshot,PQ,False
878,Anonymized_Llama-4-Maverick_fewshot,CQ,False
878,Anonymized_Llama-4-Maverick_synthetic,CQ,True
878,Anonymized_Llama-4-Maverick_fewshot,CQ,True
878,Anonymized_Llama-4-Maverick-17B-128E-Instruct-FP8,CQ,True
878,Anonymized_Llama-4-Maverick_synthetic,PQ,False
878,Anonymized_Llama-4-Maverick-17B-128E-Instruct-FP8,CQ,False
878,Anonymized_Llama-4-Maverick_fewshot,PQ,False
878,Anonymized_Llama-4-Maverick_fewshot,PQ,False
878,Anonymized_Llama-4-Maverick_synthetic,PQ,True
878,Anonymized_Llama-4-Maverick_synthetic,CQ,True
878,Anonymized_Llama-4-Maverick_synthetic,PQ,False
878,Anonymized_Llama-4-Maverick_fewshot,CQ,False
878,Anonymized_Llama-4-Maverick_fewshot,CQ,True
878,Anonymized_Llama-4-Maverick_synthetic,CQ,True
878,Anonymized_Llama-4-Maverick_fewshot,PQ,False
878,Anonymized_Llama-4-Maverick_synthetic,PQ,False
878,Anonymized_DeepSeek-V4-Pro,PQ,False
878,Anonymized_Llama-4-Maverick_synthetic,CQ,True
878,Anonymized_Llama-4-Maverick-17B-128E-Instruct-FP8,PQ,False
878,Anonymized_Llama-4-Maverick_synthetic,CQ,False
878,Anonymized_Llama-4-Maverick_fewshot,CQ,True
878,Anonymized_Llama-4-Maverick_synthetic,PQ,False
878,Anonymized_Llama-4-Maverick_fewshot,PQ,False
878,Anonymized_Llama-4-Maverick_fewshot,CQ,True
878,Anonymized_Llama-4-Maverick_synthetic,CQ,True
878,Anonymized_Llama-4-Maverick_synthetic,CQ,False
878,Anonymized_Llama-4-Maverick_synthetic,PQ,False
878,Anonymized_Llama-4-Maverick_fewshot,PQ,False
878,Anonymized_Llama-4-Maverick_fewshot,PQ,False
878,Anonymized_Llama-4-Maverick_synthetic,CQ,False
878,Anonymized_Llama-4-Maverick_synthetic,PQ,False
878,Anonymized_Llama-4-Maverick_synthetic,CQ,False
878,Anonymized_Llama-4-Maverick_synthetic,PQ,False
878,Anonymized_Llama-4-Maverick_fewshot,PQ,False
878,Anonymized_Llama-4-Maverick_synthetic,CQ,False
878,Anonymized_Llama-4-Maverick_fewshot,CQ,False
